150.98,-83.85,9.49,0.59,0.27,-0.05,-0.02,0,0.77,-1.01,9.77,0,0,0.01
150.98,-83.85,9.49,0.59,0.27,-0.05,-0.02,0,0.77,-1.01,9.77,0,0,0.01
151,-83.85,9.49,0.6,0.27,-0.05,-0.02,0,0.77,-1.01,9.77,0,0,0.01
151.01,-83.86,9.49,0.59,0.28,-0.05,-0.02,0,0.77,-1.02,9.76,0,0,0.01
151.03,-83.86,9.49,0.59,0.28,-0.05,-0.02,0,0.78,-1.01,9.77,0,0,0.01
151.04,-83.85,9.48,0.59,0.29,-0.05,-0.02,0,0.77,-1.01,9.77,0,0,0.01
151.05,-83.85,9.49,0.59,0.28,-0.05,-0.02,0,0.77,-1.01,9.77,0,0,0.01
151.06,-83.85,9.49,0.59,0.3,-0.05,-0.02,0,0.77,-1.01,9.77,0,0,0.01
151.07,-83.84,9.49,0.6,0.3,-0.05,-0.02,0,0.76,-1.01,9.77,0,0,0.01
151.09,-83.84,9.48,0.59,0.3,-0.05,-0.02,0,0.75,-1.01,9.76,0,0,0.01
151.12,-83.83,9.48,0.6,0.31,-0.05,-0.02,0,0.75,-1,9.77,0,0,0.01
151.13,-83.83,9.48,0.61,0.31,-0.05,-0.02,0,0.75,-1,9.77,0,0,0.01
151.14,-83.83,9.48,0.61,0.3,-0.05,-0.02,0,0.77,-1,9.77,0,0,0.01
151.16,-83.82,9.48,0.61,0.3,-0.05,-0.02,0,0.76,-0.99,9.77,0,0,0.01
151.17,-83.82,9.48,0.62,0.29,-0.05,-0.02,0,0.76,-0.99,9.77,0,0,0.01
151.19,-83.82,9.49,0.62,0.3,-0.05,-0.02,0,0.76,-0.99,9.76,0,0,0.01
151.2,-83.83,9.48,0.63,0.29,-0.05,-0.02,0,0.76,-0.98,9.77,0,0,0.02
151.22,-83.83,9.48,0.62,0.29,-0.05,-0.02,0,0.76,-0.99,9.78,0,0,0.02
151.24,-83.83,9.48,0.61,0.29,-0.05,-0.02,0,0.76,-1,9.77,0,0,0.01
151.26,-83.83,9.49,0.6,0.28,-0.05,-0.02,0,0.77,-1,9.76,0,0,0.01
151.3,-83.83,9.5,0.6,0.28,-0.05,-0.02,0,0.77,-1,9.76,0,0,0.01
151.31,-83.83,9.5,0.59,0.29,-0.05,-0.02,0,0.77,-0.99,9.77,0,0,0.01
151.32,-83.83,9.5,0.59,0.28,-0.05,-0.02,0,0.77,-0.99,9.76,0,0,0.01
151.33,-83.83,9.5,0.59,0.28,-0.05,-0.02,0,0.77,-1,9.76,0,0,0.01
151.35,-83.83,9.5,0.59,0.28,-0.05,-0.02,0,0.77,-1.01,9.76,0,0,0.01
151.36,-83.83,9.49,0.59,0.27,-0.05,-0.02,0,0.77,-1.01,9.76,0,0,0.01
151.38,-83.83,9.49,0.59,0.28,-0.05,-0.02,-0.01,0.77,-1,9.75,0,0,0.01
151.4,-83.83,9.48,0.59,0.28,-0.05,-0.02,-0.01,0.77,-1,9.76,0,0,0.01
151.41,-83.84,9.48,0.61,0.28,-0.05,-0.02,0,0.76,-1,9.76,0,0,0.01
151.43,-83.84,9.48,0.61,0.29,-0.04,-0.02,0,0.75,-1,9.76,0,0,0.02
151.45,-83.85,9.49,0.61,0.29,-0.05,-0.02,0,0.75,-1,9.77,0,0,0.02
151.46,-83.86,9.5,0.62,0.28,-0.05,-0.02,0,0.75,-0.99,9.77,0,0,0.02
151.48,-83.86,9.5,0.62,0.29,-0.05,-0.02,0,0.74,-0.99,9.77,0,0,0.02
151.49,-83.87,9.5,0.62,0.29,-0.05,-0.02,0,0.75,-0.98,9.77,0,0,0.02
151.5,-83.87,9.49,0.63,0.29,-0.05,-0.02,0,0.76,-0.97,9.77,0,0,0.02
151.52,-83.87,9.48,0.63,0.29,-0.05,-0.02,0,0.75,-0.98,9.77,0,0,0.02
151.53,-83.87,9.47,0.62,0.28,-0.05,-0.02,0,0.74,-0.98,9.78,0,0,0.02
151.54,-83.88,9.48,0.62,0.29,-0.05,-0.02,0,0.75,-0.98,9.78,0,0,0.01
151.56,-83.88,9.49,0.61,0.28,-0.05,-0.02,0,0.75,-1,9.77,0,0,0.01
151.58,-83.88,9.49,0.61,0.28,-0.05,-0.02,0,0.76,-1,9.77,0,0,0.01
151.59,-83.88,9.49,0.6,0.28,-0.05,-0.01,0,0.76,-1,9.77,0,0,0.02
151.61,-83.88,9.5,0.6,0.28,-0.05,-0.02,0,0.76,-1.01,9.77,0,0,0.01
151.62,-83.88,9.49,0.59,0.27,-0.05,-0.02,0,0.77,-1.02,9.78,0,0,0.01
151.63,-83.88,9.49,0.59,0.27,-0.05,-0.02,0,0.79,-1.02,9.79,0,0,0.01
151.64,-83.88,9.49,0.59,0.25,-0.05,-0.02,0,0.79,-1.01,9.78,0,0,0.01
151.65,-83.87,9.49,0.58,0.26,-0.05,-0.02,0,0.79,-1.01,9.78,0,0,0.01
151.67,-83.87,9.48,0.59,0.28,-0.05,-0.02,0,0.78,-1.01,9.76,0,0,0.01
151.68,-83.87,9.49,0.59,0.28,-0.05,-0.02,0,0.77,-1.01,9.76,0,0,0.01
151.71,-83.88,9.49,0.59,0.29,-0.05,-0.02,0,0.75,-1,9.77,0,0,0.01
151.72,-83.89,9.48,0.61,0.29,-0.05,-0.02,0,0.74,-1,9.77,0,0,0.01
151.73,-83.9,9.48,0.62,0.29,-0.05,-0.02,0,0.74,-0.99,9.78,0,0,0.02
151.75,-83.9,9.49,0.62,0.3,-0.05,-0.02,0,0.74,-0.98,9.78,0,0,0.02
151.76,-83.9,9.49,0.62,0.29,-0.05,-0.02,0,0.74,-0.99,9.77,0,0,0.01
151.79,-83.9,9.48,0.63,0.29,-0.05,-0.02,0,0.75,-0.99,9.78,0,0,0.01
151.81,-83.9,9.5,0.63,0.29,-0.05,-0.01,0,0.75,-1,9.78,0,0,0.01
151.82,-83.9,9.5,0.62,0.29,-0.05,-0.01,0,0.75,-1,9.78,0,0,0.01
151.83,-83.9,9.5,0.62,0.28,-0.05,-0.01,0,0.76,-1,9.78,0,0,0.02
151.84,-83.89,9.49,0.61,0.29,-0.05,-0.01,0,0.77,-1.01,9.77,0,0,0.01
151.87,-83.88,9.47,0.6,0.29,-0.05,-0.01,0,0.77,-1.02,9.77,0,0,0.01
151.88,-83.87,9.48,0.59,0.29,-0.05,-0.01,0,0.77,-1.02,9.77,0,0,0.01
151.9,-83.86,9.48,0.59,0.29,-0.05,-0.01,0,0.77,-1.02,9.77,0,0,0.02
151.92,-83.85,9.49,0.6,0.28,-0.05,-0.01,0,0.78,-1.02,9.78,0,0,0.02
151.93,-83.85,9.5,0.6,0.28,-0.05,-0.01,0,0.78,-1.02,9.78,0,0,0.02
151.94,-83.84,9.5,0.6,0.28,-0.05,-0.01,0,0.79,-1.02,9.78,0,0,0.01
151.95,-83.84,9.49,0.6,0.28,-0.05,-0.01,0,0.78,-1.01,9.78,0,0,0.01
151.96,-83.83,9.49,0.6,0.29,-0.05,-0.01,-0.01,0.78,-1,9.77,0,0,0.01
151.99,-83.82,9.48,0.6,0.3,-0.05,-0.02,-0.01,0.78,-1,9.77,0,0,0.01
152,-83.81,9.48,0.59,0.29,-0.04,-0.02,-0.01,0.78,-1,9.77,0,0,0.01
152,-83.81,9.48,0.59,0.29,-0.04,-0.02,-0.01,0.77,-1,9.78,0,0,0.01
152.02,-83.81,9.49,0.6,0.3,-0.04,-0.02,-0.01,0.77,-0.99,9.78,0,0,0.02
152.03,-83.81,9.49,0.61,0.3,-0.04,-0.02,-0.01,0.76,-0.99,9.78,0,0,0.01
152.04,-83.81,9.49,0.62,0.29,-0.04,-0.02,-0.01,0.76,-0.99,9.76,0,0,0.01
152.05,-83.82,9.48,0.63,0.29,-0.04,-0.02,0,0.75,-0.99,9.77,0,0,0.01
152.06,-83.82,9.47,0.63,0.3,-0.05,-0.02,0,0.74,-1,9.77,0,0,0.01
152.08,-83.83,9.47,0.63,0.31,-0.05,-0.02,0,0.74,-0.99,9.76,0,0,0.01
152.1,-83.84,9.47,0.62,0.29,-0.05,-0.02,0,0.74,-1,9.77,0,0,0.01
152.11,-83.85,9.48,0.63,0.29,-0.05,-0.01,0,0.75,-1,9.77,0,0,0.01
152.14,-83.85,9.48,0.62,0.29,-0.05,-0.01,0,0.74,-0.99,9.78,0,0,0.01
152.15,-83.85,9.49,0.62,0.28,-0.05,-0.01,0,0.75,-1,9.77,0,0,0.01
152.16,-83.86,9.49,0.62,0.28,-0.05,-0.01,0,0.75,-1,9.77,0,0,0.01
152.17,-83.86,9.48,0.61,0.28,-0.05,-0.01,0,0.76,-1.01,9.78,0,0,0.01
152.19,-83.86,9.47,0.61,0.28,-0.05,-0.01,0,0.76,-1,9.78,0,0,0.02
152.2,-83.86,9.49,0.6,0.27,-0.05,-0.01,0,0.77,-1,9.78,0,0,0.02
152.22,-83.86,9.49,0.59,0.28,-0.05,-0.01,0,0.78,-1,9.79,0,0,0.02
152.24,-83.85,9.49,0.59,0.28,-0.05,-0.01,0,0.77,-1,9.78,0,0,0.02
152.25,-83.86,9.49,0.59,0.27,-0.05,-0.01,0,0.77,-1.01,9.78,0,0,0.02
152.27,-83.86,9.5,0.59,0.28,-0.05,-0.02,0,0.77,-1.01,9.78,0,0,0.01
152.28,-83.86,9.49,0.59,0.29,-0.05,-0.02,0,0.76,-1.01,9.78,0,0,0.02
152.3,-83.86,9.49,0.59,0.29,-0.05,-0.02,0,0.76,-1,9.77,0,0,0.01
152.31,-83.86,9.48,0.59,0.3,-0.05,-0.02,0,0.75,-1.01,9.78,0,0,0.01
152.33,-83.86,9.49,0.6,0.3,-0.05,-0.02,0,0.75,-1,9.78,0,0,0.01
152.34,-83.87,9.49,0.61,0.29,-0.05,-0.02,0,0.75,-0.99,9.77,0,0,0.01
152.35,-83.87,9.49,0.61,0.29,-0.04,-0.02,0,0.76,-0.99,9.77,0,0,0.02
152.36,-83.87,9.49,0.62,0.3,-0.05,-0.02,0,0.75,-0.99,9.76,0,0,0.02
152.37,-83.87,9.49,0.62,0.3,-0.05,-0.02,0,0.74,-0.99,9.77,0,0,0.02
152.39,-83.86,9.49,0.62,0.31,-0.05,-0.02,0,0.76,-0.98,9.77,0,0,0.02
152.4,-83.86,9.49,0.62,0.3,-0.05,-0.02,0,0.76,-0.98,9.77,0,0,0.02
152.42,-83.86,9.49,0.63,0.3,-0.05,-0.02,0,0.75,-0.99,9.76,0,0,0.02
152.43,-83.86,9.49,0.63,0.3,-0.05,-0.02,0,0.76,-0.99,9.76,0,0,0.01
152.44,-83.86,9.48,0.63,0.31,-0.05,-0.02,0,0.75,-0.99,9.76,0,0,0.01
152.46,-83.86,9.48,0.63,0.31,-0.05,-0.02,0,0.75,-1,9.76,0,0,0.01
152.46,-83.86,9.49,0.62,0.3,-0.05,-0.02,0,0.74,-1,9.77,0,0,0.02
152.49,-83.86,9.49,0.62,0.31,-0.05,-0.02,0,0.74,-1.01,9.76,0,0,0.02
152.5,-83.85,9.49,0.62,0.3,-0.05,-0.02,0,0.75,-1,9.76,0,0,0.02
152.51,-83.85,9.49,0.61,0.31,-0.05,-0.01,0,0.75,-1,9.76,0,0,0.02
152.52,-83.85,9.49,0.61,0.31,-0.05,-0.02,0,0.77,-1,9.77,0,0,0.01
152.53,-83.84,9.49,0.61,0.3,-0.05,-0.02,0,0.76,-1.01,9.77,0,0,0.01
152.55,-83.83,9.49,0.6,0.28,-0.05,-0.02,0,0.76,-1.01,9.77,0,0,0.01
152.57,-83.83,9.49,0.6,0.28,-0.05,-0.02,0,0.76,-1.01,9.77,0,0,0.01
152.58,-83.83,9.5,0.6,0.28,-0.05,-0.02,0,0.77,-1.01,9.78,0,0,0.02
152.59,-83.83,9.5,0.6,0.28,-0.05,-0.02,0,0.77,-1,9.78,0,0,0.02
152.6,-83.84,9.49,0.6,0.28,-0.05,-0.02,0,0.77,-1,9.77,0,0,0.02
152.62,-83.83,9.49,0.6,0.28,-0.05,-0.02,0,0.78,-1,9.76,0,0,0.01
152.63,-83.83,9.49,0.6,0.28,-0.05,-0.02,0,0.77,-1.01,9.77,0,0,0.01
152.64,-83.84,9.48,0.61,0.29,-0.05,-0.02,0,0.76,-1.01,9.77,0,0,0.01
152.65,-83.84,9.48,0.61,0.29,-0.05,-0.02,0,0.76,-1,9.77,0,0,0.01
152.67,-83.84,9.48,0.61,0.3,-0.05,-0.02,0,0.76,-0.99,9.78,0,0,0.01
152.69,-83.83,9.48,0.62,0.31,-0.05,-0.02,0,0.76,-1,9.76,0,0,0.01
152.7,-83.83,9.48,0.62,0.3,-0.05,-0.02,0,0.76,-0.99,9.76,0,0,0.01
152.72,-83.83,9.49,0.62,0.3,-0.05,-0.02,0,0.76,-0.99,9.75,0,0,0.01
152.73,-83.82,9.47,0.62,0.31,-0.05,-0.02,0,0.75,-1,9.76,0,0,0.01
152.75,-83.82,9.48,0.62,0.33,-0.05,-0.02,0,0.75,-1,9.76,0,0,0.01
152.76,-83.81,9.49,0.61,0.32,-0.05,-0.02,0,0.75,-1,9.77,0,0,0.01
152.77,-83.81,9.49,0.62,0.32,-0.05,-0.02,0,0.75,-1,9.78,0,0,0.02
152.79,-83.8,9.49,0.62,0.31,-0.05,-0.02,0,0.75,-1.01,9.78,0,0,0.02
152.8,-83.8,9.49,0.61,0.31,-0.05,-0.02,0,0.76,-1,9.78,0,0,0.02
152.82,-83.8,9.49,0.61,0.29,-0.05,-0.02,0,0.76,-1,9.77,0,0,0.02
152.83,-83.8,9.48,0.61,0.29,-0.05,-0.02,0,0.76,-1,9.77,0,0,0.01
152.84,-83.8,9.48,0.61,0.29,-0.05,-0.02,0,0.77,-0.99,9.77,0,0,0.01
152.85,-83.81,9.49,0.6,0.28,-0.05,-0.02,0,0.76,-1,9.77,0,0,0.01
152.87,-83.83,9.5,0.61,0.27,-0.05,-0.02,0,0.76,-1,9.77,0,0,0.01
152.89,-83.84,9.5,0.61,0.29,-0.05,-0.02,0,0.75,-1,9.77,0,0,0.01
152.91,-83.84,9.5,0.6,0.29,-0.05,-0.02,0,0.76,-1,9.77,0,0,0.01
152.92,-83.84,9.49,0.59,0.29,-0.05,-0.02,0,0.78,-1,9.77,0,0,0.02
152.94,-83.83,9.48,0.59,0.29,-0.05,-0.02,0,0.78,-1,9.77,0,0,0.01
152.96,-83.83,9.48,0.59,0.29,-0.05,-0.02,0,0.78,-1,9.78,0,0,0.01
152.97,-83.82,9.49,0.59,0.3,-0.05,-0.02,0,0.77,-1,9.76,0,0,0.01
152.98,-83.82,9.49,0.59,0.3,-0.05,-0.02,0,0.76,-1,9.76,0,0,0.02
153,-83.83,9.49,0.61,0.31,-0.05,-0.02,0,0.74,-1,9.77,0,0,0.02
153.03,-83.83,9.49,0.62,0.3,-0.05,-0.02,0,0.76,-1,9.78,0,0,0.01
153.04,-83.83,9.49,0.62,0.31,-0.05,-0.02,0,0.76,-0.99,9.79,0,0,0.02
153.06,-83.82,9.49,0.62,0.3,-0.05,-0.02,0,0.76,-0.99,9.77,0,0,0.01
153.08,-83.82,9.49,0.62,0.3,-0.05,-0.02,0,0.75,-0.99,9.77,0,0,0.01
153.09,-83.82,9.48,0.62,0.3,-0.05,-0.02,0,0.75,-0.99,9.76,0,0,0.01
153.11,-83.82,9.48,0.61,0.3,-0.05,-0.02,0,0.75,-0.98,9.77,0,0,0.01
153.14,-83.82,9.49,0.61,0.31,-0.05,-0.02,0,0.76,-0.99,9.76,0,0,0.02
153.15,-83.81,9.49,0.61,0.31,-0.05,-0.02,0,0.75,-0.99,9.76,0,0,0.02
153.17,-83.81,9.49,0.61,0.3,-0.05,-0.02,0,0.75,-1,9.76,0,0,0.02
153.18,-83.81,9.49,0.61,0.29,-0.05,-0.02,0,0.75,-1.01,9.76,0,0,0.02
153.19,-83.81,9.49,0.59,0.3,-0.05,-0.02,0,0.76,-1.01,9.75,0,0,0.01
153.2,-83.81,9.49,0.61,0.3,-0.05,-0.02,0,0.77,-1.01,9.76,0,0,0.02
153.22,-83.81,9.49,0.61,0.29,-0.05,-0.02,0,0.77,-1.01,9.77,0,0,0.02
153.24,-83.81,9.48,0.6,0.28,-0.05,-0.02,0,0.77,-1,9.78,0,0,0.02
153.25,-83.81,9.49,0.6,0.29,-0.05,-0.02,0,0.77,-1,9.78,0,0,0.02
153.26,-83.8,9.49,0.59,0.29,-0.05,-0.02,0,0.78,-1,9.78,0,0,0.02
153.28,-83.8,9.49,0.59,0.29,-0.05,-0.02,0,0.77,-1.01,9.78,0,0,0.02
153.29,-83.8,9.48,0.6,0.29,-0.05,-0.02,0,0.77,-1.01,9.78,0,0,0.01
153.3,-83.8,9.48,0.6,0.28,-0.05,-0.02,0,0.77,-1,9.78,0,0,0.01
153.31,-83.81,9.48,0.6,0.29,-0.05,-0.02,0,0.76,-1.01,9.78,0,0,0.01
153.34,-83.81,9.48,0.6,0.29,-0.05,-0.02,0,0.76,-1.01,9.78,0,0,0.02
153.35,-83.82,9.48,0.61,0.29,-0.04,-0.02,0,0.76,-1,9.78,0,0,0.02
153.37,-83.82,9.48,0.61,0.29,-0.05,-0.02,0,0.76,-1,9.77,0,0,0.01
153.38,-83.82,9.47,0.62,0.29,-0.05,-0.02,0,0.76,-1,9.77,0,0,0.01
153.39,-83.82,9.47,0.61,0.29,-0.04,-0.02,0,0.75,-1,9.78,0,0,0.02
153.4,-83.83,9.47,0.61,0.3,-0.04,-0.02,0,0.75,-0.99,9.77,0,0,0.01
153.41,-83.83,9.48,0.61,0.31,-0.05,-0.02,0,0.75,-0.99,9.77,0,0,0.02
153.42,-83.83,9.48,0.62,0.31,-0.05,-0.02,0,0.75,-0.99,9.77,0,0,0.02
153.44,-83.83,9.48,0.62,0.3,-0.05,-0.02,0,0.75,-0.99,9.77,0,0,0.02
153.45,-83.83,9.48,0.62,0.3,-0.05,-0.02,0,0.76,-1,9.77,0,0,0.01
153.46,-83.83,9.47,0.63,0.3,-0.05,-0.02,0,0.75,-1.01,9.77,0,0,0.01
153.48,-83.83,9.48,0.61,0.29,-0.05,-0.02,0,0.77,-1,9.77,0,0,0.02
153.51,-83.83,9.48,0.6,0.25,-0.05,-0.02,0,0.8,-1,9.77,0,0,0.01
153.53,-83.83,9.48,0.59,0.25,-0.04,-0.02,0,0.8,-1,9.77,0,0,0.01
153.54,-83.84,9.48,0.58,0.26,-0.04,-0.02,0,0.78,-1.02,9.76,0,0,0.01
153.56,-83.85,9.49,0.58,0.27,-0.04,-0.02,0,0.76,-1.03,9.76,0.01,0,0.01
153.57,-83.86,9.5,0.58,0.27,-0.04,-0.02,0,0.76,-1.04,9.76,0.01,0,0.02
153.58,-83.87,9.5,0.57,0.26,-0.04,-0.02,0,0.76,-1.04,9.77,0.01,0,0.02
153.6,-83.89,9.51,0.58,0.25,-0.04,-0.02,-0.01,0.78,-1.02,9.79,0.01,0,0.02
153.62,-83.9,9.49,0.58,0.25,-0.04,-0.02,-0.01,0.8,-1.02,9.78,0.01,0,0.01
153.64,-83.91,9.48,0.58,0.26,-0.04,-0.03,-0.01,0.78,-1.01,9.78,0.02,0.01,0.01
153.65,-83.92,9.48,0.59,0.28,-0.04,-0.03,-0.01,0.76,-1.01,9.77,0.02,0.01,0.01
153.66,-83.93,9.47,0.6,0.28,-0.04,-0.03,-0.01,0.74,-1,9.77,0.02,0.01,0.01
153.67,-83.95,9.48,0.63,0.32,-0.04,-0.03,-0.01,0.71,-1,9.77,0.02,0,0.01
153.7,-83.96,9.49,0.64,0.31,-0.04,-0.03,-0.01,0.69,-0.98,9.77,0.01,0.01,0.01
153.71,-83.97,9.51,0.68,0.37,-0.04,-0.02,-0.01,0.66,-0.97,9.77,0.01,0,0.01
153.73,-83.97,9.5,0.7,0.38,-0.05,-0.02,-0.01,0.64,-0.95,9.77,0.01,0,0.01
153.74,-83.98,9.47,0.73,0.36,-0.05,-0.02,0,0.66,-0.9,9.78,0.01,0,0.02
153.77,-83.99,9.46,0.75,0.35,-0.05,-0.01,0,0.66,-0.85,9.77,0,0,0.02
153.78,-83.99,9.47,0.75,0.36,-0.05,-0.01,0,0.66,-0.87,9.76,0,-0.01,0.02
153.8,-83.97,9.5,0.73,0.37,-0.05,-0.01,0.01,0.66,-0.9,9.77,-0.01,-0.01,0.03
153.81,-83.96,9.49,0.72,0.35,-0.04,0,0.01,0.67,-0.9,9.77,-0.01,-0.01,0.03
153.82,-83.94,9.46,0.71,0.34,-0.04,0,0.01,0.7,-0.91,9.77,-0.02,-0.01,0.04
153.84,-83.92,9.44,0.69,0.32,-0.04,0,0.01,0.73,-0.93,9.77,-0.02,-0.01,0.04
153.84,-83.89,9.43,0.65,0.31,-0.04,-0.01,0.01,0.78,-0.98,9.78,-0.02,-0.01,0.04
153.87,-83.84,9.45,0.58,0.3,-0.04,-0.01,0.01,0.82,-1.03,9.77,-0.02,-0.01,0.03
153.88,-83.8,9.47,0.57,0.28,-0.03,-0.02,0.01,0.82,-1.04,9.75,-0.02,-0.01,0.03
153.9,-83.78,9.46,0.58,0.27,-0.03,-0.02,0.02,0.81,-1.04,9.73,-0.02,-0.01,0.02
153.92,-83.78,9.45,0.6,0.27,-0.03,-0.02,0.02,0.79,-1.04,9.73,-0.02,-0.01,0.02
153.93,-83.77,9.44,0.6,0.25,-0.04,-0.03,0.02,0.79,-1.04,9.76,-0.03,-0.01,0.03
153.95,-83.78,9.45,0.58,0.23,-0.04,-0.03,0.02,0.81,-1.03,9.77,-0.03,-0.01,0.03
153.96,-83.79,9.47,0.57,0.21,-0.04,-0.03,0.02,0.81,-1.03,9.77,-0.03,-0.01,0.03
153.97,-83.81,9.49,0.55,0.2,-0.03,-0.03,0.02,0.83,-1.03,9.78,-0.02,-0.01,0.03
154,-83.82,9.51,0.52,0.19,-0.03,-0.03,0.03,0.87,-1.06,9.79,-0.02,-0.01,0.02
154.01,-83.83,9.51,0.48,0.23,-0.03,-0.04,0.02,0.88,-1.09,9.78,-0.01,0,0.02
154.03,-83.82,9.52,0.48,0.22,-0.03,-0.03,0.02,0.86,-1.12,9.77,0,-0.01,0.01
154.04,-83.83,9.52,0.48,0.21,-0.03,-0.04,0.01,0.84,-1.13,9.77,0,-0.01,0
154.05,-83.84,9.53,0.48,0.22,-0.04,-0.04,0,0.81,-1.14,9.78,0,0,0
154.06,-83.87,9.51,0.46,0.23,-0.04,-0.04,0,0.79,-1.16,9.78,0,0,0
154.08,-83.91,9.52,0.44,0.24,-0.04,-0.04,0,0.77,-1.18,9.79,0,0,0
154.09,-83.95,9.51,0.43,0.25,-0.04,-0.04,0,0.77,-1.17,9.78,0.01,0.01,0.01
154.11,-83.98,9.53,0.47,0.26,-0.05,-0.04,-0.01,0.77,-1.14,9.77,0.01,0,0.01
154.13,-84,9.53,0.5,0.27,-0.05,-0.04,-0.02,0.76,-1.1,9.77,0.02,0,0
154.15,-84.02,9.52,0.53,0.26,-0.05,-0.04,-0.03,0.75,-1.07,9.77,0.02,0,0
154.16,-84.05,9.52,0.59,0.27,-0.05,-0.04,-0.04,0.74,-1.02,9.78,0.02,0,0
154.19,-84.09,9.52,0.65,0.28,-0.06,-0.04,-0.04,0.73,-0.97,9.79,0.02,0,0
154.21,-84.12,9.49,0.67,0.28,-0.05,-0.03,-0.03,0.7,-0.95,9.77,0.02,0,0
154.22,-84.14,9.47,0.67,0.3,-0.05,-0.03,-0.03,0.68,-0.94,9.75,0.02,0,0
154.24,-84.15,9.46,0.68,0.3,-0.05,-0.03,-0.03,0.68,-0.93,9.74,0.02,0,0
154.25,-84.15,9.45,0.69,0.31,-0.05,-0.03,-0.03,0.69,-0.93,9.74,0.02,-0.01,0.01
154.26,-84.16,9.45,0.7,0.29,-0.05,-0.02,-0.02,0.7,-0.92,9.74,0.01,-0.01,0.01
154.27,-84.16,9.45,0.7,0.29,-0.05,-0.02,-0.02,0.73,-0.93,9.76,0.01,-0.01,0.02
154.28,-84.15,9.46,0.7,0.24,-0.04,-0.02,-0.01,0.77,-0.92,9.78,0,-0.01,0.03
154.3,-84.15,9.46,0.7,0.22,-0.04,-0.02,-0.01,0.78,-0.93,9.78,0,-0.01,0.03
154.32,-84.15,9.46,0.69,0.2,-0.04,-0.02,0,0.81,-0.94,9.76,0,-0.01,0.03
154.34,-84.15,9.46,0.67,0.19,-0.04,-0.02,0,0.82,-0.96,9.76,-0.01,-0.01,0.03
154.35,-84.14,9.46,0.66,0.18,-0.04,-0.02,0.01,0.82,-0.96,9.75,-0.01,-0.01,0.02
154.37,-84.14,9.46,0.65,0.17,-0.03,-0.02,0.01,0.83,-0.97,9.76,-0.01,-0.01,0.02
154.38,-84.14,9.47,0.63,0.17,-0.03,-0.02,0.01,0.82,-0.99,9.75,-0.01,-0.01,0.02
154.4,-84.15,9.48,0.62,0.19,-0.03,-0.02,0.01,0.8,-1.02,9.77,-0.01,0,0.01
154.41,-84.15,9.5,0.59,0.23,-0.04,-0.02,0.01,0.76,-1.04,9.78,-0.01,0,0.01
154.43,-84.15,9.5,0.58,0.23,-0.04,-0.02,0.01,0.75,-1.06,9.79,-0.01,-0.01,0.01
154.44,-84.16,9.5,0.58,0.23,-0.04,-0.02,0.01,0.76,-1.06,9.8,-0.01,0,0.01
154.46,-84.16,9.51,0.57,0.23,-0.04,-0.02,0.01,0.75,-1.07,9.79,-0.01,0,0.01
154.47,-84.16,9.51,0.56,0.24,-0.05,-0.02,0.01,0.77,-1.08,9.78,-0.01,0,0.01
154.48,-84.16,9.51,0.54,0.23,-0.05,-0.02,0,0.78,-1.09,9.78,-0.01,0,0.01
154.5,-84.15,9.51,0.52,0.21,-0.05,-0.02,0,0.81,-1.08,9.8,0,0,0.01
154.51,-84.14,9.52,0.51,0.16,-0.06,-0.03,-0.01,0.86,-1.11,9.79,0.01,0,-0.01
154.53,-84.15,9.51,0.51,0.16,-0.06,-0.03,-0.01,0.85,-1.11,9.78,0.01,0,-0.01
154.54,-84.15,9.51,0.52,0.15,-0.06,-0.03,-0.01,0.84,-1.1,9.78,0.01,0,-0.01
154.56,-84.17,9.49,0.53,0.17,-0.06,-0.03,-0.01,0.83,-1.09,9.78,0.01,0,-0.02
154.57,-84.18,9.5,0.55,0.19,-0.06,-0.03,-0.01,0.82,-1.08,9.79,0,0.01,-0.02
154.58,-84.18,9.51,0.57,0.21,-0.06,-0.03,-0.02,0.81,-1.07,9.81,0,0.01,-0.02
154.59,-84.2,9.52,0.59,0.21,-0.06,-0.03,-0.02,0.8,-1.02,9.78,0,0.01,-0.03
154.61,-84.22,9.49,0.66,0.2,-0.06,-0.03,-0.04,0.8,-0.96,9.75,-0.01,0.01,-0.03
154.63,-84.24,9.49,0.67,0.21,-0.06,-0.03,-0.04,0.76,-0.94,9.76,0,0.01,-0.04
154.65,-84.26,9.51,0.65,0.22,-0.06,-0.02,-0.04,0.73,-0.94,9.82,-0.01,0.01,-0.04
154.66,-84.27,9.58,0.64,0.24,-0.06,-0.02,-0.04,0.74,-0.95,9.9,-0.01,0.01,-0.05
154.67,-84.28,9.65,0.66,0.26,-0.05,-0.02,-0.05,0.76,-0.97,9.95,-0.01,0.01,-0.05
154.68,-84.27,9.71,0.73,0.27,-0.05,-0.01,-0.05,0.77,-0.96,9.99,-0.01,0.02,-0.07
154.7,-84.31,9.65,0.81,0.28,-0.07,0,-0.02,0.63,-0.97,9.9,-0.01,0.04,-0.08
154.72,-84.36,9.57,0.78,0.28,-0.07,0.01,-0.01,0.58,-0.97,9.82,-0.01,0.06,-0.07
154.76,-84.53,9.48,0.55,0.25,-0.07,0.02,0.05,0.63,-1.15,9.89,-0.03,0.06,-0.07
154.77,-84.54,9.54,0.55,0.24,-0.06,0.02,0.05,0.67,-1.17,9.9,-0.02,0.06,-0.07
154.78,-84.55,9.65,0.64,0.19,-0.06,0.01,0.03,0.81,-1.14,9.93,-0.02,0.05,-0.08
154.79,-84.54,9.77,0.66,0.17,-0.07,0,0,0.89,-1.11,10.01,-0.02,0.05,-0.1
154.8,-84.54,9.8,0.65,0.17,-0.08,0,-0.01,0.9,-1.1,10.11,-0.02,0.06,-0.11
154.81,-84.55,9.81,0.63,0.17,-0.09,0,-0.02,0.86,-1.09,10.18,-0.01,0.09,-0.13
154.83,-84.7,9.82,0.63,0.16,-0.08,-0.01,-0.02,0.67,-1.09,10.22,-0.02,0.17,-0.16
154.84,-84.98,9.8,0.81,0.19,-0.06,-0.02,-0.05,0.57,-0.96,10.06,-0.03,0.24,-0.18
154.87,-85.14,9.74,0.91,0.23,-0.06,-0.02,-0.06,0.52,-0.9,9.95,-0.04,0.27,-0.19
154.88,-85.32,9.66,0.94,0.26,-0.06,0,-0.06,0.42,-0.85,9.83,-0.06,0.31,-0.2
154.9,-85.48,9.38,0.91,0.32,-0.04,0.04,-0.05,0.3,-0.81,9.72,-0.08,0.35,-0.2
154.91,-85.58,9.1,0.91,0.39,0.02,0.08,-0.01,0.16,-0.8,9.62,-0.1,0.39,-0.18
154.93,-85.65,9.01,0.93,0.44,0.05,0.12,0.02,0.04,-0.78,9.52,-0.12,0.43,-0.17
154.94,-85.95,9.03,0.92,0.46,0.05,0.15,0.03,-0.13,-0.79,9.34,-0.17,0.48,-0.12
154.96,-85.99,9.11,0.86,0.43,0.05,0.19,0.02,-0.15,-0.81,9.31,-0.18,0.49,-0.1
154.97,-86.62,9.1,0.7,0.26,0.01,0.24,-0.03,-0.21,-0.98,9.17,-0.24,0.57,-0.02
154.99,-87.13,8.99,0.54,0.22,-0.01,0.27,-0.04,-0.18,-1.04,9.11,-0.26,0.6,0.04
155,-87.7,8.86,0.39,0.19,-0.01,0.3,-0.06,-0.03,-1.07,9.04,-0.29,0.62,0.07
155.01,-88.04,8.8,0.33,0.15,0,0.33,-0.06,0.13,-1.1,9,-0.3,0.63,0.08
155.03,-88.3,8.88,0.4,0.12,0.02,0.34,-0.06,0.28,-1.18,9.01,-0.27,0.63,0.06
155.05,-88.64,9.1,0.56,0.1,0,0.37,0,0.34,-1.37,9.25,-0.22,0.61,0.05
155.06,-88.7,9.09,0.5,0.09,-0.02,0.38,0.02,0.43,-1.49,9.37,-0.21,0.59,0.04
155.07,-88.64,8.86,0.29,0.2,0.01,0.37,0.04,0.55,-1.49,9.39,-0.13,0.5,0.03
155.09,-88.56,8.98,0.26,0.32,0.08,0.34,0.04,0.46,-1.39,9.33,-0.08,0.46,0.04
155.11,-88.41,9.72,0.5,0.38,0.17,0.25,0.05,0.06,-1.16,10,-0.05,0.28,0.1
155.12,-88.39,10.29,0.7,0.32,0.19,0.2,0.09,-0.1,-1.66,10.66,-0.04,0.14,0.2
155.15,-88.34,10.35,0.46,0.11,0.11,0.2,0.12,0.03,-1.51,10.45,0.01,0.19,0.22
155.16,-88.45,9.93,0.26,0.1,0.13,0.2,0.08,-0.19,-1.43,9.98,-0.02,0.28,0.25
155.17,-88.71,9.57,0.36,0.04,0.17,0.22,0.02,-0.2,-1.45,9.67,-0.02,0.31,0.27
155.19,-88.83,9.53,0.61,0.03,0.17,0.27,-0.01,0.09,-1.31,9.32,0,0.28,0.22
155.2,-88.7,9.5,0.6,0.17,0.13,0.36,0.02,0.38,-1.19,9.18,0.01,0.25,0.09
155.22,-88.23,9.51,0.28,0.47,0.11,0.44,0.05,0.13,-1.53,9.53,-0.03,0.21,-0.05
155.24,-87.84,9.7,0.11,0.75,0.12,0.47,0.05,-0.46,-2.17,10.12,-0.04,0.26,-0.02
155.25,-87.85,9.72,0.19,0.81,0.13,0.48,0.07,-0.76,-2.24,10.14,-0.04,0.31,0.03
155.27,-87.85,9.69,0.3,0.91,0.11,0.49,0.12,-0.87,-2.2,9.94,-0.05,0.37,0.11
155.28,-87.77,9.66,0.32,0.95,0.1,0.49,0.15,-0.87,-2.18,9.82,-0.05,0.39,0.14
155.29,-87.75,9.64,0.14,1.01,0.05,0.52,0.21,-0.71,-2.08,9.64,-0.04,0.4,0.17
155.3,-87.53,9.65,-0.2,1.09,0.01,0.55,0.22,-0.53,-2.03,9.6,-0.03,0.4,0.15
155.31,-87.38,9.72,-0.32,1.15,0,0.57,0.21,-0.39,-2,9.64,-0.01,0.4,0.1
155.32,-87.13,9.83,-0.26,1.27,0,0.58,0.18,-0.39,-2,9.71,0.01,0.41,0.01
155.34,-86.85,9.91,-0.04,1.38,-0.02,0.61,0.17,-0.65,-2.08,9.83,0.03,0.45,-0.04
155.36,-86.85,9.88,-0.01,1.42,-0.04,0.63,0.18,-0.84,-2.11,9.87,0.04,0.47,-0.06
155.37,-86.81,9.86,-0.01,1.45,-0.05,0.64,0.18,-0.96,-2.11,9.89,0.05,0.47,-0.07
155.38,-86.64,9.7,0.02,1.66,-0.09,0.69,0.24,-1.3,-1.97,9.8,0.09,0.47,-0.06
155.42,-86.66,9.62,0.12,1.81,-0.11,0.71,0.27,-1.54,-1.83,9.73,0.1,0.48,-0.06
155.43,-86.63,9.61,0.18,1.91,-0.12,0.72,0.27,-1.66,-1.78,9.69,0.1,0.48,-0.05
155.45,-86.56,9.59,0.36,2.09,-0.14,0.73,0.27,-1.84,-1.6,9.65,0.09,0.48,-0.03
155.46,-86.38,9.6,0.44,2.21,-0.16,0.74,0.26,-1.88,-1.6,9.65,0.09,0.48,-0.03
155.47,-86.16,9.64,0.61,2.32,-0.17,0.75,0.26,-1.98,-1.48,9.66,0.09,0.47,-0.01
155.48,-85.99,9.65,0.64,2.35,-0.17,0.75,0.25,-1.98,-1.48,9.66,0.09,0.47,-0.01
155.5,-85.86,9.65,0.79,2.52,-0.18,0.76,0.25,-2.1,-1.11,9.65,0.08,0.45,0.01
155.52,-86.24,9.65,0.82,2.54,-0.18,0.77,0.24,-2.13,-0.92,9.62,0.07,0.45,0.02
155.54,-86.02,9.53,0.93,2.77,-0.17,0.79,0.21,-2.22,-0.7,9.63,0.04,0.43,0
155.55,-86.11,9.42,0.91,2.89,-0.16,0.81,0.2,-2.37,-0.69,9.62,0.02,0.4,-0.03
155.57,-85.65,9.3,0.8,3.18,-0.12,0.85,0.15,-2.44,-0.87,9.66,0.01,0.38,-0.02
155.59,-85.67,9.3,0.77,3.21,-0.11,0.86,0.15,-2.42,-0.94,9.67,0.01,0.37,-0.02
155.6,-86.19,9.3,0.73,3.25,-0.11,0.86,0.14,-2.44,-1.23,9.66,0.02,0.34,0
155.62,-85.83,9.36,0.52,3.37,-0.09,0.9,0.15,-2.52,-1.5,9.68,0.03,0.32,0.04
155.63,-85.35,9.4,0.32,3.49,-0.09,0.95,0.18,-2.56,-1.55,9.73,0.04,0.29,0.08
155.64,-84.47,9.34,0.08,3.66,-0.1,1.03,0.22,-2.74,-1.59,9.67,0.06,0.26,0.11
155.66,-83.7,9.25,-0.09,3.81,-0.11,1.09,0.26,-2.88,-1.59,9.64,0.07,0.25,0.13
155.67,-82.83,9.16,-0.22,4.06,-0.1,1.13,0.3,-2.93,-1.6,9.64,0.09,0.22,0.17
155.69,-81.11,9,-0.33,4.48,-0.09,1.25,0.35,-2.86,-1.52,9.66,0.12,0.18,0.19
155.71,-78.37,8.89,-0.28,4.76,-0.1,1.3,0.34,-2.8,-1.36,9.61,0.13,0.17,0.17
155.72,-76.99,8.7,-0.16,4.93,-0.11,1.32,0.32,-2.8,-1.3,9.57,0.13,0.15,0.16
155.73,-75.56,8.41,-0.16,5.18,-0.12,1.34,0.28,-2.82,-1.23,9.52,0.12,0.13,0.14
155.74,-74.18,8.16,-0.18,5.38,-0.13,1.33,0.25,-2.92,-1.17,9.47,0.12,0.09,0.1
155.76,-72.25,8.06,-0.32,5.53,-0.12,1.3,0.19,-2.95,-1.16,9.52,0.1,0.06,0.11
155.78,-71.23,7.99,-0.41,5.57,-0.11,1.29,0.15,-2.92,-1.21,9.56,0.1,0.04,0.12
155.79,-70.02,7.9,-0.44,5.61,-0.11,1.26,0.12,-2.69,-1.24,9.55,0.09,0.03,0.13
155.81,-69.18,7.82,-0.51,5.59,-0.12,1.24,0.09,-2.49,-1.23,9.56,0.08,0.02,0.14
155.82,-68.35,7.78,-0.6,5.6,-0.13,1.22,0.06,-2.35,-1.2,9.56,0.08,0.01,0.15
155.83,-67.52,7.76,-0.66,5.59,-0.14,1.2,0.03,-2.25,-1.2,9.6,0.09,0.01,0.14
155.85,-66.31,7.71,-0.68,5.59,-0.12,1.16,0,-2.09,-1.14,9.66,0.1,0.01,0.15
155.86,-65.43,7.62,-0.66,5.63,-0.1,1.13,-0.02,-1.99,-1.08,9.65,0.11,0.03,0.16
155.88,-64.46,7.48,-0.63,5.69,-0.08,1.1,-0.03,-2.01,-1,9.51,0.11,0.05,0.17
155.89,-64.05,7.43,-0.58,5.76,-0.08,1.09,-0.03,-2.05,-0.98,9.49,0.1,0.06,0.18
155.9,-63.21,7.29,-0.56,5.89,-0.07,1.07,-0.04,-2.07,-1.01,9.54,0.09,0.05,0.18
155.91,-62.14,7.11,-0.55,6.13,-0.06,1.05,-0.03,-2.14,-0.99,9.57,0.1,0.05,0.2
155.93,-61.75,7.08,-0.55,6.24,-0.06,1.04,-0.02,-2.25,-0.94,9.57,0.09,0.06,0.2
155.93,-60.74,6.91,-0.46,6.5,-0.04,1.02,0,-2.34,-0.91,9.54,0.08,0.08,0.22
155.95,-59.75,6.74,-0.45,6.78,-0.04,1.01,0.01,-2.46,-0.84,9.49,0.07,0.09,0.24
155.96,-58.93,6.57,-0.48,6.92,-0.04,1,0.05,-2.56,-0.81,9.52,0.06,0.09,0.26
155.98,-58.07,6.52,-0.55,7.09,-0.01,0.99,0.08,-2.58,-0.82,9.59,0.06,0.09,0.27
155.99,-56.93,6.56,-0.53,7.28,0.02,0.98,0.1,-2.47,-0.88,9.7,0.07,0.08,0.3
156.01,-56.09,6.54,-0.44,7.33,0.04,0.97,0.11,-2.33,-0.83,9.68,0.07,0.08,0.31
156.02,-54.91,6.52,-0.34,7.27,-0.02,0.95,0.09,-2.11,-0.86,9.78,0.08,0.04,0.32
156.04,-54.01,6.62,-0.4,7.28,-0.08,0.93,0.05,-2.09,-0.78,9.82,0.1,0.03,0.31
156.05,-52.73,6.65,-0.28,7.14,-0.12,0.95,-0.03,-2.24,-0.62,9.67,0.08,0.15,0.29
156.08,-52.08,6.52,-0.11,7.01,-0.17,0.97,-0.09,-2.07,-0.47,9.62,0.08,0.25,0.36
156.09,-51.72,6.49,-0.12,7.16,-0.21,0.97,-0.13,-1.85,-0.39,9.61,0.08,0.25,0.37
156.11,-51.08,6.28,-0.35,7.39,-0.22,0.96,-0.17,-1.57,-0.26,9.56,0.08,0.25,0.31
156.12,-50.31,6.03,-0.53,7.66,-0.21,0.96,-0.18,-1.65,-0.26,9.53,0.05,0.23,0.2
156.13,-49.4,5.73,-0.59,8.03,-0.2,0.95,-0.19,-1.92,-0.36,9.65,0.01,0.23,0.11
156.15,-48.5,5.44,-0.7,8.42,-0.14,0.91,-0.18,-2.54,-0.63,9.99,-0.06,0.26,0.11
156.16,-47.26,4.94,-0.82,9.02,0.01,0.83,-0.03,-3.03,-0.43,10.13,-0.11,0.33,0.28
156.18,-46.62,5.02,-0.62,9.2,0.17,0.77,0.07,-2.68,0.01,10.36,-0.18,0.34,0.43
156.21,-45.56,5.53,-0.58,9.53,0.33,0.65,0.2,-1.81,-0.13,11.3,-0.21,0.41,0.41
156.23,-44.93,6.08,-0.51,9.49,0.47,0.56,0.27,-1.17,-0.04,11.62,-0.2,0.48,0.36
156.24,-44.44,6.63,-0.37,9.04,0.6,0.41,0.27,-0.6,-0.13,11.45,-0.22,0.6,0.18
156.26,-44.28,6.94,-0.24,8.63,0.65,0.26,0.19,-0.39,-0.24,11.17,-0.21,0.64,0.04
156.28,-44.7,6.99,0.08,7.9,0.62,-0.06,-0.08,-0.46,-0.28,10.75,-0.18,0.64,-0.08
156.29,-45.24,7.13,0.27,7.65,0.5,-0.17,-0.25,-0.69,-0.45,10.29,-0.14,0.61,-0.25
156.3,-45.88,6.79,0.44,7.38,0.35,-0.26,-0.38,-0.98,-0.57,10.11,-0.14,0.57,-0.39
156.32,-46.7,6.19,0.6,7.47,0.28,-0.29,-0.4,-1.4,-0.72,9.95,-0.15,0.56,-0.42
156.33,-47.73,5.2,1.03,8.11,0.14,-0.36,-0.38,-2.23,-1.06,9.73,-0.2,0.55,-0.4
156.35,-48.62,4.2,0.74,8.54,-0.03,-0.41,-0.42,-3.4,-1.12,9.05,-0.13,0.4,-0.06
156.38,-49.36,3.62,0.22,8.74,-0.09,-0.47,-0.45,-4.18,-0.91,8.09,0.01,0.16,0.19
156.39,-49.78,3.13,-0.27,8.87,-0.08,-0.51,-0.45,-4.51,-0.75,7.67,0.08,-0.1,0.37
156.4,-49.83,2.74,-0.49,8.92,-0.03,-0.56,-0.33,-4.35,-0.59,7.44,0.17,-0.54,0.57
156.42,-49.38,2.47,-0.48,8.91,0.05,-0.57,-0.14,-4,-0.53,7.51,0.21,-0.81,0.67
156.43,-47.64,2.26,-0.14,8.71,0.17,-0.58,0.15,-3.32,-0.27,7.66,0.32,-1.29,0.75
156.46,-46.21,2.28,0,8.55,0.2,-0.59,0.31,-3.22,-0.17,7.7,0.37,-1.52,0.7
156.47,-45.05,2.44,0.08,8.45,0.19,-0.59,0.43,-3.27,-0.21,7.81,0.39,-1.7,0.63
156.49,-43.08,2.9,0.19,8.36,0.12,-0.53,0.57,-3.36,-0.69,8.38,0.48,-1.98,0.54
156.5,-41.86,3.38,0.29,8.25,0.04,-0.44,0.62,-3.32,-0.87,8.54,0.58,-2.13,0.47
156.52,-40.74,3.72,0.35,8.08,-0.02,-0.36,0.63,-3.16,-0.72,8.3,0.66,-2.25,0.43
156.53,-39.18,4.16,0.37,7.7,-0.11,-0.25,0.61,-2.77,-0.56,8.15,0.62,-2.26,0.39
156.55,-38.33,4.66,0.23,7.27,-0.2,-0.15,0.58,-2.53,-0.75,8.31,0.52,-2.16,0.43
156.56,-37.44,5.17,0.04,6.85,-0.26,-0.03,0.56,-2.21,-0.86,8.45,0.47,-2.04,0.48
156.57,-36.78,5.71,-0.01,6.45,-0.36,0.11,0.56,-1.72,-0.6,8.35,0.39,-1.85,0.55
156.59,-36.03,6.23,0.12,5.98,-0.53,0.23,0.48,-0.87,-0.41,8.35,0.25,-1.6,0.55
156.6,-36.03,6.52,0.14,5.85,-0.73,0.24,0.33,-0.65,-0.47,8.43,0.13,-1.33,0.47
156.62,-36,6.68,-0.11,6.02,-0.96,0.18,0.16,-0.64,-0.64,8.46,0.04,-1.11,0.39
156.63,-36.05,6.72,-0.5,6.31,-1.11,0.12,0.07,-0.79,-0.82,8.39,-0.06,-0.78,0.31
156.64,-36.55,6.71,-1.1,6.61,-1.26,0.08,-0.01,-0.87,-0.61,8.3,-0.14,-0.37,0.2
156.65,-37.2,6.63,-1.72,7.03,-1.23,0.17,-0.09,-0.65,0.02,8.99,-0.33,-0.02,0.1
156.66,-37.57,6.92,-0.94,8.85,-0.74,0.47,-0.15,-0.31,0.45,12.78,-0.67,0.3,0.39
156.68,-37.15,7.86,0.65,10.43,-0.44,0.68,-0.07,1.92,1.4,15.1,-0.53,0.21,0.33
156.7,-36.05,8.59,1.04,10.62,-0.72,0.49,-0.27,2.81,2.87,12.06,0.03,0.41,-0.59
156.72,-35.62,7.52,0.66,10.52,-0.78,0.41,-0.44,1.31,2.89,9.88,0.04,0.5,-1
156.73,-35.43,4.25,0,9.99,-0.75,0.45,-0.5,-1.87,1.37,8.69,-0.42,0.59,-1.4
156.74,-36.12,2.68,-0.4,9.48,-0.76,0.54,-0.44,-5.14,-1.73,9.65,-0.71,0.67,-1.34
156.75,-36.06,1.13,-1.05,9.43,-0.81,0.67,-0.41,-7.03,-3.04,10.12,-0.62,0.63,-0.99
156.76,-36.25,0.6,-1.79,10.02,-0.85,0.81,-0.3,-7.4,-2.64,10.01,-0.49,0.53,-0.53
156.78,-36.52,0.94,-2.49,10.45,-0.85,0.89,-0.1,-5.74,-1.76,9.8,-0.39,0.42,-0.1
156.79,-36.14,3.15,-3.16,10.35,-0.76,1.09,0.09,-3.93,-2,9.62,-0.35,0.28,0.33
156.81,-35.56,4.02,-3.32,9.65,-0.67,1.23,0.21,-3.1,-2.05,9.52,-0.31,0.25,0.51
156.83,-34.64,3.25,-3.16,9.08,-0.54,1.22,0.39,-1.91,-1.45,10.22,-0.33,0.25,0.59
156.84,-33.58,2.76,-2.66,9.06,-0.46,1.17,0.48,-1.29,-1.16,10.43,-0.28,0.23,0.58
156.85,-32.62,2.54,-2.25,9.21,-0.43,1.13,0.49,-0.75,-0.77,10.39,-0.21,0.22,0.46
156.86,-30.85,2.32,-1.89,9.41,-0.42,1.08,0.45,-0.38,-0.24,9.92,-0.17,0.2,0.23
156.87,-29.5,2.29,-1.93,9.41,-0.39,1.03,0.45,-0.52,-0.21,9.61,-0.19,0.18,-0.03
156.89,-28.09,2.5,-2.14,9.29,-0.3,0.94,0.49,-0.8,-0.51,9.6,-0.24,0.17,-0.14
156.9,-27.23,2.79,-2.28,9.14,-0.2,0.88,0.53,-1.17,-1.11,9.87,-0.26,0.17,-0.11
156.92,-26.47,3.03,-2.35,9.06,-0.12,0.81,0.61,-1.43,-1.37,9.94,-0.24,0.19,0
156.93,-26.13,2.98,-2.52,9.09,-0.1,0.77,0.66,-1.6,-1.44,9.83,-0.23,0.24,0.2
156.94,-25.86,2.94,-2.75,9.12,-0.05,0.73,0.7,-1.54,-1.44,9.78,-0.23,0.27,0.34
156.96,-25.54,3.03,-2.75,9.12,0.03,0.68,0.7,-1.18,-1.43,9.87,-0.24,0.31,0.51
156.97,-25.29,3.12,-2.67,9.08,0.05,0.65,0.69,-0.8,-1.41,9.98,-0.23,0.33,0.56
156.98,-25.01,3.28,-2.67,9,0.06,0.64,0.67,-0.49,-1.38,10.03,-0.21,0.35,0.52
156.99,-24.58,3.54,-2.78,8.91,0.06,0.63,0.65,0.02,-1.28,10.02,-0.18,0.36,0.17
157.02,-23.85,3.83,-2.72,8.87,0.07,0.63,0.46,0.1,-1.29,9.86,-0.11,0.41,-0.03
157.03,-23.63,3.51,-2.61,8.93,0.05,0.62,0.35,-0.51,-1.4,9.78,-0.09,0.43,-0.16
157.05,-23.62,3.33,-2.6,8.97,0.04,0.62,0.3,-0.95,-1.47,9.73,-0.08,0.45,-0.18
157.07,-23.65,3.11,-2.53,9.01,0.04,0.61,0.23,-1.3,-1.5,9.7,-0.07,0.47,-0.12
157.08,-23.77,2.98,-2.42,9.05,0.02,0.6,0.21,-1.48,-1.49,9.69,-0.07,0.5,-0.06
157.09,-23.87,2.78,-2.33,9.13,-0.01,0.59,0.19,-1.54,-1.44,9.7,-0.07,0.53,0.04
157.1,-23.84,2.56,-2.37,9.2,-0.03,0.57,0.19,-1.52,-1.4,9.72,-0.06,0.55,0.09
157.11,-23.81,2.33,-2.47,9.32,-0.03,0.55,0.22,-1.43,-1.29,9.73,-0.05,0.58,0.15
157.13,-23.73,2.26,-2.49,9.35,-0.01,0.56,0.27,-1.35,-1.22,9.74,-0.04,0.61,0.13
157.15,-23.55,2.23,-2.44,9.31,0.02,0.58,0.3,-1.39,-1.14,9.71,-0.02,0.64,0.06
157.17,-23.48,2.2,-2.38,9.34,0.03,0.59,0.32,-1.45,-1.01,9.67,-0.02,0.66,0.03
157.18,-23.46,2.15,-2.34,9.46,0.06,0.6,0.36,-1.75,-0.99,9.75,-0.04,0.7,0.01
157.19,-23.59,2.13,-2.35,9.62,0.11,0.62,0.41,-1.87,-0.89,9.85,-0.05,0.75,0.06
157.21,-23.58,2.29,-2.36,9.77,0.14,0.67,0.49,-1.75,-1.06,10.12,-0.07,0.79,0.11
157.23,-23.7,2.58,-2.23,9.75,0.18,0.7,0.56,-1.67,-1.13,10.12,-0.06,0.86,0.17
157.24,-23.99,2.84,-1.98,9.58,0.19,0.7,0.57,-1.64,-1.05,9.98,-0.09,0.93,0.19
157.26,-24.34,2.82,-2,9.49,0.16,0.72,0.52,-1.69,-1.13,10.08,-0.13,0.99,0.19
157.28,-24.61,2.69,-2.1,9.56,0.14,0.74,0.49,-1.82,-1.3,10.12,-0.14,1.02,0.18
157.29,-24.92,2.54,-2.17,9.66,0.11,0.74,0.45,-2.02,-1.4,10.12,-0.15,1.07,0.16
157.3,-25.06,2.24,-2.37,9.81,0.08,0.74,0.48,-2.18,-1.41,10.14,-0.15,1.13,0.16
157.32,-25.5,2.16,-2.55,10.17,0.1,0.76,0.53,-2.45,-1.37,10.35,-0.15,1.17,0.19
157.33,-25.86,2.34,-2.47,10.42,0.15,0.78,0.51,-2.53,-1.29,10.64,-0.12,1.2,0.25
157.34,-26.19,2.5,-2.47,10.51,0.2,0.77,0.51,-2.51,-1.21,10.83,-0.11,1.25,0.33
157.36,-27.14,3.27,-2.41,10.78,0.3,0.7,0.56,-1.73,-1.15,11.82,-0.11,1.39,0.57
157.39,-27.45,3.72,-2.45,11,0.36,0.65,0.63,-0.9,-0.91,12.37,-0.08,1.46,0.7
157.4,-27.84,4.38,-2.39,11.1,0.51,0.5,0.72,0.07,-0.41,12.7,-0.06,1.54,0.81
157.41,-28.03,4.81,-2.21,11,0.62,0.34,0.76,0.97,0.21,12.99,-0.05,1.63,0.94
157.42,-28.99,5.73,-1.53,10.73,0.89,-0.09,0.78,1.87,1.11,13.43,-0.06,1.75,1.07
157.44,-30.32,6.4,-0.71,10.13,1.25,-0.59,0.73,2.47,1.84,13.35,-0.07,1.86,1.23
157.47,-33.49,6.99,0.27,8.31,1.52,-1.15,0.55,2.58,1.14,12.08,-0.1,1.99,1.18
157.48,-35.96,6.54,0.31,7.69,1.44,-1.39,0.3,1.82,0.79,11.19,-0.23,2.1,0.41
157.51,-41.77,4.14,-0.86,10.49,1.06,-1.4,-0.07,-2.65,-2.39,10.83,-0.52,2.15,-0.58
157.53,-44.22,3.04,-1.39,11.74,0.9,-1.41,-0.31,-4.14,-3.62,10.13,-0.46,2.19,-0.94
157.54,-45.88,2.72,-1,11.81,0.83,-1.52,-0.55,-4.72,-3.61,9.11,-0.35,2.2,-1.06
157.56,-48.22,2.56,-0.18,11.33,0.7,-1.68,-0.82,-5.48,-3.49,8.14,-0.32,2.14,-1.14
157.57,-51.55,2.02,0.36,10.95,0.39,-1.86,-1.12,-6.68,-3.57,6.47,-0.31,1.88,-1.18
157.58,-54.29,1.49,-0.11,11.28,0.07,-1.94,-1.27,-7.81,-3.79,6.07,-0.25,1.43,-1.05
157.6,-57.46,1.47,-1.26,12.07,-0.19,-1.9,-1.3,-9.03,-3.41,5.59,-0.04,1.02,-0.93
157.61,-60.01,0.51,-1.47,12.5,-0.27,-1.82,-1.28,-9.78,-2.64,5.24,0.09,0.43,-0.8
157.62,-61.49,0.16,-1.29,12.53,-0.23,-1.81,-1.14,-9.6,-2.49,4.99,0.14,0.04,-0.73
157.64,-62.54,-0.01,-0.9,12.43,-0.17,-1.8,-0.97,-9.1,-2.52,4.63,0.2,-0.58,-0.59
157.65,-63.26,-0.26,-0.7,12.29,-0.15,-1.79,-0.84,-8.76,-2.73,4.27,0.3,-0.92,-0.51
157.66,-63.48,-0.59,-0.6,12,-0.15,-1.81,-0.65,-8.73,-2.79,3.9,0.42,-1.45,-0.4
157.67,-63.58,-0.65,-0.66,11.71,-0.14,-1.86,-0.55,-8.85,-2.73,3.73,0.46,-1.83,-0.3
157.68,-63.59,-0.47,-0.48,11.1,-0.12,-1.91,-0.54,-8.94,-2.65,3.61,0.51,-2.37,-0.08
157.7,-62.94,-0.65,-0.31,9.93,-0.35,-1.9,-0.45,-8.69,-2.57,3.6,0.57,-2.8,0.13
157.72,-62.01,-0.8,-0.61,9.69,-0.49,-1.84,-0.3,-8.13,-2.41,3.75,0.61,-3.13,0.27
157.73,-60.93,-0.9,-0.95,9.51,-0.53,-1.76,-0.12,-7.7,-2.19,4.01,0.67,-3.44,0.36
157.74,-59.02,-0.87,-1.12,9.13,-0.51,-1.67,0.07,-6.83,-1.73,4.27,0.73,-3.7,0.41
157.76,-55.73,-0.34,-1.08,8.17,-0.51,-1.48,0.35,-5.63,-0.61,4.77,0.81,-4.04,0.35
157.78,-51.44,0.24,-0.97,7.48,-0.54,-1.28,0.51,-4.45,-0.14,5.39,0.84,-4.23,0.07
157.79,-47.81,0.81,-0.71,7.23,-0.59,-1.06,0.58,-3.83,-0.31,6.29,0.83,-4.37,-0.32
157.81,-44.84,1.25,-0.46,7.29,-0.64,-0.9,0.61,-3.47,-0.71,6.84,0.84,-4.46,-0.61
157.83,-40.29,1.99,-0.08,7.57,-0.73,-0.66,0.62,-3.15,-1.07,8.13,0.94,-4.52,-0.86
157.84,-38.1,2.42,0.16,7.63,-0.79,-0.49,0.6,-3.1,-1.07,8.44,0.97,-4.54,-0.96
157.85,-33.45,3.42,0.6,7.61,-0.85,-0.3,0.47,-3.28,-0.89,9.53,1.03,-4.49,-0.97
157.87,-31.86,4.19,0.81,7.56,-0.86,-0.18,0.3,-3.35,-0.84,9.9,1.02,-4.36,-0.82
157.88,-29.52,4.93,0.8,7.51,-0.91,-0.12,0.06,-3.27,-0.84,9.91,0.96,-4.16,-0.58
157.9,-28.39,5.87,0.33,7.42,-1.02,-0.16,-0.13,-2.86,-0.81,9.74,0.85,-3.83,-0.23
157.91,-27.48,6.59,-0.25,7.33,-1.12,-0.24,-0.32,-2.03,-0.57,9.52,0.73,-3.61,0
157.92,-26.94,7.01,-0.77,7.45,-1.16,-0.3,-0.46,-1.48,-0.38,9.44,0.62,-3.35,0.17
157.93,-26.4,7.42,-1.18,7.7,-1.12,-0.34,-0.65,-0.93,-0.28,9.19,0.43,-2.89,0.5
157.94,-25.63,7.06,-1.36,7.88,-0.95,-0.3,-0.82,0.27,-0.53,9.34,0.19,-2.34,0.74
157.96,-24.91,6.81,-1,7.63,-0.89,-0.27,-0.79,1.01,-0.38,9.51,0.03,-1.84,0.82
157.97,-24.84,6.64,-0.6,7.4,-0.89,-0.22,-0.61,1.29,-0.14,9.51,-0.09,-1.32,0.84
157.98,-24.69,6.53,-0.59,7.37,-0.9,-0.18,-0.42,1.24,0.15,9.34,-0.19,-0.78,0.8
157.99,-25.32,6.17,-0.6,7.27,-0.82,-0.12,0.1,1.17,0.25,9.13,-0.33,0.04,0.67
158.01,-26.45,5.69,-0.32,7.44,-0.68,-0.1,0.55,0.93,0.45,8.9,-0.4,0.87,0.45
158.03,-27.87,5.49,-0.25,7.66,-0.65,-0.07,0.7,0.3,1.17,8.91,-0.5,1.34,0.25
158.04,-29.47,4.97,-0.72,7.75,-0.85,0.11,0.44,-1,0.85,8.65,-0.69,1.64,-0.03
158.05,-30.54,3.45,-1.55,8.63,-0.92,0.25,0.2,-1.87,0.44,9.39,-0.95,1.49,0.03
158.07,-29.94,3.48,-2.47,13.96,-0.31,0.88,-0.02,2.68,1.21,15.47,-1.2,0.34,0.62
158.08,-28.33,6.3,-2.18,13.88,0.1,1.19,-0.14,6.54,1.04,17.73,-0.75,0.12,-0.23
158.1,-27.16,11.86,-1.08,11.54,-0.25,0.96,-0.21,5.37,-0.15,14.54,-0.28,0.86,-0.68
158.11,-27.9,14.61,-3.87,10.37,-0.71,0.69,-0.35,3.49,-0.66,12.67,-0.51,1.41,-0.92
158.12,-30.42,12.31,-2.84,9.91,-0.4,0.65,-0.63,-2.23,-1.26,12.16,-0.64,2.01,-0.81
158.13,-33.39,3.56,2.31,10.14,-0.27,0.91,-1.05,-6.32,-0.48,11.26,-0.26,1.77,-0.64
158.14,-32.37,-4.8,0.11,10.25,-1.3,1.45,-1.2,-5.64,0.12,9.1,-0.05,1.28,-0.64
158.16,-30.6,-8.06,-4.05,10.71,-1.37,1.29,-0.91,-4,-0.48,7.65,-0.34,0.93,-0.52
158.17,-33.25,-8.06,-4.05,10.71,-1.37,1.29,-0.91,-3.89,-3.76,9.85,-0.56,0.98,-0.04
158.19,-34.27,-8.06,-4.05,10.71,-1.37,1.29,-0.91,-3.84,-3.96,10.3,-0.39,1.05,0.21
158.2,-35.55,-8.06,-4.05,10.71,-1.37,1.29,-0.91,-3.58,-2.75,9.74,-0.24,1.04,0.66
158.22,-37.01,-8.06,-4.05,10.71,-1.37,1.29,-0.91,-2.35,-1.69,9.72,-0.3,0.91,0.84
158.23,-37.33,-8.06,-4.05,10.71,-1.37,1.29,-0.91,-0.91,-1.86,9.96,-0.29,0.79,0.88
158.25,-37.04,-8.06,-4.05,10.71,-1.37,1.29,-0.91,0.57,-1.72,9.88,-0.23,0.82,0.73
158.26,-36.51,-8.06,-4.05,10.71,-1.37,1.29,-0.91,0.42,-1.7,9.71,-0.23,0.91,0.54
158.28,-36.41,-8.06,-4.05,10.71,-1.37,1.29,-0.91,-0.38,-1.87,9.76,-0.24,0.91,0.41
158.29,-36.61,-8.06,-4.05,10.71,-1.37,1.29,-0.91,-1.27,-2.41,9.89,-0.22,0.83,0.34
158.31,-37.15,-8.06,-4.05,10.71,-1.37,1.29,-0.91,-1.71,-2.57,9.58,-0.16,0.83,0.53
158.32,-37.41,-8.06,-4.05,10.71,-1.37,1.29,-0.91,-1.71,-2.47,9.44,-0.15,0.86,0.76
158.34,-37.87,-8.06,-4.05,10.71,-1.37,1.29,-0.91,-1.58,-2.3,9.58,-0.17,0.87,0.91
158.35,-38.13,-8.06,-4.05,10.71,-1.37,1.29,-0.91,-1.38,-2.21,9.85,-0.14,0.85,0.96
158.37,-38.23,-8.06,-4.05,10.71,-1.37,1.29,-0.91,-1.08,-1.98,9.94,-0.09,0.84,0.95
158.38,-38.21,-8.06,-4.05,10.71,-1.37,1.29,-0.91,-0.87,-1.75,9.84,-0.06,0.84,0.9
158.4,-38.11,-8.06,-4.05,10.71,-1.37,1.29,-0.91,-0.82,-1.67,9.7,-0.04,0.84,0.68
158.41,-38.06,-8.06,-4.05,10.71,-1.37,1.29,-0.91,-0.98,-1.78,9.69,-0.03,0.83,0.57
158.43,-38.08,-8.06,-4.05,10.71,-1.37,1.29,-0.91,-1.28,-1.96,9.62,0.01,0.81,0.43
158.44,-38.15,-8.06,-4.05,10.71,-1.37,1.29,-0.91,-1.43,-1.8,9.34,0.03,0.81,0.38
158.45,-38.37,-8.06,-4.05,10.71,-1.37,1.29,-0.91,-1.23,-1.97,9.22,0,0.83,0.28
158.48,-38.44,-8.06,-4.05,10.71,-1.37,1.29,-0.91,-1.37,-1.87,9.08,0.03,0.86,0.26
158.5,-38.59,-8.06,-4.05,10.71,-1.37,1.29,-0.91,-1.38,-1.56,8.86,-0.05,0.91,0.26
158.51,-38.68,-8.06,-4.05,10.71,-1.37,1.29,-0.91,-1.29,-1.55,9.1,-0.09,0.96,0.24
158.53,-38.77,-8.06,-4.05,10.71,-1.37,1.29,-0.91,-1.38,-1.46,9.68,-0.08,1,0.22
158.54,-38.94,-8.06,-4.05,10.71,-1.37,1.29,-0.91,-1.75,-1.24,10.02,-0.06,1.04,0.24
158.55,-39.28,-8.06,-4.05,10.71,-1.37,1.29,-0.91,-2.01,-0.82,10.25,-0.04,1.1,0.26
158.56,-39.64,-8.06,-4.05,10.71,-1.37,1.29,-0.91,-2.25,-0.56,10.39,-0.03,1.18,0.34
158.58,-40.17,-8.06,-4.05,10.71,-1.37,1.29,-0.91,-2.47,-0.41,10.62,-0.04,1.25,0.47
158.59,-40.64,-8.06,-4.05,10.71,-1.37,1.29,-0.91,-2.58,-0.46,10.79,-0.06,1.29,0.57
158.6,-41.07,-8.06,-4.05,10.71,-1.37,1.29,-0.91,-2.4,-0.68,11.04,-0.08,1.33,0.69
158.62,-41.45,-8.06,-4.05,10.71,-1.37,1.29,-0.91,-1.91,-0.97,11.41,-0.07,1.4,0.83
158.63,-41.63,-8.06,-4.05,10.71,-1.37,1.29,-0.91,-1.51,-1.01,11.55,-0.06,1.45,0.88
158.64,-41.74,-8.06,-4.05,10.71,-1.37,1.29,-0.91,-1.21,-1.02,11.9,-0.05,1.51,0.91
158.65,-41.79,-8.06,-4.05,10.71,-1.37,1.29,-0.91,-0.94,-0.86,12.4,-0.03,1.58,0.95
158.67,-41.79,-8.06,-4.05,10.71,-1.37,1.29,-0.91,-0.71,-0.48,12.84,0,1.64,1.02
158.68,-41.74,-8.06,-4.05,10.71,-1.37,1.29,-0.91,-0.44,0.37,13.35,0.05,1.76,1.35
158.7,-41.27,-8.06,-4.05,10.71,-1.37,1.29,-0.91,1.34,2.51,13.28,0.09,1.81,1.86
158.72,-40.37,-8.06,-4.05,10.71,-1.37,1.29,-0.91,3.18,2.61,12.68,0.06,1.81,1.91
158.74,-39.29,-8.06,-4.05,10.71,-1.37,1.29,-0.91,4.28,2.05,12.46,0.01,1.79,1.6
158.75,-38.37,-8.06,-4.05,10.71,-1.37,1.29,-0.91,4.72,1.55,12.64,-0.02,1.79,1.01
158.76,-37.24,-8.06,-4.05,10.71,-1.37,1.29,-0.91,4.28,0.72,12.81,-0.08,1.84,0.45
158.77,-36.37,-8.06,-4.05,10.71,-1.37,1.29,-0.91,2.43,-0.38,12.93,-0.2,2.12,-0.74
158.79,-36.5,-8.06,-4.05,10.71,-1.37,1.29,-0.91,-0.41,-1.92,11.86,-0.38,2.42,-1.52
158.8,-37.45,-8.06,-4.05,10.71,-1.37,1.29,-0.91,-2.64,-3.37,10.87,-0.42,2.55,-1.81
158.81,-39.05,-8.06,-4.05,10.71,-1.37,1.29,-0.91,-4.39,-4.5,9.44,-0.43,2.57,-2.03
158.83,-42.88,-8.06,-4.05,10.71,-1.37,1.29,-0.91,-6.36,-5.58,7.21,-0.32,2.37,-2.03
158.84,-45.41,-8.06,-4.05,10.71,-1.37,1.29,-0.91,-7.64,-5.64,6.23,-0.15,2.01,-1.84
158.86,-48.68,-8.06,-4.05,10.71,-1.37,1.29,-0.91,-9.4,-5.05,5.69,-0.02,1.47,-1.41
158.87,-51.14,-8.06,-4.05,10.71,-1.37,1.29,-0.91,-10.18,-4.6,5.15,0.08,0.99,-1.01
158.88,-53.31,-8.06,-4.05,10.71,-1.37,1.29,-0.91,-10.37,-4.41,4.99,0.16,0.63,-0.69
158.9,-55.09,-8.06,-4.05,10.71,-1.37,1.29,-0.91,-9.99,-4.45,4.79,0.29,0.17,-0.31
158.91,-87.59,-0.15,0.14,3.44,0.31,-2.29,-0.58,-9.4,-4.43,4.41,0.48,-0.45,0.16
158.92,-87.76,-0.13,0.24,5.45,0.14,-2.21,-0.63,-9,-4.2,4.01,0.65,-0.75,0.32
158.94,-86.93,-0.59,-0.41,8.15,-0.24,-2.07,-0.5,-8.44,-3.31,2.86,0.92,-1.55,0.5
158.96,-86.01,-0.92,-0.43,8.96,-0.42,-1.95,-0.47,-7.95,-2.72,2.15,0.99,-2.06,0.45
158.97,-84.37,-1.49,-0.51,9.08,-0.66,-1.79,-0.42,-7.2,-2.1,1.84,1,-2.85,0.12
159,-82.44,-1.65,-0.73,8.95,-0.77,-1.69,-0.37,-6.88,-1.8,2.17,1.01,-3.23,-0.08
159.01,-80.6,-1.67,-0.76,8.7,-0.84,-1.58,-0.28,-6.84,-1.67,2.6,1.06,-3.58,-0.29
159.02,-78.69,-1.63,-0.89,8.57,-0.9,-1.44,-0.2,-6.88,-1.55,2.93,1.11,-3.83,-0.42
159.03,-75.4,-1.54,-1.17,8.49,-0.9,-1.27,-0.05,-6.84,-1.16,3.44,1.18,-4.2,-0.59
159.05,-72.12,-1.33,-1.2,8.32,-0.88,-1.12,0.06,-6.57,-0.84,3.85,1.24,-4.55,-0.67
159.06,-67.38,-1.01,-1,7.94,-0.88,-0.89,0.16,-6.15,-0.76,4.5,1.2,-4.82,-0.62
159.08,-60.3,-0.23,-0.5,7.7,-0.92,-0.52,0.25,-5.82,-1.43,6.22,1.05,-5.09,-0.37
159.11,-54.77,0.83,0.28,7.84,-0.89,-0.26,0.17,-4.85,-1.16,7.72,1.05,-5.2,-0.27
159.12,-48.37,2.67,1.7,8.36,-0.9,0.07,-0.12,-2.39,-0.45,9.77,1.01,-5.12,-0.35
159.14,-41.91,4.48,1.53,8.12,-1.05,0.26,-0.31,-0.61,-0.15,11.52,0.95,-4.56,-0.65
159.15,-38.54,5.44,1.29,7.64,-1.25,0.04,-0.34,-0.75,-0.03,11.41,0.93,-4.24,-0.68
159.17,-36.37,7.58,0.45,7.2,-1.41,-0.19,-0.44,-1.18,0.27,10.7,0.87,-3.82,-0.59
159.18,-35.25,9.97,-0.95,7.61,-1.41,-0.34,-0.94,-0.32,0.66,9.78,0.61,-3.18,-0.23
159.19,-33.3,9.79,-1.2,8.39,-1.09,-0.24,-1.56,2.05,0.22,9.74,0.16,-2.2,0.07
159.21,-31.93,9.13,-1.24,8.29,-0.98,-0.18,-1.65,2.59,-0.05,9.84,-0.01,-1.74,0.1
159.23,-30.82,7.69,-1.23,7.73,-0.8,-0.18,-1.43,2.84,-0.33,9.73,-0.22,-0.97,0.05
159.24,-30.29,6.61,-0.66,7.2,-0.7,-0.3,-0.8,2.71,-0.26,9.52,-0.4,-0.11,-0.12
159.26,-30.31,5.89,-0.03,7.22,-0.75,-0.35,-0.33,2.65,-0.05,9.44,-0.57,0.41,-0.28
159.27,-30.55,5.58,0.32,7.71,-0.83,-0.32,0.13,2.59,0.15,9.66,-0.67,0.9,-0.52
159.28,-31.18,5.55,0.67,8.95,-0.93,-0.21,0.22,1.43,0.72,10.52,-0.91,1.24,-0.7
159.3,-31.74,6.43,0.25,11.06,-1.2,-0.08,0.02,0.8,1.74,13.62,-0.97,0.99,-0.45
159.31,-32.05,7.44,-1.28,12.47,-1.07,0.07,-0.25,1.8,3.8,15.68,-0.5,0.73,-0.15
159.32,-32.14,8.09,-0.84,12.38,-0.48,0.12,-0.45,1.89,4.67,13.76,-0.18,1.14,-0.59
159.34,-32.57,8.83,0.36,10.96,-0.21,0.11,-0.67,1.38,3.53,11.18,-0.24,1.5,-1
159.35,-34.13,7.92,-0.3,9.59,-0.59,0.25,-1.41,-0.52,0.26,9.7,-0.65,1.95,-1.58
159.36,-36.93,2.94,-2.8,9.16,-1.01,0.64,-1.76,-4.51,-4.11,9.67,-0.85,1.88,-1.8
159.38,-37.4,-2.66,-2.99,9.72,-1.14,1.02,-1.58,-6.82,-4.83,9.38,-0.49,1.51,-1.53
159.4,-35.96,-4.13,-3.33,9.98,-1.3,1.04,-1.4,-7.22,-3.4,8.87,-0.27,1.23,-1.22
159.41,-36.07,-3.34,-4.04,10.14,-1.37,1.15,-1.19,-6.97,-2.12,8.43,-0.23,1.04,-0.96
159.42,-35.37,-1.89,-4.76,10.31,-1.31,1.32,-0.83,-6.41,-1.36,8.32,-0.33,0.87,-0.66
159.43,-34.44,0.09,-5.4,10.47,-1.06,1.41,-0.42,-6.07,-1.68,8.98,-0.45,0.78,-0.33
159.44,-34.61,0.95,-5.36,10.65,-0.79,1.39,0.02,-5.56,-1.88,9.47,-0.44,0.73,-0.03
159.46,-34.1,1.44,-4.2,10.81,-0.43,1.3,0.27,-4.15,-1.61,9.92,-0.41,0.73,0.31
159.47,-33.33,1.59,-2.75,10.56,-0.21,1.12,0.42,-2.52,-1.35,10.28,-0.39,0.77,0.5
159.48,-31.95,1.49,-1.66,9.81,-0.15,1.02,0.39,-0.84,-1.21,10.33,-0.32,0.75,0.49
159.49,-30.85,1.49,-1.5,9.39,-0.2,0.96,0.35,-0.01,-1.11,10.12,-0.29,0.7,0.36
159.5,-29.34,1.7,-1.83,9.12,-0.28,0.91,0.35,0.51,-1.11,9.87,-0.28,0.65,0.1
159.51,-27.5,2.55,-2.58,8.97,-0.3,0.79,0.47,-0.3,-1.71,9.93,-0.28,0.65,-0.29
159.54,-27.06,3.63,-3.14,8.97,-0.29,0.75,0.57,-1.4,-2.02,9.98,-0.24,0.66,-0.33
159.55,-27.22,3.8,-3.4,9.11,-0.24,0.78,0.59,-2.24,-1.99,9.95,-0.2,0.65,-0.23
159.57,-27.52,2.93,-3.46,9.36,-0.11,0.84,0.61,-2.51,-1.97,9.86,-0.17,0.66,0.02
159.58,-27.21,1.98,-3.27,9.5,0.05,0.81,0.73,-2.19,-1.86,9.77,-0.14,0.67,0.3
159.6,-26.65,1.67,-2.82,9.52,0.16,0.74,0.84,-1.83,-1.7,9.75,-0.13,0.66,0.46
159.62,-26.02,1.75,-2.41,9.58,0.2,0.7,0.93,-1.66,-1.4,9.77,-0.11,0.64,0.5
159.63,-25.57,1.94,-2.26,9.68,0.22,0.68,0.99,-1.6,-1.09,9.78,-0.11,0.63,0.51
159.64,-25.08,2.41,-2.16,9.75,0.26,0.66,1,-1.54,-0.81,9.72,-0.11,0.62,0.49
159.66,-24.94,2.75,-2.06,9.68,0.28,0.65,0.97,-1.44,-0.79,9.7,-0.12,0.61,0.47
159.67,-24.8,3.48,-1.91,9.26,0.24,0.63,0.75,-0.98,-0.97,9.67,-0.12,0.57,0.36
159.69,-24.68,3.63,-2.07,8.97,0.18,0.63,0.55,-0.81,-1.24,9.64,-0.12,0.57,0.28
159.71,-24.69,3.45,-2.5,8.57,0.03,0.63,0.28,-0.75,-1.68,9.6,-0.09,0.62,0.1
159.74,-24.63,3.16,-2.47,8.73,-0.03,0.67,0.2,-1.15,-1.7,9.61,-0.05,0.64,0.04
159.75,-24.59,2.79,-2.38,9.02,-0.05,0.7,0.19,-1.6,-1.46,9.62,-0.02,0.68,0.07
159.77,-24.55,2.41,-2.25,9.36,-0.04,0.72,0.22,-1.84,-1.18,9.72,-0.01,0.73,0.12
159.78,-24.41,2.16,-2.06,9.64,-0.02,0.74,0.31,-1.96,-0.8,9.87,0,0.77,0.22
159.8,-24.16,2.11,-2.14,9.77,0.03,0.79,0.47,-1.81,-0.75,9.94,-0.01,0.84,0.3
159.82,-23.95,2.17,-2.24,9.72,0.1,0.81,0.56,-1.65,-0.92,10.03,0,0.88,0.32
159.84,-23.67,2.34,-2.49,9.48,0.15,0.78,0.64,-1.41,-1.37,10,0.03,0.98,0.31
159.86,-23.73,2.47,-2.71,9.3,0.14,0.72,0.63,-1.7,-1.67,9.91,0.05,1.05,0.3
159.88,-23.99,2.64,-2.83,9.23,0.13,0.7,0.6,-1.95,-1.76,9.88,0.06,1.09,0.3
159.89,-24.45,2.9,-2.89,9.21,0.12,0.7,0.56,-2.26,-1.76,9.93,0.08,1.13,0.33
159.9,-25.06,3.12,-2.75,9.3,0.13,0.72,0.47,-2.5,-1.59,10.05,0.09,1.16,0.4
159.92,-26.04,3.04,-2.4,9.65,0.14,0.75,0.25,-2.61,-1.12,10.23,0.14,1.21,0.45
159.93,-26.51,2.87,-2.33,9.86,0.14,0.77,0.18,-2.55,-0.91,10.35,0.16,1.23,0.46
159.94,-26.83,2.65,-2.28,10.22,0.14,0.79,0.13,-2.3,-0.71,10.69,0.17,1.25,0.45
159.96,-26.92,2.51,-2.21,10.54,0.18,0.79,0.12,-1.86,-0.44,11.11,0.19,1.28,0.42
159.97,-26.87,2.56,-2.11,10.69,0.28,0.7,0.18,-1.35,-0.35,11.42,0.21,1.36,0.44
159.98,-27.07,3.45,-1.75,10.92,0.44,0.47,0.25,-0.56,0.34,11.8,0.18,1.48,0.53
160.01,-27.5,4.07,-1.3,10.88,0.64,0.18,0.23,-0.18,0.96,12.19,0.13,1.54,0.63
160.02,-28.14,4.47,-0.91,10.75,0.86,-0.06,0.19,-0.09,1.65,12.3,0.09,1.6,0.9
160.03,-29.62,5.18,-0.61,10.08,1.17,-0.39,0.17,0.12,2.18,12.15,0.01,1.71,1.13
160.05,-31.01,5.7,-0.48,9.18,1.31,-0.58,0.18,0.56,1.65,11.93,-0.03,1.8,1.28
160.06,-32.07,5.89,-0.42,8.49,1.35,-0.76,0.17,0.95,1.21,11.79,-0.02,1.86,1.27
160.07,-34.07,5.49,-0.41,8.02,1.37,-0.89,0.12,1.45,0.69,11.73,0.05,1.92,0.98
160.08,-34.92,4.93,-0.36,8.27,1.37,-0.97,0.04,1.57,0.58,11.74,0.12,1.93,0.37
160.1,-36.26,3.4,-0.63,9.37,1.18,-1.01,-0.06,1.14,0.18,11.38,0.14,1.98,-0.29
160.11,-36.66,2.91,-0.99,10.09,1.05,-1.09,-0.23,0.46,-0.38,11.06,0.11,2.04,-0.83
160.12,-37.45,2.39,-1.24,10.82,0.94,-1.17,-0.41,-0.73,-1.39,10.38,0.07,2.16,-1.53
160.13,-39.48,2.48,-0.65,10.99,0.91,-1.38,-0.79,-3.06,-2.87,8.72,0.03,2.27,-2.4
160.15,-41.4,2.71,0.03,10.7,0.79,-1.6,-1.24,-4.35,-3.54,7.88,0.03,2.24,-2.71
160.16,-44.32,2.86,0.18,10.57,0.6,-1.72,-1.47,-6.07,-4.25,7.06,0.06,2.13,-2.95
160.17,-47.09,3.67,-0.78,11,0.25,-1.76,-1.63,-7.81,-5.06,6.68,0.15,1.97,-2.98
160.18,-49.02,3.25,-1.68,11.43,-0.01,-1.61,-1.65,-8.6,-5.36,6.53,0.22,1.87,-2.91
160.19,-49.95,2.61,-2.2,11.83,-0.16,-1.54,-1.67,-8.6,-5.36,6.53,0.22,1.87,-2.91
160.2,-53.36,1.4,-3.09,12.79,-0.3,-1.42,-1.69,-10.24,-5.28,6.04,0.45,1.38,-2.32
160.22,-57.17,-0.49,-2.84,12.91,-0.14,-1.44,-1.62,-11.23,-4.91,5.07,0.65,0.94,-1.66
160.24,-59.84,-0.89,-2.16,12.22,-0.06,-1.53,-1.45,-10.61,-5,5.03,0.93,0.15,-0.57
160.25,-61.18,-0.6,-1.74,11.64,-0.19,-1.6,-1.3,-9.96,-5.04,4.91,1.09,-0.1,-0.31
160.26,-62.3,-0.23,-1.79,11.14,-0.34,-1.64,-1.23,-8.8,-4.78,4.45,1.35,-0.75,0.07
160.29,-62.92,-0.12,-2.11,10.75,-0.56,-1.66,-1.19,-7.76,-4.21,3.79,1.61,-1.03,0.09
160.3,-63.11,-0.28,-2.13,10.49,-0.66,-1.64,-1.18,-7.19,-3.71,3.39,1.75,-1.31,0
160.31,-62.92,-0.55,-1.82,9.78,-0.79,-1.59,-1.22,-6.69,-2.9,3.22,1.92,-1.79,-0.36
160.33,-62.27,-0.55,-1.66,9.01,-1.05,-1.49,-1.32,-6.67,-2.46,3.58,2.09,-2.06,-0.63
160.34,-60.59,-0.15,-2.04,8.8,-1.21,-1.25,-1.46,-6.51,-2.05,4.11,2.44,-2.47,-1.12
160.36,-59.11,0.17,-1.96,8.79,-1.19,-1.07,-1.57,-6.14,-1.5,4.2,2.63,-2.66,-1.42
160.38,-57.62,0.45,-1.7,8.8,-1.16,-0.86,-1.77,-5.74,-0.95,4.28,2.76,-2.84,-1.8
160.39,-56.17,0.61,-1.38,8.88,-1.13,-0.64,-2.02,-5.44,-0.65,4.45,2.85,-3.03,-2.26
160.4,-54.64,0.65,-1.01,8.95,-1.1,-0.47,-2.23,-5.07,-0.5,4.87,2.91,-3.18,-2.63
160.41,-51.07,0.74,-0.21,9.03,-1.08,-0.21,-2.57,-4.71,-0.64,5.73,2.97,-3.43,-3.35
160.43,-47.93,0.95,0.64,9.03,-1.13,0.05,-2.87,-4.7,-1.07,7.04,2.99,-3.52,-3.77
160.44,-42.11,1.72,1.68,9.21,-1.31,0.4,-3.33,-5.4,-2.14,9.14,2.95,-3.43,-4.28
160.46,-38.36,2.4,2.17,9.59,-1.45,0.48,-3.66,-6.52,-2.38,10,2.89,-3.22,-4.26
160.48,-36.43,2.73,2.26,9.73,-1.6,0.45,-3.8,-7.65,-2.4,9.39,2.71,-3,-3.95
160.49,-35.48,2.85,2.17,9.68,-1.72,0.4,-3.82,-7.96,-2.22,8.95,2.59,-2.93,-3.76
160.5,-34.76,2.9,1.83,9.54,-1.88,0.36,-3.76,-8.32,-1.9,8.34,2.33,-2.83,-3.4
160.51,-34.14,2.82,0.97,9.45,-1.98,0.32,-3.45,-8.31,-1.93,7.42,1.68,-2.64,-2.54
160.53,-33.86,3.52,-0.48,9.85,-1.76,0.26,-2.28,-7.23,-2.47,9.42,0.27,-1.7,-0.66
160.55,-34.03,4.64,-1.96,10.25,-1.5,0.2,-1.55,-6.93,-2.8,11.11,-0.07,-0.91,0.15
160.57,-35.4,4.05,-0.68,11.66,-0.83,0.21,-0.33,-6.01,-0.7,12.65,-0.33,0.31,1.42
160.59,-34.79,0.36,0.75,12.41,-0.84,0.53,0.01,-3.2,1.82,12.09,-0.27,0.25,1.56
160.6,-31.69,-2.91,-0.22,11.37,-0.71,0.67,0.01,2.8,2.77,9.87,-0.28,-0.28,0.67
160.61,-26.55,-2.09,-0.67,9.7,-0.43,0.56,-0.01,4.73,2.24,9.28,-0.43,-0.3,-0.8
160.63,-22.47,1.71,-1.03,7.41,-0.44,0.36,-0.32,3.61,0.47,9.55,-0.56,-0.05,-2.05
160.65,-22.45,6.36,-2.19,7.28,-0.77,0.13,-0.72,-1.67,-2.34,10.46,-0.55,0.37,-2.38
160.66,-25.26,7.6,-2.05,9.72,-0.79,0.36,-0.61,-6.36,-3.3,10.62,-0.23,0.23,-2.1
160.67,-27.37,5.82,-0.88,10.28,-0.9,0.68,-0.6,-8.01,-2.14,9.58,-0.03,0,-1.77
160.69,-28.66,2.94,-0.62,9.96,-1.19,0.97,-0.81,-7.6,-0.72,8.24,-0.04,-0.21,-1.22
160.7,-28.55,0.06,-1.28,9.93,-1.32,1.14,-1.17,-6.6,0.11,7.54,-0.2,-0.27,-0.41
160.72,-26.04,-0.77,-0.64,9.84,-0.97,0.93,-1.09,-2.96,0.21,9.91,-0.49,-0.27,0.12
160.74,-24.36,0.39,-0.63,10.37,-1,0.83,-0.92,-1.62,0.36,10.64,-0.43,-0.28,0.11
160.75,-23.11,0.88,-0.93,10.65,-1.01,0.81,-0.8,-0.59,0.71,10.66,-0.36,-0.29,-0.08
160.76,-21.43,2,-1.67,10.73,-0.91,0.87,-0.5,-0.12,0.94,10.29,-0.32,-0.32,-0.4
160.77,-20.26,2.4,-1.68,9.81,-0.71,0.98,-0.42,-0.16,0.89,9.85,-0.3,-0.34,-0.7
160.79,-19.19,2.48,-1.56,9.35,-0.64,1.02,-0.46,-0.47,0.66,9.6,-0.29,-0.34,-0.9
160.81,-17.95,2.51,-1.29,8.7,-0.57,1.05,-0.63,-1.37,0.25,9.51,-0.31,-0.32,-0.98
160.82,-17.55,2.62,-1.5,9.07,-0.63,1.06,-0.68,-1.88,-0.05,9.68,-0.31,-0.32,-0.8
160.85,-16.95,2.44,-2.48,10.17,-0.61,1.05,-0.63,-2.56,-0.53,9.86,-0.28,-0.34,-0.65
160.86,-16.04,1.37,-2.42,10.22,-0.38,0.94,-0.7,-1.75,-0.28,9.63,-0.28,-0.36,-0.26
160.88,-14.68,1.05,-1.8,9.69,-0.31,0.85,-0.78,-0.41,-0.07,9.7,-0.29,-0.35,-0.15
160.91,-12.17,2.3,-1.85,9.46,-0.32,0.75,-0.83,1.38,0.25,9.89,-0.26,-0.31,-0.31
160.94,-11.49,3,-1.87,9.34,-0.26,0.69,-0.91,1.69,0.16,9.97,-0.25,-0.27,-0.51
160.95,-10.77,3.28,-1.79,9.27,-0.25,0.65,-0.95,1.72,-0.04,10.14,-0.24,-0.22,-0.8
161,-10.08,3.65,-1.69,9.32,-0.26,0.56,-1.09,1.14,-0.43,10.22,-0.2,-0.2,-0.86
161.01,-10.07,3.48,-1.81,9.42,-0.28,0.54,-1.16,0.61,-0.49,9.98,-0.18,-0.16,-0.93
161.03,-9.95,3.16,-1.93,9.53,-0.3,0.5,-1.22,0.34,-0.65,9.79,-0.2,-0.15,-0.93
161.04,-9.73,2.48,-2.06,9.67,-0.31,0.41,-1.31,0.17,-0.92,9.85,-0.22,-0.14,-0.87
161.05,-9.5,2.2,-2.09,9.68,-0.31,0.37,-1.33,0.12,-1.06,9.96,-0.2,-0.12,-0.82
161.06,-9.25,1.76,-2.07,9.63,-0.31,0.28,-1.31,0.07,-1.06,9.99,-0.18,-0.08,-0.73
161.07,-8.98,1.55,-2.04,9.56,-0.33,0.23,-1.26,0,-1.02,9.94,-0.19,-0.05,-0.7
161.09,-8.8,1.37,-2.12,9.64,-0.38,0.16,-1.19,-0.16,-1.06,10.03,-0.19,-0.02,-0.67
161.1,-8.7,1.26,-2.27,10,-0.43,0.07,-1.17,-0.37,-1.13,10.18,-0.18,-0.02,-0.67
161.11,-8.71,1.15,-2.43,10.27,-0.43,-0.02,-1.18,-0.45,-1.16,10.2,-0.15,-0.02,-0.66
161.12,-8.69,1.02,-2.48,10.34,-0.37,-0.16,-1.14,-0.35,-1.05,10.13,-0.12,-0.01,-0.63
161.14,-8.77,1.28,-2.23,10.23,-0.34,-0.26,-1.03,-0.23,-0.98,10.13,-0.1,0.02,-0.59
161.16,-9.12,1.7,-2.14,10.12,-0.33,-0.33,-0.93,-0.17,-1.15,10.12,-0.05,0.04,-0.57
161.17,-9.68,1.87,-1.98,9.87,-0.35,-0.37,-0.86,-0.19,-1.25,10.03,-0.03,0.06,-0.56
161.18,-10.39,1.8,-2.03,9.56,-0.41,-0.35,-0.74,-0.32,-1.37,9.99,-0.01,0.08,-0.53
161.2,-10.93,1.61,-2.08,9.52,-0.39,-0.3,-0.62,-0.58,-1.31,9.91,0.01,0.09,-0.48
161.21,-11.34,1.54,-2.05,9.42,-0.37,-0.26,-0.52,-0.76,-1.2,9.87,0.01,0.1,-0.44
161.22,-11.76,1.76,-2.11,9.39,-0.35,-0.24,-0.44,-0.94,-1.07,9.8,0.02,0.11,-0.34
161.24,-12.97,2.59,-2.1,9.52,-0.19,-0.22,-0.35,-0.43,-0.44,9.96,0.02,0.14,-0.14
161.26,-13.47,2.73,-2.12,9.44,-0.14,-0.19,-0.37,-0.32,-0.4,9.95,0.04,0.17,-0.13
161.27,-13.97,2.8,-2.14,9.37,-0.1,-0.16,-0.4,-0.28,-0.4,9.94,0.05,0.18,-0.13
161.28,-14.41,2.8,-2.21,9.34,-0.09,-0.14,-0.44,-0.13,-0.46,9.96,0.06,0.2,-0.15
161.29,-14.79,2.74,-2.38,9.31,-0.07,-0.13,-0.48,-0.01,-0.6,10.02,0.08,0.21,-0.2
161.32,-15.24,2.68,-2.53,9.29,-0.04,-0.08,-0.55,0.18,-0.82,10.06,0.13,0.21,-0.38
161.34,-15.47,2.73,-2.54,9.45,-0.03,-0.03,-0.59,0,-1.04,9.97,0.19,0.23,-0.52
161.35,-15.89,2.85,-2.55,9.54,-0.03,0,-0.6,-0.63,-1.22,9.92,0.2,0.25,-0.57
161.36,-16.52,2.74,-2.57,9.46,-0.04,0.03,-0.63,-1.17,-1.28,9.93,0.21,0.26,-0.51
161.37,-17.42,2.51,-2.49,9.35,-0.06,0.07,-0.68,-1.32,-1.16,9.99,0.24,0.28,-0.29
161.38,-18.4,2.54,-2.94,9.59,-0.03,0.14,-0.78,-0.97,-1.03,10.01,0.31,0.3,-0.24
161.4,-18.71,2.81,-2.79,9.54,0.04,0.2,-0.84,-0.86,-1.08,10.04,0.35,0.29,-0.34
161.42,-19.08,3.17,-2.54,9.3,0.06,0.26,-0.95,-0.61,-1.14,10.1,0.4,0.29,-0.45
161.43,-19.41,3.43,-2.42,9.17,0.06,0.27,-1.05,-0.47,-1.07,10.12,0.43,0.31,-0.5
161.44,-19.83,3.87,-2.3,9.15,0.06,0.25,-1.13,-0.23,-1.04,10.2,0.45,0.35,-0.51
161.46,-20.67,4.59,-1.93,9.03,0.17,0.18,-1.13,0.41,-0.76,10.46,0.47,0.42,-0.39
161.48,-21.18,4.81,-1.62,8.94,0.27,0.1,-1.05,1.13,-0.48,10.85,0.49,0.59,-0.18
161.5,-21.78,4.81,-1.28,8.73,0.38,-0.01,-0.98,1.55,-0.32,10.83,0.53,0.71,0
161.51,-22.08,4.66,-1.15,8.51,0.44,-0.11,-0.95,1.83,0.07,10.69,0.55,0.9,0.16
161.53,-23.17,4.19,-1.33,8.35,0.49,-0.27,-0.94,1.69,-0.08,10.66,0.58,1.09,0.2
161.55,-24.14,3.92,-1.91,8.42,0.51,-0.39,-0.95,0.99,-0.59,10.79,0.66,1.25,0.1
161.56,-26.02,4.1,-2.78,9.06,0.45,-0.42,-1.03,0.18,-0.81,11.35,0.89,1.37,-0.15
161.58,-27.5,4.58,-3.12,9.71,0.4,-0.35,-1.13,-0.23,-0.72,11.87,1.09,1.45,-0.59
161.59,-29.15,4.79,-3.54,10.26,0.35,-0.29,-1.45,0.06,-1.25,11.88,1.33,1.45,-1.09
161.61,-30.22,4.89,-3.77,10.18,0.18,-0.37,-1.74,0.77,-1.67,11.38,1.53,1.39,-1.91
161.62,-31.56,5.08,-4.24,10.12,-0.07,-0.52,-2.19,-0.09,-2.99,11.24,1.69,1.2,-3.19
161.65,-33.46,5.16,-4.67,10.04,-0.25,-0.65,-2.78,-1.74,-3.95,10.68,1.77,1.14,-3.59
161.66,-35.68,4.63,-4.82,10.02,-0.39,-0.65,-3.17,-2.99,-4.52,10.18,1.69,1.16,-3.88
161.67,-37.89,4.01,-4.71,10.16,-0.54,-0.64,-3.36,-3.6,-5.01,10.14,1.63,1.25,-3.94
161.68,-39.63,3.39,-4.67,10.29,-0.74,-0.68,-3.46,-3.7,-5.28,9.88,1.65,1.28,-4.05
161.7,-40.91,3.02,-4.48,10.21,-0.9,-0.78,-3.54,-3.6,-5.12,9.03,1.65,1.15,-4.18
161.71,-42,2.49,-4.08,10.21,-0.98,-0.89,-3.51,-3.55,-4.99,8.46,1.6,1.02,-4.3
161.72,-44.12,2.46,-3.11,9.82,-1.09,-1.07,-3.48,-4.66,-4.78,7.72,1.32,0.6,-4.38
161.74,-45.68,2.46,-2.66,9.58,-1.24,-1.15,-3.45,-5.46,-4.85,7.76,1.23,0.42,-4.22
161.76,-47.94,2.4,-2.37,9.6,-1.39,-1.2,-3.37,-6.18,-4.4,7.45,1.13,0.14,-3.84
161.78,-49.37,2.04,-2.06,9.69,-1.44,-1.19,-3.26,-6.38,-3.85,7.09,1.07,-0.05,-3.49
161.78,-50.29,1.65,-1.81,9.72,-1.5,-1.16,-3.12,-6.42,-3.43,6.8,1.03,-0.23,-3.25
161.8,-50.94,1.35,-1.43,9.67,-1.57,-1.15,-3,-6.25,-2.97,6.59,0.99,-0.45,-3.06
161.81,-51.32,1.22,-1.08,9.67,-1.64,-1.14,-2.87,-5.85,-2.44,6.54,0.96,-0.76,-2.95
161.82,-51.12,1.16,-0.85,9.73,-1.67,-1.13,-2.68,-5.51,-2.13,6.58,0.94,-1.03,-2.94
161.83,-50.48,1.25,-0.56,9.69,-1.66,-1.11,-2.31,-5.13,-1.91,6.89,0.9,-1.44,-3.01
161.85,-49.72,1.38,-0.51,9.58,-1.69,-1.1,-2.09,-5.07,-1.88,7.24,0.87,-1.74,-3.07
161.86,-48.73,1.52,-0.76,9.64,-1.65,-1.08,-1.82,-5.16,-1.79,7.48,0.84,-1.93,-3.07
161.87,-47.46,1.79,-0.68,9.51,-1.4,-1.02,-1.53,-5.23,-1.58,7.75,0.79,-2.22,-2.95
161.9,-45.43,2.14,-0.14,8.94,-1.24,-0.9,-1.11,-5.05,-1.33,8.09,0.73,-2.46,-2.72
161.91,-43.76,2.38,-0.09,8.8,-1.24,-0.85,-0.92,-4.77,-1.23,8.45,0.7,-2.7,-2.4
161.95,-41.55,2.86,0.03,8.72,-1.19,-0.73,-0.6,-4.15,-1.1,8.85,0.66,-2.83,-2.21
161.96,-39.8,3.22,0.44,8.48,-1.15,-0.66,-0.48,-3.64,-1.1,9.09,0.62,-2.9,-2.08
161.97,-38.16,3.74,0.9,8.18,-1.17,-0.56,-0.44,-3.26,-1,9.22,0.56,-2.94,-1.89
161.99,-36.65,4.64,1.14,7.81,-1.2,-0.44,-0.54,-2.93,-0.77,9.14,0.45,-2.91,-1.66
162.01,-35.19,5.12,1.22,7.56,-1.24,-0.33,-0.62,-2.66,-0.61,9.16,0.37,-2.69,-1.42
162.03,-32.77,5.73,0.28,7.12,-1.49,-0.11,-0.66,-2.26,-0.35,9.27,0.06,-2.16,-1.19
162.05,-32.54,5.91,-0.24,7,-1.57,-0.06,-0.68,-2.33,-0.63,9.28,0,-1.46,-0.85
162.08,-32.59,5.79,-1.44,7.09,-1.61,0.01,-0.71,-1.23,-0.71,9.21,-0.16,-0.78,-0.7
162.09,-33,5.49,-1.6,7.2,-1.46,0.05,-0.69,-0.53,-0.17,8.54,-0.33,-0.25,-0.71
162.11,-33.66,5.24,-1.27,7.39,-1.33,0.06,-0.7,-0.71,0.03,8.46,-0.4,0.26,-0.77
162.13,-35.11,5.43,-1.32,7.59,-1.33,0.04,-0.94,-1.66,0.05,8.54,-0.52,0.72,-0.77
162.15,-37.03,5.56,-1.79,7.84,-1.29,0.22,-1.17,-2.85,-0.15,8.4,-0.54,0.92,-0.72
162.15,-38.04,3.91,-1.37,10.45,-0.66,0.8,-0.98,-1.2,0.59,10.78,-1.1,0.74,-0.09
162.18,-36.72,7.09,-0.05,13.06,-0.51,1.02,-0.66,4.06,0.69,18.87,-1.22,0.16,-0.31
162.2,-35.66,13.42,-2.86,10.73,-1.1,0.54,-1.33,4.88,0.88,13.82,0.18,1.14,-1.38
162.21,-36.17,7.44,-0.49,9.93,-0.51,0.57,-1.51,-0.18,-0.27,9.69,-0.27,1.77,-1.71
162.23,-37.55,3.87,1.17,9.64,-0.65,0.7,-1.38,-4.54,-1.19,8.8,-0.47,1.97,-1.74
162.24,-38.38,-2.8,-1,9.88,-1.63,1.25,-1.61,-11.25,-1.61,8.19,-0.47,1.44,-1.49
162.25,-39.87,-4.67,-2.58,10.58,-1.73,1.34,-1.6,-10.44,-1.05,8.08,-0.37,0.93,-1.03
162.26,-42.37,-4.67,-2.58,10.58,-1.73,1.34,-1.6,-7.54,-0.49,8.41,-0.4,0.64,-0.63
162.28,-44.04,-4.67,-2.58,10.58,-1.73,1.34,-1.6,-4.35,-2.19,9.81,-0.55,0.47,-0.16
162.3,-44.75,-4.67,-2.58,10.58,-1.73,1.34,-1.6,-2.32,-2.77,10.63,-0.25,0.73,0.2
162.32,-45.3,-4.67,-2.58,10.58,-1.73,1.34,-1.6,-2.6,-1.72,10.01,-0.26,0.73,0.43
162.33,-45.62,-4.67,-2.58,10.58,-1.73,1.34,-1.6,-2.34,-1.53,9.9,-0.21,0.61,0.51
162.35,-45.62,-4.67,-2.58,10.58,-1.73,1.34,-1.6,-1.43,-1.13,9.68,-0.15,0.46,0.5
162.36,-44.95,-4.67,-2.58,10.58,-1.73,1.34,-1.6,-0.49,-1.07,9.62,-0.18,0.45,0.44
162.38,-44.58,-4.67,-2.58,10.58,-1.73,1.34,-1.6,-0.33,-1.35,9.8,-0.19,0.51,0.39
162.39,-44.11,-4.67,-2.58,10.58,-1.73,1.34,-1.6,-0.29,-1.64,9.94,-0.18,0.54,0.35
162.4,-43.39,-4.67,-2.58,10.58,-1.73,1.34,-1.6,-0.6,-2.12,9.97,-0.17,0.52,0.24
162.42,-43.02,-4.67,-2.58,10.58,-1.73,1.34,-1.6,-0.91,-2.23,9.9,-0.12,0.52,0.38
162.44,-42.72,-4.67,-2.58,10.58,-1.73,1.34,-1.6,-1.37,-2.06,9.67,-0.1,0.56,0.57
162.46,-42.71,-4.67,-2.58,10.58,-1.73,1.34,-1.6,-1.64,-2.05,9.77,-0.11,0.57,0.68
162.47,-42.76,-4.67,-2.58,10.58,-1.73,1.34,-1.6,-1.71,-1.93,9.9,-0.1,0.6,0.87
162.48,-42.74,-4.67,-2.58,10.58,-1.73,1.34,-1.6,-1.36,-1.62,9.98,-0.07,0.61,0.99
162.5,-42.56,-4.67,-2.58,10.58,-1.73,1.34,-1.6,-0.84,-1.5,10.01,-0.05,0.61,1
162.51,-42.23,-4.67,-2.58,10.58,-1.73,1.34,-1.6,-0.36,-1.45,10,-0.03,0.62,0.91
162.52,-41.78,-4.67,-2.58,10.58,-1.73,1.34,-1.6,-0.03,-1.44,9.91,0,0.62,0.69
162.54,-40.45,-4.67,-2.58,10.58,-1.73,1.34,-1.6,-0.81,-1.46,9.44,0.01,0.63,0.28
162.57,-40.37,-4.67,-2.58,10.58,-1.73,1.34,-1.6,-1.09,-1.59,9.41,-0.02,0.63,0.22
162.59,-40.35,-4.67,-2.58,10.58,-1.73,1.34,-1.6,-1.32,-1.72,9.32,-0.04,0.63,0.16
162.61,-40.26,-4.67,-2.58,10.58,-1.73,1.34,-1.6,-0.92,-1.62,9.15,-0.04,0.63,0.1
162.62,-39.94,-4.67,-2.58,10.58,-1.73,1.34,-1.6,-0.4,-1.43,9.33,-0.06,0.63,-0.08
162.63,-39.63,-4.67,-2.58,10.58,-1.73,1.34,-1.6,-0.54,-1.27,9.94,-0.05,0.65,-0.18
162.65,-39.47,-4.67,-2.58,10.58,-1.73,1.34,-1.6,-0.73,-1.07,10.3,-0.01,0.67,-0.28
162.66,-39.39,-4.67,-2.58,10.58,-1.73,1.34,-1.6,-1.21,-0.55,10.3,0.04,0.77,-0.31
162.67,-39.52,-4.67,-2.58,10.58,-1.73,1.34,-1.6,-1.37,-0.21,10.2,0,0.9,-0.21
162.69,-39.69,-4.67,-2.58,10.58,-1.73,1.34,-1.6,-1.25,-0.42,10.31,-0.08,0.98,-0.1
162.7,-39.8,-4.67,-2.58,10.58,-1.73,1.34,-1.6,-0.9,-1.01,10.56,-0.1,1.06,-0.06
162.72,-39.89,-4.67,-2.58,10.58,-1.73,1.34,-1.6,-0.86,-1.26,10.56,-0.08,1.18,0.03
162.73,-40.08,-4.67,-2.58,10.58,-1.73,1.34,-1.6,-0.8,-1.5,10.71,-0.09,1.27,0.08
162.75,-40.25,-4.67,-2.58,10.58,-1.73,1.34,-1.6,-0.92,-1.46,10.92,-0.08,1.36,0.13
162.76,-40.98,-4.67,-2.58,10.58,-1.73,1.34,-1.6,-1.46,-1.04,11.23,-0.04,1.5,0.3
162.79,-41.29,-4.67,-2.58,10.58,-1.73,1.34,-1.6,-1.52,-0.88,11.32,-0.03,1.57,0.41
162.8,-41.85,-4.67,-2.58,10.58,-1.73,1.34,-1.6,-1.04,-0.78,11.81,-0.03,1.68,0.6
162.81,-42.1,-4.67,-2.58,10.58,-1.73,1.34,-1.6,-0.24,-0.46,12.21,0.01,1.76,0.71
162.83,-42.12,-4.67,-2.58,10.58,-1.73,1.34,-1.6,0.44,0.08,12.32,0.03,1.84,0.88
162.84,-41.87,-4.67,-2.58,10.58,-1.73,1.34,-1.6,1.5,1.2,12.59,0.02,2,1.05
162.86,-41.61,-4.67,-2.58,10.58,-1.73,1.34,-1.6,2.02,1.84,12.78,0.01,2.07,1.23
162.87,-41.25,-4.67,-2.58,10.58,-1.73,1.34,-1.6,2.59,2.31,12.79,-0.01,2.12,1.41
162.89,-40.76,-4.67,-2.58,10.58,-1.73,1.34,-1.6,3.2,2.11,12.6,-0.04,2.15,1.52
162.9,-40.31,-4.67,-2.58,10.58,-1.73,1.34,-1.6,3.58,1.75,12.5,-0.08,2.16,1.42
162.91,-39.51,-4.67,-2.58,10.58,-1.73,1.34,-1.6,3.62,0.95,12.68,-0.2,2.17,0.99
162.92,-38.97,-4.67,-2.58,10.58,-1.73,1.34,-1.6,2.51,-0.14,13.09,-0.32,2.21,0.22
162.93,-38.91,-4.67,-2.58,10.58,-1.73,1.34,-1.6,1.18,-1.13,13.1,-0.42,2.35,-0.7
162.95,-40.08,-4.67,-2.58,10.58,-1.73,1.34,-1.6,-2.15,-3.77,11.42,-0.6,2.6,-1.65
162.97,-41.51,-4.67,-2.58,10.58,-1.73,1.34,-1.6,-3.7,-4.72,10.24,-0.58,2.67,-1.98
162.98,-43.44,-4.67,-2.58,10.58,-1.73,1.34,-1.6,-5.22,-5.47,8.79,-0.54,2.59,-2.18
163,-93.89,0.64,-0.29,2.92,-0.37,-3,-1.68,-8.4,-6.03,6.76,-0.36,1.75,-1.83
163.02,-95.3,-0.3,-2.6,9.18,-0.57,-2.62,-1.6,-11.13,-4.93,5.52,-0.1,1.06,-1.46
163.04,-96.43,-0.82,-2.76,11.35,-0.26,-2.53,-1.59,-11.52,-3.72,5,0.08,0.21,-1.06
163.05,-96.5,-0.8,-2.51,11.74,-0.15,-2.54,-1.55,-11.11,-3.49,4.67,0.17,-0.07,-0.94
163.07,-96.36,-0.92,-1.69,12.08,0.04,-2.54,-1.35,-10.37,-3.53,4.16,0.31,-0.59,-0.7
163.08,-95.35,-1.06,-0.26,11.69,0.07,-2.49,-0.85,-9.71,-3.7,3.34,0.59,-1.46,-0.36
163.09,-94.84,-1.25,0.15,11.25,-0.1,-2.47,-0.69,-9.56,-3.48,2.74,0.75,-2.04,-0.18
163.11,-93.41,-1.39,0.26,10.66,-0.27,-2.44,-0.58,-9.18,-2.9,2.17,0.82,-2.55,0.02
163.13,-92.3,-1.66,0.1,10.45,-0.28,-2.4,-0.52,-8.8,-2.45,1.88,0.83,-2.92,0.16
163.14,-90.9,-1.77,0.35,9.7,-0.32,-2.26,-0.29,-8.38,-1.96,1.71,0.84,-3.29,0.26
163.15,-88.69,-1.74,0.35,8.82,-0.49,-2.06,-0.13,-7.85,-1.39,1.78,0.88,-3.77,0.31
163.16,-86.03,-1.82,0.06,8.22,-0.62,-1.84,0.09,-7.38,-0.96,2.03,0.91,-4.24,0.27
163.18,-83.76,-1.78,-0.38,8.07,-0.67,-1.64,0.34,-6.96,-0.65,2.56,0.95,-4.49,0.23
163.19,-80.57,-1.65,-0.59,7.89,-0.65,-1.48,0.54,-6.58,-0.28,3.16,0.99,-4.76,0.21
163.2,-77.46,-1.31,-0.6,7.62,-0.6,-1.28,0.73,-6.3,-0.1,3.66,1,-4.94,0.21
163.21,-73.19,-0.86,-0.31,7.15,-0.59,-1.07,0.82,-5.79,-0.14,4.53,1,-5.06,0.23
163.22,-69.17,-0.36,-0.03,6.94,-0.58,-0.93,0.85,-5.44,-0.55,5.28,1,-5.13,0.25
163.24,-65.09,0.14,0.26,6.96,-0.56,-0.84,0.85,-5.02,-0.82,6.03,1.04,-5.18,0.3
163.25,-61.01,1.08,0.74,7.04,-0.56,-0.66,0.82,-4.5,-0.54,6.85,1.06,-5.21,0.37
163.26,-55.75,2.4,0.83,7.36,-0.59,-0.42,0.79,-3.54,-0.32,8.11,1.01,-5.14,0.41
163.28,-51.96,3.26,0.62,7.57,-0.6,-0.21,0.82,-2.4,-0.39,9.35,0.95,-4.91,0.43
163.29,-48.15,4.57,0.32,7.49,-0.61,-0.07,0.87,-1.33,-0.46,10.21,0.93,-4.53,0.43
163.3,-44.9,6.37,-0.27,7.06,-0.62,0.01,0.92,-0.79,-0.06,10.52,0.89,-3.95,0.37
163.31,-42.59,7.89,-0.73,6.7,-0.67,-0.09,0.78,-0.76,0.2,10.57,0.82,-3.59,0.32
163.33,-41.04,9.37,-1.12,6.81,-0.74,-0.2,0.4,-0.36,0.33,10.43,0.73,-2.97,0.26
163.34,-39.64,9.75,-1.35,7.25,-0.72,-0.22,-0.09,0.32,0.43,10.41,0.63,-2.41,0.19
163.35,-38.67,9.71,-1.34,7.66,-0.64,-0.18,-0.57,0.75,0.13,10.41,0.52,-1.96,0.12
163.36,-37.87,8.94,-0.89,7.65,-0.54,-0.08,-1,0.65,-0.05,10.01,0.38,-1.01,0.01
163.38,-37.77,7.89,-0.48,7.48,-0.53,-0.02,-1.17,0.1,-0.04,9.45,0.14,-0.26,-0.05
163.39,-38.23,7.26,-0.33,7.68,-0.6,0.01,-1.05,-0.42,-0.46,9.2,-0.14,0.42,-0.06
163.41,-39.71,6.37,-0.29,8.21,-0.78,0.04,-0.77,-1.55,-1.24,9.41,-0.57,1.04,-0.02
163.42,-40.48,5.94,-0.2,8.56,-0.98,0.2,-0.61,-2.09,-1.35,10.7,-0.81,1,0.58
163.44,-39.11,3.64,0.16,12.97,-1.01,0.7,0.16,2.98,1.31,15.85,-0.6,0.54,1.05
163.46,-36.62,4.5,-0.29,12.04,-0.71,0.77,0.3,3.13,2.32,13.86,-0.27,0.88,0.25
163.47,-35.64,6.59,-2.54,10.75,-0.88,0.65,-0.04,0.61,0.64,11.21,-0.57,1.38,-0.48
163.49,-36.45,5.56,-3.13,10.63,-0.68,0.64,-0.11,-3.23,-2.11,10.89,-0.76,1.69,-0.84
163.51,-37.6,1.7,-1.33,10.39,-0.68,1.04,-0.26,-6.76,-2.21,10.42,-0.44,1.46,-0.84
163.53,-38.19,-0.43,-1.98,10.43,-1.01,1.3,-0.37,-6.3,-1.51,9.5,-0.26,1.22,-0.78
163.53,-37.07,-1.97,-3.18,10.67,-1.11,1.33,-0.39,-5.02,-1.39,8.79,-0.27,0.95,-0.65
163.55,-35.41,-1.01,-4.61,10.51,-0.97,1.5,-0.31,-4.61,-1.86,8.73,-0.35,0.78,-0.52
163.56,-34.1,0.41,-5.32,9.93,-0.6,1.53,-0.09,-4.75,-2.91,9.05,-0.41,0.68,-0.07
163.58,-33.05,1.75,-3.11,9.53,-0.27,1.38,0.6,-3.71,-1.88,9.55,-0.39,0.68,0.45
163.6,-31.82,1.61,-2.09,9.82,-0.24,1.36,0.62,-2.76,-1.48,9.93,-0.4,0.64,0.7
163.61,-30.86,1.31,-1.8,9.98,-0.24,1.35,0.56,-1.55,-1.41,10.21,-0.39,0.56,0.73
163.62,-29.12,1.21,-2.04,9.9,-0.24,1.34,0.55,-0.47,-1.49,10.25,-0.35,0.51,0.68
163.63,-25.63,2.06,-3.54,8.95,-0.18,1.15,0.9,0.37,-1.76,10.04,-0.31,0.55,0.46
163.66,-24.46,2.75,-4.23,8.53,-0.05,1.04,1.11,0.16,-2.19,10,-0.31,0.57,0.32
163.67,-23.46,2.89,-4.77,8.72,0.14,1.01,1.25,-0.42,-2.69,10.02,-0.28,0.56,0.22
163.68,-22.84,2.69,-4.95,8.99,0.27,1.03,1.33,-0.91,-3.02,9.94,-0.26,0.56,0.28
163.7,-22.24,2.38,-4.71,9.18,0.45,1.06,1.45,-1.13,-3.2,9.76,-0.25,0.56,0.46
163.71,-21.65,2.38,-4.15,9.02,0.55,1.04,1.53,-1.16,-3.33,9.61,-0.25,0.58,0.82
163.73,-20.96,2.98,-3.52,8.66,0.5,0.92,1.57,-0.67,-3.18,9.78,-0.23,0.6,1.06
163.74,-20.54,3.25,-3.43,8.8,0.43,0.83,1.57,-0.08,-2.66,9.97,-0.19,0.63,1.17
163.75,-20.28,3.45,-3.37,9.02,0.39,0.77,1.54,0.29,-2.38,10.06,-0.18,0.65,1.2
163.77,-19.91,3.73,-3.21,9.16,0.36,0.73,1.46,0.76,-2.13,10.18,-0.15,0.67,1.15
163.78,-19.55,4.03,-2.94,9.08,0.33,0.7,1.3,1.09,-1.94,10.19,-0.1,0.69,0.98
163.79,-19.11,4.19,-2.67,8.82,0.24,0.67,1.05,1.13,-1.79,10.07,-0.04,0.71,0.84
163.8,-19.08,4.02,-2.64,8.69,0.15,0.65,0.89,0.79,-1.72,9.94,-0.01,0.74,0.63
163.82,-19.01,3.54,-2.7,8.9,0.07,0.62,0.71,-0.11,-1.68,9.84,0.02,0.78,0.5
163.83,-19.1,2.78,-2.68,9.08,0.05,0.62,0.64,-0.71,-1.63,9.72,0.03,0.81,0.48
163.85,-19.13,1.92,-2.54,9.14,0.05,0.66,0.63,-1.18,-1.45,9.4,0.03,0.87,0.55
163.87,-19,1.64,-2.4,9.06,0.03,0.69,0.69,-1.13,-1.34,9.3,0.01,0.9,0.6
163.88,-18.77,1.52,-2.41,9.02,0.01,0.71,0.72,-0.88,-1.29,9.22,-0.02,0.92,0.62
163.89,-18.45,1.61,-2.56,8.97,-0.01,0.71,0.76,-0.63,-1.31,9.21,-0.04,0.95,0.57
163.9,-18.2,1.71,-2.73,9.05,0.05,0.7,0.82,-0.35,-1.32,9.29,-0.07,0.96,0.48
163.91,-17.92,1.81,-2.58,9.03,0.12,0.68,0.89,-0.53,-1.55,9.6,-0.03,1,0.37
163.92,-17.79,1.92,-2.27,8.89,0.14,0.66,0.93,-0.86,-1.26,9.53,-0.02,1.04,0.32
163.93,-17.98,1.93,-2.09,8.89,0.07,0.65,0.93,-1.25,-1.24,9.56,-0.04,1.1,0.24
163.94,-18.31,1.87,-2.21,9.37,0.01,0.68,0.91,-2.24,-0.88,9.79,-0.05,1.16,0.24
163.96,-19.29,1.63,-2.31,10.3,0.06,0.74,0.93,-3.02,-0.74,10.11,-0.13,1.23,0.46
163.98,-19.75,1.55,-2.21,10.76,0.17,0.77,0.99,-2.69,-0.66,10.42,-0.15,1.25,0.56
163.99,-19.97,1.75,-2.22,10.78,0.22,0.79,1.02,-2.2,-0.64,10.65,-0.18,1.26,0.63
164,-20.16,2.25,-2.38,10.59,0.27,0.8,1.03,-1.77,-0.92,10.92,-0.15,1.31,0.62
164.02,-20.49,3.02,-2.47,10.36,0.3,0.79,0.98,-1.27,-0.93,11.15,-0.11,1.36,0.59
164.03,-20.99,3.72,-2.55,10.24,0.32,0.78,0.87,-1.04,-1,11.39,-0.08,1.44,0.53
164.05,-21.56,4.07,-2.69,10.45,0.32,0.75,0.73,-0.89,-1.26,11.91,-0.05,1.52,0.53
164.06,-22.13,4.21,-2.75,10.67,0.32,0.7,0.66,-0.67,-1.2,12.27,-0.01,1.58,0.56
164.07,-22.95,4.26,-2.59,10.92,0.44,0.5,0.59,-0.07,-0.59,12.4,0.04,1.68,0.71
164.09,-23.69,4.59,-2.12,10.8,0.66,0.16,0.52,0.72,0.14,12.41,0.05,1.77,0.92
164.1,-25.12,5.03,-1.41,10.32,0.98,-0.26,0.44,1.81,1.48,12.53,0.04,1.86,1.34
164.12,-25.98,5.15,-1.06,9.74,1.26,-0.55,0.4,2.8,2.35,12.43,0.01,1.91,1.54
164.13,-26.67,5.42,-0.74,9.14,1.44,-0.77,0.36,3.64,2.82,12.29,-0.03,1.97,1.57
164.15,-28.42,6.2,0.24,7.91,1.55,-1.18,0.32,4.73,2.53,12.12,-0.26,2.13,1.08
164.16,-30.11,6.62,0.27,7.49,1.49,-1.39,0.32,4.19,1.47,12.27,-0.48,2.31,0.49
164.17,-32.23,6.6,0.23,7.99,1.49,-1.58,0.26,2.42,-0.14,12.76,-0.68,2.51,-0.17
164.19,-35.34,6.18,0.5,10.44,1.43,-1.66,0.05,-0.01,-1.57,12.34,-0.71,2.63,-1.02
164.2,-37.92,5.56,0.1,11.75,1.29,-1.64,-0.11,-2.23,-2.5,11.19,-0.71,2.66,-1.58
164.21,-40.16,4.05,-0.88,12.93,1.12,-1.72,-0.39,-3.74,-3.15,10.19,-0.73,2.64,-1.87
164.22,-43.55,3.08,-1.28,13.24,1.06,-1.95,-0.63,-5.89,-4.52,8.64,-0.79,2.44,-1.86
164.25,-48.6,2.02,-0.26,12.46,0.68,-2.32,-0.87,-8.54,-5.98,7.42,-0.64,2.16,-1.66
164.26,-51.07,1.64,-0.17,12.53,0.43,-2.26,-0.9,-9.82,-5.75,6.95,-0.49,1.72,-1.42
164.27,-54.62,0.88,-0.83,13.15,0.11,-2.19,-0.91,-11.13,-4.97,6.22,-0.41,1.21,-1.03
164.28,-57.53,0.33,-1.88,13.83,0,-2.22,-0.91,-11.33,-4.49,5.86,-0.27,0.58,-0.52
164.29,-59.4,0.12,-1.8,13.72,0.06,-2.3,-0.82,-10.85,-4.15,5.48,-0.13,0.01,-0.15
164.31,-61.23,-0.12,-1.36,13.44,0.13,-2.43,-0.69,-10.13,-3.93,4.74,0.06,-0.42,0.03
164.32,-62.46,-0.42,-0.84,13.13,0.14,-2.47,-0.6,-9.8,-3.86,3.99,0.22,-0.86,0.19
164.34,-63.57,-1.11,-0.29,12.52,0.1,-2.45,-0.42,-9.6,-3.64,3.03,0.42,-1.42,0.28
164.35,-64.14,-1.44,-0.02,11.91,-0.05,-2.39,-0.31,-9.37,-3.25,2.37,0.55,-2.08,0.39
164.37,-64.27,-1.77,0.08,10.77,-0.25,-2.33,-0.18,-9.01,-2.69,1.67,0.66,-2.52,0.45
164.38,-64.41,-1.88,0.02,10.48,-0.34,-2.24,-0.07,-8.74,-2.2,1.38,0.68,-2.94,0.44
164.39,-63.49,-1.97,-0.03,9.81,-0.45,-2.05,0.1,-8.43,-1.73,1.28,0.69,-3.36,0.4
164.4,-62.82,-1.78,-0.18,9.54,-0.46,-1.91,0.15,-8.02,-1.16,1.35,0.7,-3.76,0.36
164.41,-61.15,-1.82,-0.26,9.17,-0.41,-1.7,0.33,-7.67,-0.61,1.7,0.7,-4.21,0.28
164.43,-58.21,-1.79,-0.04,8.49,-0.4,-1.46,0.56,-7.43,-0.61,2.32,0.7,-4.8,0.24
164.45,-52.17,-1.51,-0.27,7.44,-0.47,-1.08,0.84,-6.79,-0.75,3.72,0.72,-5.08,0.41
164.47,-48.71,-1.17,-0.18,7.16,-0.47,-0.95,0.9,-6.6,-1.23,4.46,0.72,-5.18,0.56
164.49,-45.78,-0.76,-0.15,7.21,-0.48,-0.83,0.96,-6.35,-1.88,5.14,0.7,-5.24,0.68
164.5,-42.56,-0.15,-0.08,7.33,-0.47,-0.64,1.05,-6.03,-2.1,5.82,0.68,-5.25,0.92
164.51,-39.37,0.62,-0.19,7.32,-0.51,-0.41,1.2,-5.2,-1.97,6.56,0.59,-5.16,1.18
164.52,-36.13,1.49,-0.47,7,-0.59,-0.18,1.39,-3.91,-2.01,7.63,0.47,-4.93,1.42
164.53,-33,2.57,-0.98,6.49,-0.75,0.02,1.63,-2.65,-2.33,8.74,0.38,-4.59,1.64
164.55,-29.91,4.17,-1.58,6.32,-0.91,0.04,1.72,-2.11,-2.29,9.54,0.34,-4.03,1.84
164.56,-28.46,5.58,-2.06,6.62,-0.99,-0.05,1.65,-2.24,-1.97,9.65,0.31,-3.55,1.94
164.57,-26.98,6.66,-2.4,6.91,-1.04,-0.2,1.39,-1.52,-1.19,9.45,0.21,-2.94,2.14
164.59,-26.8,8.04,-2.53,7.68,-0.91,-0.34,0.85,0.32,-0.36,9.76,0.04,-2.13,2.07
164.61,-27.27,8.15,-1.6,7.82,-0.67,-0.29,0.39,1.2,-0.21,9.99,-0.03,-1.56,1.8
164.62,-26.91,7.88,-1.2,7.89,-0.56,-0.23,0.2,1.53,0.19,9.84,-0.1,-0.63,1.47
164.64,-27.29,7.68,-1.07,7.9,-0.49,-0.15,0.18,1.78,0.54,9.94,-0.21,-0.02,1.16
164.65,-28.02,7.9,-1.4,7.58,-0.56,-0.06,0.18,1.54,0.45,10.12,-0.27,0.52,0.73
164.66,-28.96,7.74,-2,8.03,-0.61,0.16,0.16,1.62,0.25,10.47,-0.46,0.82,0.51
164.67,-29.13,7.66,-1.39,11.16,-0.45,0.43,0.32,3.72,0.34,14.76,-0.89,0.74,0.63
164.68,-28.1,8.94,-1.26,12.85,-0.4,0.73,0.34,9.26,-0.41,19.61,-0.55,0.27,0.01
164.69,-27.16,12.02,-1.62,12.42,-0.49,0.88,-0.22,9.37,-0.14,18.54,0.11,0.44,-1.34
164.71,-26.83,13.36,-2.83,9.87,-0.76,0.7,-1.25,4.4,0.75,12.99,0.31,0.96,-2.11
164.72,-28,11.7,-3.55,9.2,-0.67,0.58,-1.68,-0.28,-0.88,10.09,-0.11,1.51,-2.29
164.73,-33.05,3.63,-0.79,9.53,-0.42,0.77,-1.93,-7.42,-2.15,8.66,-0.19,1.83,-1.64
164.75,-34.91,0.16,-1.13,9.89,-0.95,1.22,-1.9,-7.67,-1.54,7.87,-0.17,0.83,-1.02
164.78,-31.8,-5.69,-4.38,10.7,-0.85,1.44,-1.05,-4.22,-2.31,9.03,-0.47,0.62,-0.62
164.79,-29.4,-4.18,-4.84,9.57,-0.48,1.24,-0.51,-3.88,-3.13,9.73,-0.46,0.72,-0.28
164.8,-27.42,-1.22,-4.7,8.99,-0.23,1.01,0.07,-3.2,-2.42,9.54,-0.35,0.87,0.04
164.81,-26.93,0.57,-4.28,9.29,-0.12,0.92,0.53,-2.82,-1.79,9.32,-0.35,0.89,0.19
164.82,-26.45,2.03,-2.87,10.68,0.03,0.89,0.87,-1.91,-1.42,9.56,-0.38,0.66,0.27
164.84,-25.67,2.04,-2.79,10.64,0.13,0.89,0.96,-0.75,-1.57,9.91,-0.36,0.43,0.13
164.86,-24.11,2.42,-2.6,9.65,0.31,0.75,0.97,0.2,-2.17,10.22,-0.33,0.47,0.06
164.87,-23.61,3.28,-2.8,8.64,0.28,0.55,0.93,-0.23,-2.7,10.25,-0.28,0.58,0.08
164.88,-23.89,4.11,-3.17,8.25,0.21,0.43,0.88,-0.94,-2.98,10.14,-0.19,0.64,0.14
164.9,-24.56,4.34,-3.64,8.54,0.18,0.4,0.84,-1.4,-2.98,9.99,-0.14,0.63,0.22
164.91,-25.06,3.63,-4.1,9.22,0.21,0.44,0.87,-1.58,-2.89,9.76,-0.1,0.58,0.31
164.92,-25.1,2.38,-4.36,9.66,0.31,0.5,0.99,-1.56,-2.83,9.73,-0.1,0.56,0.42
164.93,-24.72,1.37,-4.31,9.64,0.47,0.5,1.15,-1.39,-2.72,9.86,-0.08,0.55,0.53
164.95,-24.15,1.18,-3.81,9.35,0.62,0.42,1.31,-1.24,-2.58,9.9,-0.06,0.55,0.6
164.96,-23.81,1.64,-3.2,9.2,0.67,0.32,1.41,-1.14,-2.35,9.84,-0.02,0.55,0.62
164.97,-23.72,2.61,-2.81,9.37,0.64,0.25,1.46,-1.36,-2.18,9.69,0,0.53,0.6
164.98,-23.93,3.05,-2.82,9.64,0.6,0.22,1.45,-1.58,-2.21,9.7,0.02,0.5,0.57
164.99,-24.44,2.99,-2.96,9.67,0.6,0.2,1.3,-2.02,-2.1,9.85,0.11,0.44,0.59
165.01,-24.73,2.81,-2.81,9.55,0.6,0.2,1.16,-2,-2.06,9.77,0.15,0.41,0.61
165.02,-24.96,2.56,-2.61,9.52,0.56,0.21,1.01,-1.93,-2.02,9.56,0.18,0.37,0.65
165.04,-25.01,2.33,-2.74,9.58,0.53,0.21,0.92,-1.86,-1.98,9.39,0.18,0.32,0.65
165.05,-24.97,2.25,-2.9,9.6,0.56,0.21,0.9,-1.78,-2,9.43,0.18,0.29,0.64
165.07,-24.67,2.4,-2.73,9.46,0.63,0.25,0.93,-1.55,-2.08,9.76,0.21,0.23,0.63
165.09,-24.5,2.58,-2.61,9.46,0.64,0.27,0.98,-1.57,-2.02,9.87,0.25,0.23,0.65
165.11,-24.46,2.64,-2.57,9.49,0.65,0.28,1.02,-1.64,-1.9,9.93,0.29,0.24,0.71
165.12,-24.42,2.65,-2.47,9.53,0.68,0.27,1.07,-1.73,-1.73,9.85,0.34,0.25,0.89
165.14,-24.31,2.59,-2.19,9.49,0.74,0.22,1.19,-1.33,-1.3,9.65,0.33,0.27,1
165.15,-24.14,2.63,-2.22,9.53,0.79,0.18,1.25,-1.05,-1.27,9.83,0.31,0.29,1.04
165.16,-23.98,2.74,-2.25,9.53,0.84,0.13,1.3,-0.8,-1.3,10.14,0.32,0.3,1.1
165.17,-23.96,2.88,-2.21,9.49,0.87,0.05,1.34,-0.69,-1.34,10.33,0.35,0.33,1.14
165.19,-23.86,2.94,-2.36,9.62,0.85,-0.12,1.38,-0.62,-1.33,10.47,0.44,0.4,1.18
165.2,-24.05,2.98,-2.52,9.64,0.87,-0.19,1.37,-0.69,-1.35,10.42,0.47,0.45,1.19
165.21,-24.25,3.06,-2.56,9.56,0.92,-0.3,1.34,-0.87,-1.43,10.41,0.48,0.5,1.21
165.23,-24.86,3.25,-2.47,9.51,0.95,-0.36,1.31,-1.32,-1.52,10.65,0.48,0.54,1.38
165.25,-26.27,3.46,-2.34,10.09,0.95,-0.49,1.34,-2.01,-1.25,11.5,0.42,0.54,1.54
165.27,-27.05,3.29,-2.09,10.51,1.03,-0.62,1.36,-2.25,-0.81,11.55,0.43,0.54,1.75
165.28,-27.74,3.04,-1.63,10.92,1.19,-0.8,1.39,-2.69,0,11.27,0.44,0.56,2.04
165.29,-29.11,2.36,-0.71,11.15,1.36,-0.97,1.49,-3.37,0.61,10.28,0.37,0.55,2.27
165.31,-30.13,1.87,-0.43,10.92,1.49,-1.06,1.59,-3.53,0.77,9.52,0.27,0.54,2.51
165.32,-31.58,1.54,-0.4,10.18,1.62,-1.13,1.75,-3.45,0.42,8.94,0.11,0.46,2.65
165.34,-32.36,1.3,-0.71,9.89,1.69,-1.12,1.89,-3.27,-0.13,8.78,0.04,0.38,2.65
165.35,-32.99,1.18,-0.98,9.62,1.77,-1.06,2.04,-3.01,-0.9,8.63,-0.02,0.23,2.5
165.36,-33.37,0.87,-1.31,9.3,1.78,-0.95,2.16,-3.02,-1.72,8.38,-0.06,0.07,2.21
165.38,-33.57,0.5,-1.72,9.38,1.72,-0.9,2.19,-3.71,-2.08,8.08,-0.08,-0.03,2.05
165.39,-33.66,0.18,-1.77,9.47,1.71,-0.9,2.2,-4.65,-2.21,7.76,-0.12,-0.12,1.95
165.41,-34.18,-0.1,-1.91,9.53,1.67,-0.87,2.25,-5.6,-2.42,7.44,-0.17,-0.16,2
165.41,-34.85,-0.34,-2.05,9.49,1.63,-0.83,2.35,-6.35,-2.63,7.29,-0.21,-0.2,2.1
165.43,-35.25,-0.47,-1.92,9.2,1.57,-0.75,2.54,-6.68,-2.92,7.15,-0.26,-0.24,2.33
165.44,-35.8,-0.51,-1.73,9,1.45,-0.65,2.81,-6.67,-3.2,7.08,-0.33,-0.32,2.68
165.46,-36.33,-0.31,-1.44,8.84,1.3,-0.55,3.05,-6.31,-3.36,7.06,-0.39,-0.37,2.85
165.47,-36.54,0.15,-1.37,8.98,1.16,-0.46,3.23,-5.84,-3.37,7.32,-0.48,-0.39,3.18
165.49,-36.64,1.01,-1.54,9.14,1.04,-0.4,3.34,-5.44,-3.27,7.83,-0.61,-0.32,3.38
165.5,-37.08,1.86,-1.85,9.4,0.96,-0.29,3.44,-5.34,-3.23,8.16,-0.75,-0.05,3.72
165.52,-38.07,2.88,-2.19,9.68,0.91,-0.19,3.52,-5.66,-3.03,8.37,-1,0.07,3.84
165.53,-39.13,3.16,-2.18,9.92,0.96,-0.1,3.55,-5.84,-2.91,8.44,-1.19,0.22,4.05
165.55,-39.86,3.19,-1.94,10.01,1,-0.04,3.54,-5.68,-2.8,8.67,-1.39,0.36,4.29
165.56,-40.8,3.1,-1.51,10.04,1.07,0.05,3.5,-5.08,-2.62,9.12,-1.59,0.54,4.58
165.57,-41.77,2.88,-1.01,9.9,1.17,0.21,3.4,-3.79,-2.09,9.91,-1.87,0.91,4.87
165.6,-41.9,2.93,-1.06,9.89,1.18,0.22,3.39,-3.55,-2.01,10.08,-1.92,1.01,4.88
165.62,-42.06,3.21,-1.26,9.81,1.22,0.23,3.36,-3.24,-1.97,10.27,-1.98,1.14,4.84
165.62,-42.27,3.45,-1.4,9.75,1.24,0.24,3.32,-2.92,-1.91,10.37,-1.99,1.23,4.79
165.64,-42.56,3.8,-1.55,9.59,1.29,0.27,3.22,-2.62,-1.82,10.35,-1.98,1.3,4.62
165.65,-42.77,3.9,-1.57,9.43,1.33,0.31,3.14,-2.4,-1.77,10.23,-1.95,1.35,4.48
165.66,-42.98,3.88,-1.57,9.33,1.34,0.35,3.09,-2.3,-1.77,10.11,-1.92,1.37,4.28
165.68,-43.12,3.72,-1.58,9.27,1.34,0.41,3.04,-2.34,-1.91,10.02,-1.88,1.36,4.06
165.68,-43.14,3.31,-1.67,9.21,1.31,0.5,2.99,-2.48,-2.21,9.92,-1.83,1.32,3.81
165.7,-43.06,3.06,-1.75,9.24,1.26,0.53,2.98,-2.6,-2.46,9.83,-1.78,1.23,3.52
165.72,-42.55,2.44,-2.07,9.46,1.09,0.47,2.94,-2.8,-2.78,9.59,-1.68,1.16,3.38
165.73,-42.21,2.13,-2.37,9.7,0.97,0.37,2.92,-3,-2.94,9.36,-1.6,1.04,3.21
165.75,-41.84,1.96,-2.78,9.78,0.88,0.24,2.9,-3.14,-3,9.12,-1.52,0.78,2.96
165.77,-41.23,2.08,-3.25,9.23,0.87,0.17,2.87,-3.26,-2.98,8.47,-1.41,0.63,2.84
165.78,-40.96,2.25,-3.3,9.04,0.82,0.15,2.77,-3.27,-2.99,8.31,-1.36,0.47,2.72
165.8,-40.69,2.37,-3.42,9,0.72,0.12,2.61,-3.28,-3.04,8.2,-1.3,0.28,2.6
165.81,-40.49,2.52,-3.59,9,0.67,0.09,2.49,-3.27,-3.07,7.98,-1.2,0.09,2.47
165.82,-40.09,2.74,-3.56,8.84,0.6,0.04,2.32,-3.19,-3.02,7.66,-1.1,-0.17,2.3
165.83,-39.86,3.07,-3.29,8.52,0.51,0.04,2.18,-2.95,-2.98,7.29,-0.99,-0.41,2.13
165.85,-39.34,3.22,-3.14,8.03,0.31,0.09,1.96,-2.61,-2.83,7.21,-0.84,-0.75,1.91
165.86,-38.56,3.22,-3.15,7.72,0.14,0.13,1.75,-2.39,-2.63,7.23,-0.74,-0.96,1.78
165.87,-37.64,3.18,-3.16,7.56,0.02,0.16,1.59,-2.1,-2.34,7.17,-0.64,-1.21,1.61
165.88,-36.9,3.19,-3.12,7.45,-0.08,0.18,1.38,-1.86,-2.13,7.14,-0.62,-1.42,1.47
165.89,-35.23,3.44,-3.08,7.38,-0.11,0.15,1.21,-1.37,-2.09,7.46,-0.69,-1.59,1.3
165.91,-34.1,4.63,-2.85,7.47,-0.15,0.06,1.15,-0.3,-1.92,10.07,-0.81,-1.62,1.3
165.92,-32.36,6.29,-2.6,7.6,-0.27,-0.09,1,1.38,-2.49,12.4,-0.65,-1.41,1.16
165.94,-31.63,8.56,-2.6,7.17,-0.35,-0.13,0.68,3.79,-1.48,12.03,-0.32,-0.89,0.52
165.96,-30.6,8.69,-1.89,7.07,-0.45,-0.13,0.07,4.26,-0.71,10.79,-0.22,-0.72,-0.46
165.97,-29.8,8.16,-1.56,7.69,-0.59,-0.21,-0.41,3.55,-0.07,10.95,-0.2,-0.8,-1.11
165.99,-28.87,7.83,-1.64,9.52,-0.59,-0.42,-0.67,2.68,0.05,13.55,-0.29,-0.75,-1.32
166,-28.93,8.6,-1.2,11.09,-0.46,-0.68,-0.68,2.54,-0.54,16.36,-0.23,-0.58,-1.27
166.02,-28.91,9.64,-0.4,11.17,-0.28,-0.93,-0.57,2.04,-0.14,16.21,0.04,-0.29,-1.25
166.03,-29.88,8.94,0.81,10.65,-0.15,-0.93,-0.52,0.3,0.55,13.66,0.14,0.09,-1.22
166.04,-31.79,4.93,1.67,10.17,-0.06,-0.97,-0.56,-3.26,0.65,10.01,0.07,0.46,-0.72
166.07,-35.5,-0.11,-0.48,11.3,-0.03,-1.18,-0.56,-8.24,-0.06,6.84,-0.29,0.24,-0.49
166.09,-36.7,-1.72,-1.9,11,-0.05,-1.21,-0.42,-8.19,-1.18,7.82,-0.47,-0.14,0.16
166.1,-36.84,-1.75,-3.35,9.62,0.23,-1.04,0.23,-5.96,-2.23,9.84,-0.44,-0.3,0.61
166.12,-36.05,0.58,-3.4,9.51,0.63,-0.93,1,-4,-2.2,10.17,-0.28,-0.33,0.71
166.13,-35.91,1.51,-3.25,9.75,0.72,-0.91,1.19,-3.2,-1.92,10.04,-0.24,-0.31,0.67
166.14,-35.89,3.64,-2.86,10.21,0.87,-1,1.44,-2.32,-1.19,9.42,-0.22,-0.21,0.49
166.15,-36.8,5.06,-2.47,10.16,0.94,-1.24,1.31,-2.92,-1.17,9.15,-0.26,-0.24,0.1
166.17,-38.23,5.51,-1.68,9.72,0.93,-1.3,1.17,-3.61,-1.33,9.21,-0.29,-0.3,-0.04
166.18,-40.12,5.21,-0.96,9.02,0.74,-1.15,0.94,-4.1,-1.57,9.36,-0.27,-0.39,-0.06
166.2,-41.24,4.92,-0.89,8.69,0.63,-1.03,0.8,-4.27,-1.71,9.56,-0.23,-0.4,0.08
166.21,-42.51,4.87,-1.07,8.75,0.59,-0.97,0.68,-4.14,-1.78,9.69,-0.18,-0.38,0.3
166.22,-44.08,5.17,-1.33,8.58,0.67,-0.98,0.72,-3.33,-1.49,9.43,-0.11,-0.34,0.63
166.25,-44.8,5.23,-1.25,8.21,0.65,-0.96,0.69,-2.97,-1.43,9.35,-0.12,-0.33,0.67
166.26,-45.41,5.14,-1.2,7.88,0.56,-0.94,0.61,-2.58,-1.52,9.36,-0.14,-0.32,0.67
166.27,-45.6,5.12,-1.26,7.84,0.51,-0.93,0.58,-2.27,-1.61,9.44,-0.13,-0.32,0.62
166.29,-46.15,5.14,-1.66,7.93,0.5,-0.9,0.55,-1.8,-1.56,9.47,-0.08,-0.3,0.52
166.3,-46.12,5.21,-1.72,7.9,0.52,-0.91,0.55,-1.6,-1.48,9.48,-0.06,-0.29,0.43
166.31,-46.52,5.39,-1.47,7.64,0.53,-0.94,0.52,-1.7,-1.44,9.54,-0.03,-0.28,0.34
166.32,-47.12,5.69,-1.24,7.53,0.5,-0.97,0.5,-1.93,-1.44,9.61,-0.02,-0.27,0.24
166.34,-48.24,5.86,-1.17,7.68,0.47,-1,0.4,-2.21,-1.56,9.61,0,-0.24,0.17
166.37,-49.28,5.46,-1.31,7.91,0.51,-1,0.33,-2.9,-1.81,9.38,0.01,-0.23,0.21
166.38,-49.79,5.36,-1.4,7.96,0.49,-0.99,0.29,-3.07,-1.91,9.34,0.01,-0.23,0.27
166.4,-50.62,5.51,-1.49,7.93,0.44,-0.97,0.3,-3.06,-1.91,9.46,0.04,-0.25,0.36
166.41,-51.18,5.8,-1.48,7.88,0.42,-0.95,0.35,-2.83,-1.85,9.61,0.06,-0.26,0.43
166.42,-51.69,6.14,-1.34,7.88,0.43,-0.94,0.37,-2.65,-1.76,9.71,0.08,-0.27,0.44
166.43,-52.31,6.42,-1.07,7.91,0.42,-0.93,0.35,-2.53,-1.61,9.75,0.11,-0.26,0.43
166.45,-52.79,6.51,-0.89,7.83,0.38,-0.92,0.29,-2.39,-1.42,9.61,0.14,-0.26,0.38
166.46,-53.34,6.41,-0.89,7.73,0.32,-0.89,0.16,-2.38,-1.38,9.39,0.14,-0.25,0.26
166.48,-53.93,6.29,-1.03,7.64,0.26,-0.85,0.05,-2.5,-1.39,9.31,0.15,-0.28,0.13
166.49,-54.32,6.36,-1.01,7.47,0.22,-0.81,-0.02,-2.53,-1.42,9.41,0.17,-0.31,0.07
166.51,-54.59,6.46,-0.94,7.4,0.21,-0.81,-0.03,-2.46,-1.38,9.61,0.19,-0.32,0.06
166.52,-54.93,6.67,-0.77,7.28,0.18,-0.79,-0.05,-2.26,-1.17,9.7,0.21,-0.31,0.07
166.53,-55.49,6.85,-0.47,6.99,0.16,-0.79,-0.07,-2.04,-0.95,9.64,0.22,-0.27,0.07
166.55,-55.98,6.79,-0.34,6.77,0.16,-0.79,-0.09,-1.92,-0.8,9.56,0.23,-0.25,0.06
166.56,-56.22,6.74,-0.29,6.55,0.15,-0.8,-0.12,-1.85,-0.67,9.55,0.24,-0.23,0.03
166.57,-56.85,6.82,-0.35,6.56,0.16,-0.82,-0.14,-1.86,-0.65,9.65,0.25,-0.24,-0.02
166.58,-57.19,7.03,-0.43,6.73,0.18,-0.84,-0.16,-1.89,-0.71,9.77,0.26,-0.24,-0.06
166.6,-57.55,7.22,-0.26,6.7,0.19,-0.85,-0.13,-1.88,-0.75,9.81,0.27,-0.23,-0.07
166.61,-58.02,7.27,-0.04,6.63,0.17,-0.86,-0.11,-1.93,-0.65,9.74,0.26,-0.2,-0.06
166.62,-58.66,7.34,0.06,6.44,0.15,-0.86,-0.09,-1.96,-0.54,9.65,0.25,-0.17,-0.03
166.63,-59.37,7.3,0.21,6.08,0.18,-0.84,-0.09,-1.9,-0.29,9.54,0.2,-0.12,0.08
166.66,-60.11,7.25,0.46,5.86,0.2,-0.88,-0.1,-1.82,-0.05,9.54,0.17,-0.11,0.11
166.67,-60.83,7.22,0.39,6,0.22,-0.91,-0.11,-1.88,0.07,9.52,0.15,-0.13,0.12
166.68,-61.36,7.39,0.34,6.16,0.25,-0.92,-0.1,-2.05,0.07,9.6,0.13,-0.16,0.1
166.69,-62.18,7.64,0.4,6.22,0.25,-0.91,-0.08,-2.27,-0.17,9.7,0.1,-0.18,0.08
166.71,-62.93,7.76,0.52,6.06,0.22,-0.89,-0.06,-2.3,-0.33,9.68,0.09,-0.16,0.12
166.73,-63.41,7.77,0.52,5.87,0.21,-0.88,-0.05,-2.18,-0.31,9.65,0.06,-0.11,0.21
166.74,-64.28,7.71,0.53,5.65,0.23,-0.88,-0.06,-1.84,-0.22,9.56,0.02,-0.08,0.29
166.75,-64.77,7.58,0.53,5.54,0.25,-0.89,-0.07,-1.54,0.03,9.53,0,-0.08,0.33
166.77,-65.48,7.73,0.33,5.51,0.29,-0.92,-0.1,-1.53,0.09,9.57,0.01,-0.16,0.2
166.79,-66.11,8.09,0.23,5.46,0.29,-0.93,-0.11,-1.69,-0.12,9.72,0.04,-0.22,0.06
166.81,-66.73,8.38,0.31,5.28,0.26,-0.91,-0.09,-1.86,-0.4,9.86,0.06,-0.21,-0.01
166.82,-67.21,8.52,0.46,5.1,0.24,-0.9,-0.07,-1.97,-0.58,9.94,0.06,-0.13,0.05
166.83,-68.12,8.52,0.8,4.71,0.21,-0.89,-0.07,-1.82,-0.66,9.84,0.02,-0.04,0.15
166.84,-68.87,8.23,0.99,4.44,0.17,-0.91,-0.11,-1.49,-0.56,9.7,-0.01,0.03,0.24
166.85,-69.31,7.95,0.87,4.41,0.16,-0.96,-0.18,-1.04,-0.15,9.53,-0.05,0.05,0.32
166.87,-69.92,7.8,0.47,4.48,0.18,-0.99,-0.23,-0.85,0.21,9.4,-0.05,-0.02,0.25
166.88,-70.3,7.88,0.27,4.44,0.19,-1.02,-0.23,-0.95,0.21,9.35,-0.03,-0.12,0.09
166.89,-70.74,8.07,0.19,4.24,0.19,-1.04,-0.21,-1.15,0.05,9.4,0,-0.18,-0.03
166.9,-71.25,8.32,0.18,4.01,0.17,-1.06,-0.17,-1.32,-0.41,9.73,0,-0.2,-0.15
166.92,-72.49,8.63,0.29,3.73,0.16,-1.1,-0.16,-1.45,-1.13,10.03,-0.02,-0.12,-0.02
166.94,-73.49,8.66,0.33,3.76,0.15,-1.14,-0.22,-1.43,-1.13,9.94,-0.02,-0.09,0.11
166.95,-74.2,8.63,0.16,3.89,0.13,-1.18,-0.3,-1.43,-0.9,9.85,-0.01,-0.09,0.18
166.96,-74.9,8.7,0.05,3.97,0.11,-1.2,-0.33,-1.48,-0.73,9.68,0.01,-0.13,0.15
166.98,-75.52,8.75,-0.02,3.91,0.07,-1.21,-0.36,-1.44,-0.67,9.65,0.04,-0.2,0.05
166.99,-76.28,8.9,-0.05,3.78,0.06,-1.22,-0.37,-1.36,-0.73,9.8,0.09,-0.25,-0.06
167,-76.86,9.01,-0.04,3.59,0.05,-1.22,-0.37,-1.35,-0.89,9.94,0.12,-0.27,-0.12
167.01,-77.31,9.12,0.07,3.42,0.05,-1.22,-0.38,-1.36,-1.05,10,0.15,-0.27,-0.18
167.03,-77.79,9.17,0.32,3.26,0.05,-1.23,-0.42,-1.31,-1.15,9.98,0.16,-0.26,-0.2
167.04,-78.23,9.21,0.56,3.18,0.03,-1.25,-0.49,-1.23,-1.03,9.87,0.16,-0.25,-0.22
167.05,-79.35,9.29,1.01,3.23,-0.05,-1.26,-0.61,-1.32,-0.77,9.86,0.12,-0.29,-0.25
167.06,-79.94,9.36,1.11,3.26,-0.1,-1.25,-0.66,-1.55,-0.62,9.9,0.13,-0.32,-0.27
167.07,-80.42,9.39,1.21,3.12,-0.12,-1.24,-0.7,-1.87,-0.37,9.95,0.14,-0.34,-0.31
167.09,-81.18,9.58,1.48,2.91,-0.13,-1.23,-0.7,-2.16,-0.23,10.02,0.13,-0.31,-0.34
167.1,-82.1,9.86,1.85,2.58,-0.15,-1.21,-0.66,-2.27,-0.25,10.14,0.12,-0.26,-0.31
167.11,-82.91,10.02,2.16,2.4,-0.18,-1.15,-0.59,-2.3,-0.13,10.18,0.12,-0.18,-0.22
167.12,-83.85,10.17,2.59,2.34,-0.22,-1.1,-0.54,-2.15,0.13,10.17,0.09,-0.13,-0.05
167.14,-85.54,9.93,2.65,2.59,-0.28,-0.96,-0.44,-1.83,0.78,9.96,0.04,-0.14,-0.06
167.16,-86.12,9.76,2.38,2.74,-0.26,-0.92,-0.42,-1.78,0.86,9.83,0.04,-0.19,-0.19
167.17,-86.49,9.78,2.32,2.85,-0.21,-0.85,-0.42,-1.97,0.73,9.87,0.05,-0.23,-0.27
167.18,-86.76,9.83,2.28,3,-0.16,-0.77,-0.38,-2.27,0.33,9.97,0.05,-0.26,-0.3
167.2,-87.13,9.8,2.23,3.13,-0.12,-0.64,-0.27,-2.71,-0.05,9.95,0.04,-0.28,-0.19
167.21,-87.38,9.69,2.29,3.07,-0.11,-0.57,-0.2,-2.8,-0.17,9.83,0.03,-0.3,-0.11
167.22,-87.62,9.33,2.23,2.55,-0.1,-0.49,-0.13,-2.43,-0.06,9.66,0.02,-0.33,0.05
167.24,-87.74,9.16,2.14,2.17,-0.1,-0.48,-0.12,-1.69,-0.03,9.51,0,-0.36,0.1
167.25,-87.64,8.95,1.99,1.62,-0.09,-0.48,-0.1,-0.96,-0.03,9.49,-0.01,-0.41,0.12
167.27,-87.6,8.74,1.69,0.84,-0.07,-0.47,-0.05,-0.38,-0.2,9.48,-0.02,-0.44,0.1
167.29,-87.63,8.74,1.55,0.47,-0.05,-0.48,-0.04,-0.27,-0.28,9.5,-0.03,-0.45,0.12
167.3,-87.81,8.87,1.53,0.1,-0.01,-0.51,-0.07,-0.17,-0.5,9.6,-0.05,-0.43,0.16
167.32,-88.09,9.16,1.45,-0.04,0.01,-0.51,-0.1,-0.04,-0.63,9.71,-0.07,-0.38,0.2
167.33,-88.3,9.42,1.33,-0.06,0.02,-0.49,-0.09,0.05,-0.66,9.81,-0.08,-0.33,0.22
167.35,-88.29,9.59,1.2,0.03,0.05,-0.44,-0.07,0.15,-0.73,9.9,-0.1,-0.31,0.25
167.36,-88.35,9.7,1.14,0.18,0.09,-0.38,-0.05,0.24,-0.7,9.89,-0.09,-0.31,0.25
167.37,-88.31,9.62,1.22,0.22,0.12,-0.31,-0.04,0.27,-0.67,9.88,-0.08,-0.31,0.23
167.39,-88.24,9.42,1.14,0.36,0.11,-0.28,-0.07,0.21,-0.68,9.88,-0.05,-0.33,0.18
167.41,-88.05,9.27,1.55,0.36,0.12,-0.28,-0.08,0,-0.57,9.81,-0.02,-0.34,0.16
167.43,-87.99,9.44,1.66,0.42,0.1,-0.27,-0.09,-0.06,-0.61,9.74,-0.02,-0.33,0.13
167.44,-87.86,9.49,1.59,0.55,0.09,-0.24,-0.07,-0.17,-0.67,9.71,-0.03,-0.3,0.15
167.46,-87.82,9.47,1.56,0.53,0.09,-0.2,-0.05,-0.29,-0.61,9.7,-0.05,-0.27,0.17
167.47,-87.85,9.38,1.6,0.37,0.1,-0.19,-0.06,-0.35,-0.6,9.73,-0.06,-0.25,0.2
167.49,-87.97,9.34,1.67,0.17,0.1,-0.17,-0.07,-0.25,-0.51,9.82,-0.05,-0.24,0.23
167.5,-88.07,9.35,1.72,0.07,0.1,-0.15,-0.05,-0.1,-0.44,9.85,-0.04,-0.24,0.26
167.52,-88.19,9.42,1.8,-0.03,0.09,-0.11,-0.02,0.28,-0.32,9.88,-0.04,-0.22,0.27
167.55,-88.01,9.38,1.85,-0.06,0.1,-0.08,0,0.58,-0.26,9.84,-0.04,-0.21,0.25
167.56,-87.84,9.34,1.87,-0.09,0.1,-0.08,0.01,0.72,-0.19,9.8,-0.04,-0.2,0.24
167.57,-87.55,9.24,1.89,-0.14,0.11,-0.08,0.01,0.83,-0.13,9.76,-0.05,-0.19,0.18
167.59,-87.32,9.06,1.92,-0.26,0.12,-0.09,0.02,0.8,-0.21,9.73,-0.07,-0.17,0.13
167.6,-87.21,9.02,1.9,-0.27,0.11,-0.09,0.02,0.72,-0.27,9.74,-0.07,-0.17,0.13
167.62,-87.14,9,1.85,-0.27,0.11,-0.09,0.04,0.6,-0.4,9.77,-0.08,-0.16,0.13
167.63,-87.08,9,1.85,-0.27,0.11,-0.09,0.04,0.58,-0.42,9.77,-0.09,-0.16,0.14
167.65,-87.1,9.02,1.78,-0.23,0.12,-0.09,0.07,0.51,-0.44,9.74,-0.1,-0.16,0.14
167.67,-87.07,9.06,1.74,-0.16,0.12,-0.08,0.1,0.47,-0.45,9.71,-0.11,-0.16,0.15
167.68,-87.1,9.11,1.74,-0.06,0.14,-0.08,0.11,0.43,-0.44,9.71,-0.11,-0.16,0.16
167.69,-87.1,9.19,1.77,0.06,0.16,-0.08,0.13,0.34,-0.45,9.75,-0.12,-0.17,0.16
167.71,-87.06,9.23,1.8,0.17,0.17,-0.08,0.14,0.23,-0.48,9.82,-0.13,-0.17,0.17
167.72,-87.01,9.3,1.81,0.31,0.17,-0.07,0.14,0.06,-0.62,10,-0.14,-0.19,0.18
167.74,-86.98,9.37,1.8,0.4,0.16,-0.07,0.15,0.01,-0.71,10.03,-0.14,-0.2,0.18
167.75,-86.93,9.47,1.78,0.47,0.15,-0.07,0.16,0.01,-0.77,10.08,-0.13,-0.2,0.2
167.76,-86.73,9.6,1.71,0.59,0.12,-0.08,0.17,0.11,-0.74,10.03,-0.11,-0.22,0.22
167.78,-86.68,9.6,1.7,0.6,0.11,-0.09,0.18,0.15,-0.7,10.01,-0.1,-0.23,0.21
167.8,-86.38,9.55,1.58,0.7,0.09,-0.1,0.17,0.27,-0.62,9.93,-0.07,-0.26,0.18
167.81,-86.01,9.51,1.65,0.62,0.07,-0.11,0.14,0.36,-0.61,9.83,-0.05,-0.3,0.11
167.83,-85.76,9.4,1.62,0.58,0.05,-0.11,0.11,0.38,-0.64,9.75,-0.03,-0.32,0.09
167.84,-85.59,9.37,1.63,0.58,0.05,-0.11,0.11,0.39,-0.68,9.71,-0.03,-0.33,0.07
167.85,-85.28,9.31,1.64,0.54,0.02,-0.1,0.12,0.44,-0.76,9.67,-0.01,-0.36,0.04
167.87,-84.97,9.26,1.6,0.44,-0.01,-0.1,0.12,0.53,-0.83,9.67,0,-0.38,0.01
167.88,-84.65,9.24,1.51,0.3,-0.06,-0.1,0.09,0.69,-0.86,9.74,0.02,-0.41,-0.03
167.89,-84.38,9.29,1.45,0.28,-0.09,-0.1,0.07,0.82,-0.82,9.8,0.04,-0.43,-0.07
167.91,-83.9,9.42,1.49,0.23,-0.12,-0.11,0.05,0.86,-0.76,9.91,0.06,-0.42,-0.08
167.92,-83.75,9.48,1.51,0.19,-0.14,-0.1,0.06,0.8,-0.73,9.92,0.08,-0.4,-0.08
167.93,-83.67,9.5,1.51,0.15,-0.15,-0.1,0.07,0.73,-0.71,9.91,0.08,-0.39,-0.07
167.94,-83.55,9.49,1.43,0.04,-0.16,-0.1,0.11,0.67,-0.68,9.81,0.1,-0.36,-0.04
167.95,-83.52,9.45,1.37,0,-0.16,-0.1,0.12,0.66,-0.66,9.76,0.1,-0.34,-0.03
167.96,-83.49,9.38,1.32,-0.07,-0.14,-0.1,0.12,0.68,-0.65,9.57,0.11,-0.3,0.01
167.98,-83.57,9.17,1.34,-0.09,-0.13,-0.08,0.11,0.76,-0.64,9.17,0.12,-0.22,0.07
168,-83.61,8.97,1.35,-0.02,-0.13,-0.03,0.1,0.71,-0.63,8.83,0.12,-0.16,0.11
168.02,-83.62,8.84,1.37,0.07,-0.14,0.02,0.08,0.63,-0.59,8.65,0.11,-0.11,0.13
168.03,-83.65,8.71,1.49,0.05,-0.17,0.08,0.07,0.54,-0.54,8.54,0.11,-0.08,0.15
168.04,-83.76,8.58,1.59,0.06,-0.26,0.16,0.07,0.39,-0.36,8.46,0.1,-0.02,0.19
168.06,-83.79,8.57,1.53,0.26,-0.29,0.22,0.07,0.28,-0.28,8.54,0.09,0,0.22
168.07,-83.77,8.66,1.58,0.33,-0.31,0.28,0.07,0.23,-0.18,8.92,0.07,-0.01,0.29
168.1,-83.54,9.12,1.57,0.41,-0.33,0.39,0.08,0.42,-0.11,10.96,0.02,-0.17,0.35
168.1,-83.16,9.89,1.46,0.43,-0.34,0.41,0.09,0.8,-0.51,12,-0.04,-0.33,0.38
168.12,-82.5,10.88,1.28,0.68,-0.31,0.37,0.07,1.72,-0.95,12.65,0.05,-0.34,0.38
168.13,-81.58,11.52,1.35,1.09,-0.11,0.17,0.09,1.96,-0.12,12.04,0.17,-0.16,0.33
168.14,-81.08,11.01,1.75,0.96,0.01,0.04,0.15,1.63,0.28,11.19,0.18,0.02,0.22
168.16,-80.96,10.29,1.81,1,0,0,0.11,1.12,0.17,10.32,0.15,0.14,0.09
168.17,-81.04,9.59,1.62,1.01,-0.02,0,0.04,0.61,-0.26,9.65,0.08,0.19,0.02
168.18,-81.23,8.62,1.21,0.88,-0.04,0,-0.07,0.3,-0.87,9.18,0.01,0.15,0.07
168.21,-81.48,8.35,1.15,0.65,-0.01,-0.02,-0.1,0.43,-0.94,9,-0.04,0.07,0.21
168.22,-81.57,8.64,1.23,0.61,-0.02,-0.02,-0.04,0.64,-0.7,9.07,-0.06,0.03,0.26
168.23,-81.52,9.16,1.3,0.69,-0.06,0.02,0.03,0.93,-0.38,9.27,-0.05,-0.01,0.24
168.25,-81.38,9.42,1.33,0.73,-0.06,0.05,0.06,1.23,-0.12,9.56,-0.02,-0.06,0.16
168.26,-81.09,9.64,1.38,0.73,-0.06,0.08,0.07,1.45,-0.05,9.94,0.01,-0.1,0.07
168.27,-80.68,9.69,1.37,0.68,-0.05,0.08,0.06,1.58,-0.2,10.26,0.02,-0.11,0.01
168.29,-80.32,9.57,1.32,0.6,-0.01,0.02,0.03,1.01,-0.54,10.3,0.02,-0.03,-0.03
168.31,-80.37,9.54,1.37,0.63,0.01,-0.01,0.04,0.67,-0.58,10.05,0.01,0.01,0.02
168.34,-80.64,9.42,1.39,0.67,0.01,-0.02,0.04,0.55,-0.56,9.65,-0.02,0.04,0.07
168.35,-80.77,9.24,1.31,0.65,0,0,0.07,0.74,-0.6,9.5,-0.04,0.03,0.13
168.36,-80.74,9.22,1.22,0.61,-0.01,0.03,0.1,1.02,-0.54,9.55,-0.05,0,0.19
168.38,-80.66,9.37,1.18,0.6,-0.01,0.03,0.1,1.1,-0.46,9.7,-0.05,-0.02,0.18
168.4,-80.5,9.56,1.15,0.64,-0.01,0.03,0.07,1.17,-0.42,9.91,-0.03,-0.03,0.12
168.41,-80.42,9.62,1.14,0.66,-0.01,0.02,0.05,1.22,-0.43,9.98,-0.02,-0.02,0.08
168.42,-80.29,9.62,1.12,0.66,-0.02,0.01,0.02,1.25,-0.48,10.03,0.01,-0.01,0.03
168.43,-80.17,9.52,1.11,0.65,-0.02,-0.01,0,1.16,-0.56,9.91,0.03,0.01,-0.01
168.46,-80.17,9.42,1.15,0.64,-0.02,-0.02,-0.01,1,-0.63,9.74,0.02,0.01,-0.01
168.47,-80.21,9.37,1.18,0.65,-0.02,-0.02,-0.01,0.9,-0.65,9.65,0.01,0.01,0.01
168.49,-80.27,9.36,1.19,0.68,-0.03,-0.01,0,0.87,-0.63,9.65,0,0,0.03
168.51,-80.28,9.41,1.14,0.7,-0.04,-0.01,0,0.96,-0.56,9.78,0,-0.01,0.05
168.53,-80.26,9.46,1.12,0.69,-0.04,-0.01,0,1.03,-0.54,9.85,0,-0.01,0.05
168.54,-80.22,9.49,1.14,0.68,-0.04,-0.02,0,1.06,-0.55,9.87,0.01,-0.01,0.03
168.56,-80.18,9.47,1.18,0.68,-0.04,-0.02,-0.01,1.04,-0.55,9.83,0.02,-0.01,0.02
168.57,-80.17,9.44,1.23,0.69,-0.04,-0.02,-0.02,0.99,-0.53,9.75,0.02,-0.01,0
168.59,-80.16,9.42,1.26,0.7,-0.05,-0.02,-0.02,0.95,-0.51,9.73,0.01,-0.01,0
168.6,-80.17,9.41,1.29,0.71,-0.05,-0.01,-0.03,0.91,-0.48,9.76,0,-0.01,0
168.62,-80.18,9.43,1.28,0.7,-0.06,-0.02,-0.04,0.93,-0.46,9.79,0,-0.01,0.01
168.63,-80.17,9.44,1.28,0.7,-0.05,-0.02,-0.04,0.98,-0.43,9.82,0,-0.01,0.01
168.64,-80.16,9.44,1.27,0.68,-0.05,-0.02,-0.04,1.02,-0.42,9.84,0,-0.01,0.01
168.65,-80.15,9.4,1.28,0.64,-0.04,-0.02,-0.04,1.04,-0.41,9.81,0,-0.01,0
168.67,-80.14,9.38,1.28,0.65,-0.03,-0.02,-0.03,1,-0.43,9.76,0,-0.01,0
168.69,-80.15,9.37,1.31,0.67,-0.03,-0.01,-0.01,0.94,-0.5,9.71,0,-0.02,0.01
168.71,-80.16,9.36,1.36,0.65,-0.04,-0.01,0,0.94,-0.52,9.73,0,-0.02,0.02
168.72,-80.16,9.36,1.41,0.61,-0.08,0,0.03,1.01,-0.47,9.77,-0.01,-0.02,0.03
168.74,-80.15,9.41,1.3,0.61,-0.08,0,0.02,1.06,-0.43,9.79,-0.02,-0.01,0.02
168.76,-80.13,9.35,1.28,0.59,-0.06,-0.01,0.03,1.09,-0.42,9.79,-0.02,-0.01,0.02
168.77,-80.12,9.35,1.3,0.6,-0.06,-0.01,0.04,1.12,-0.43,9.8,-0.02,0,0.02
168.78,-80.1,9.33,1.3,0.61,-0.06,-0.02,0.06,1.12,-0.46,9.78,-0.01,0,0.01
168.8,-80.08,9.31,1.25,0.61,-0.06,-0.02,0.06,1.1,-0.43,9.73,-0.01,-0.01,0.02
168.81,-80.08,9.35,1.19,0.6,-0.05,-0.02,0.07,1.06,-0.44,9.71,-0.01,-0.01,0.02
168.82,-80.08,9.47,1.09,0.57,-0.04,-0.01,0.07,1.07,-0.52,9.73,-0.02,-0.01,0.03
168.83,-80.1,9.57,1.01,0.51,-0.03,0,0.04,1.13,-0.61,9.8,-0.01,0,0.04
168.84,-80.1,9.59,0.97,0.52,-0.01,0.01,0.02,1.17,-0.65,9.83,0,0,0.04
168.85,-80.07,9.56,0.99,0.56,0.01,0,0.01,1.19,-0.65,9.82,0,0.01,0.04
168.87,-80,9.37,1.1,0.68,0,-0.01,0.01,1.11,-0.65,9.79,0.01,0.01,0.01
168.89,-80.01,9.45,1.09,0.74,-0.04,-0.03,0,0.94,-0.65,9.78,0.02,0,0.01
168.91,-80.02,9.54,1.09,0.76,-0.04,-0.03,-0.01,0.89,-0.63,9.8,0.02,-0.01,0.01
168.92,-80.04,9.55,1.11,0.76,-0.04,-0.03,-0.01,0.88,-0.62,9.81,0.02,-0.01,0.01
168.94,-80.07,9.52,1.17,0.74,-0.05,-0.02,-0.02,0.89,-0.59,9.81,0.02,0,0.01
168.95,-80.09,9.44,1.24,0.72,-0.05,-0.02,-0.03,0.94,-0.52,9.8,0.01,0,0.01
168.96,-80.1,9.41,1.26,0.71,-0.06,-0.02,-0.03,0.97,-0.48,9.81,0.01,0,0.01
168.97,-80.1,9.39,1.28,0.71,-0.06,-0.02,-0.03,1,-0.44,9.8,0.01,0,0.01
168.99,-80.09,9.39,1.3,0.7,-0.06,-0.03,-0.03,1.01,-0.41,9.8,0.01,0,-0.01
169,-80.09,9.4,1.32,0.71,-0.07,-0.03,-0.03,1,-0.38,9.79,0.01,0,-0.02
169.01,-80.09,9.4,1.35,0.71,-0.07,-0.03,-0.03,1,-0.37,9.78,0.01,0,-0.02
169.02,-80.09,9.4,1.36,0.7,-0.07,-0.03,-0.02,0.99,-0.36,9.76,0.01,-0.01,-0.03
169.03,-80.1,9.4,1.37,0.69,-0.07,-0.03,-0.02,0.96,-0.35,9.75,0.01,-0.01,-0.02
169.06,-80.13,9.39,1.37,0.67,-0.07,-0.03,-0.01,0.94,-0.35,9.75,0,-0.01,-0.02
169.07,-80.15,9.38,1.36,0.67,-0.06,-0.02,-0.01,0.95,-0.36,9.77,0,-0.01,-0.01
169.08,-80.16,9.39,1.35,0.65,-0.06,-0.02,0,0.97,-0.37,9.78,-0.01,-0.01,0.01
169.1,-80.18,9.4,1.3,0.62,-0.05,-0.02,0.01,1.01,-0.4,9.8,-0.01,0,0.01
169.11,-80.18,9.4,1.26,0.62,-0.05,-0.02,0.01,1.05,-0.43,9.78,-0.02,0,0.02
169.13,-80.18,9.4,1.21,0.61,-0.04,-0.01,0.02,1.05,-0.47,9.77,-0.02,0,0.03
169.15,-80.17,9.39,1.18,0.61,-0.03,-0.01,0.03,1.07,-0.51,9.75,-0.01,0,0.03
169.16,-80.17,9.4,1.16,0.61,-0.03,-0.01,0.03,1.08,-0.53,9.75,-0.01,0,0.04
169.17,-80.16,9.42,1.15,0.61,-0.03,-0.02,0.03,1.09,-0.54,9.77,-0.01,0,0.04
169.18,-80.14,9.46,1.13,0.62,-0.03,-0.02,0.02,1.08,-0.56,9.78,0,0,0.04
169.2,-80.13,9.46,1.14,0.61,-0.03,-0.02,0.02,1.07,-0.57,9.79,0,0,0.04
169.22,-80.13,9.47,1.12,0.61,-0.03,-0.02,0.01,1.06,-0.58,9.79,0,0,0.04
169.23,-80.14,9.47,1.12,0.62,-0.03,-0.02,0.01,1.05,-0.59,9.79,0,0,0.05
169.25,-80.14,9.47,1.11,0.63,-0.03,-0.02,0.01,1.04,-0.59,9.79,0.01,0,0.04
169.26,-80.14,9.44,1.12,0.64,-0.04,-0.02,0,1.05,-0.57,9.78,0.01,0,0.03
169.29,-80.14,9.43,1.12,0.65,-0.04,-0.02,0,1.04,-0.56,9.78,0.01,0,0.02
169.3,-80.14,9.43,1.14,0.65,-0.04,-0.02,-0.01,1.03,-0.56,9.78,0.02,0,0.02
169.31,-80.14,9.43,1.15,0.66,-0.04,-0.02,-0.01,1.02,-0.56,9.78,0.02,0,0.01
169.34,-80.14,9.44,1.18,0.66,-0.05,-0.02,-0.02,1,-0.54,9.79,0.02,0,0
169.35,-80.14,9.43,1.2,0.65,-0.05,-0.02,-0.02,1.01,-0.52,9.78,0.01,0,0
169.37,-80.15,9.41,1.22,0.65,-0.06,-0.02,-0.02,1.03,-0.5,9.78,0.01,0,0.01
169.38,-80.14,9.41,1.22,0.65,-0.06,-0.02,-0.02,1.03,-0.48,9.79,0.01,0,0.01
169.39,-80.15,9.4,1.22,0.64,-0.06,-0.02,-0.02,1.03,-0.48,9.79,0.01,0,0.01
169.4,-80.15,9.41,1.22,0.64,-0.05,-0.02,-0.02,1.03,-0.47,9.78,0.01,0,0.01
169.42,-80.15,9.41,1.23,0.63,-0.05,-0.02,-0.02,1.05,-0.47,9.77,0.01,0,0.01
169.43,-80.15,9.42,1.23,0.61,-0.05,-0.02,-0.01,1.06,-0.46,9.77,0.01,0,0.01
169.44,-80.15,9.41,1.23,0.61,-0.05,-0.02,-0.01,1.07,-0.46,9.77,0.01,0,0.01
169.45,-80.14,9.41,1.24,0.62,-0.05,-0.02,-0.01,1.06,-0.46,9.77,0.01,0,0.01
169.47,-80.14,9.41,1.23,0.62,-0.04,-0.02,0,1.05,-0.47,9.77,0.01,0,0.02
169.49,-80.14,9.4,1.23,0.63,-0.04,-0.01,0,1.05,-0.46,9.78,0,0,0.02
169.5,-80.13,9.4,1.23,0.63,-0.04,-0.01,0.01,1.04,-0.47,9.77,0,0,0.02
169.51,-80.14,9.4,1.23,0.65,-0.04,-0.01,0.01,1.03,-0.47,9.77,0,0,0.02
169.53,-80.13,9.4,1.22,0.65,-0.04,-0.01,0.01,1.02,-0.48,9.77,0,0,0.02
169.54,-80.13,9.43,1.2,0.67,-0.04,-0.01,0.02,1,-0.48,9.77,0,0,0.03
169.56,-80.12,9.44,1.19,0.68,-0.04,-0.01,0.02,1,-0.48,9.77,-0.01,0,0.03
169.57,-80.12,9.44,1.19,0.68,-0.04,-0.01,0.02,1,-0.49,9.78,-0.01,0,0.03
169.58,-80.11,9.44,1.2,0.68,-0.04,-0.01,0.01,1,-0.49,9.78,-0.01,0,0.03
169.59,-80.1,9.43,1.19,0.68,-0.04,-0.01,0.01,1.01,-0.49,9.78,-0.01,0,0.03
169.6,-80.09,9.43,1.19,0.68,-0.04,-0.01,0.01,1.01,-0.49,9.78,-0.01,0,0.03
169.62,-80.08,9.43,1.17,0.67,-0.04,-0.01,0.01,1.02,-0.51,9.78,-0.01,0,0.02
169.63,-80.07,9.45,1.15,0.68,-0.04,-0.01,0.01,1.03,-0.53,9.78,0,0,0.02
169.66,-80.06,9.46,1.16,0.65,-0.04,-0.01,0,1.04,-0.54,9.78,0,0,0.02
169.67,-80.06,9.46,1.15,0.63,-0.04,-0.01,-0.01,1.06,-0.53,9.78,0,0,0.02
169.68,-80.06,9.45,1.14,0.62,-0.04,-0.01,-0.01,1.06,-0.54,9.78,0,0,0.02
169.69,-80.06,9.41,1.14,0.6,-0.04,-0.01,-0.01,1.07,-0.54,9.78,0,0,0.01
169.7,-80.06,9.39,1.14,0.6,-0.04,-0.01,0,1.07,-0.54,9.78,0,0,0.01
169.72,-80.05,9.38,1.15,0.6,-0.04,-0.01,0,1.08,-0.54,9.77,0,0,0.01
169.73,-80.05,9.39,1.15,0.62,-0.04,-0.01,0.01,1.06,-0.54,9.77,0,0,0.02
169.75,-80.06,9.41,1.15,0.63,-0.04,-0.01,0.01,1.04,-0.55,9.77,0,0,0.02
169.76,-80.06,9.44,1.14,0.64,-0.04,-0.01,0,1.03,-0.54,9.79,0,0,0.02
169.77,-80.06,9.45,1.15,0.66,-0.04,-0.02,0,1.02,-0.54,9.79,0.01,0,0.02
169.78,-80.07,9.45,1.15,0.67,-0.04,-0.02,0,1.01,-0.53,9.78,0.01,0,0.02
169.8,-80.07,9.43,1.18,0.68,-0.04,-0.02,-0.01,1.01,-0.52,9.76,0.01,0,0.02
169.82,-80.07,9.41,1.21,0.71,-0.04,-0.02,0,0.99,-0.5,9.76,0.01,0,0.02
169.86,-80.07,9.43,1.21,0.7,-0.05,-0.02,0,0.98,-0.49,9.77,0,0,0.01
169.87,-80.07,9.45,1.21,0.71,-0.05,-0.02,0,0.98,-0.48,9.77,0,0,0.01
169.89,-80.06,9.45,1.21,0.69,-0.05,-0.02,0,0.99,-0.48,9.78,0,0,0.01
169.9,-80.07,9.44,1.21,0.68,-0.05,-0.02,-0.01,1,-0.47,9.79,0,0,0.02
169.92,-80.06,9.42,1.2,0.66,-0.05,-0.02,-0.01,1.02,-0.48,9.78,0,0,0.02
169.93,-80.07,9.42,1.19,0.65,-0.05,-0.02,-0.01,1.02,-0.49,9.77,0,0,0.02
169.94,-80.07,9.42,1.18,0.64,-0.05,-0.02,-0.01,1.03,-0.5,9.78,0,0,0.02
169.96,-80.07,9.42,1.18,0.63,-0.04,-0.02,-0.01,1.04,-0.51,9.77,0,0,0.02
