700.43,85.01,-9.82,2.22,1.25,-0.05,-0.01,0.01,0.36,-0.6,9.79,0.01,0,0.01
700.45,84.99,-9.8,2.22,1.24,-0.04,-0.01,0.02,0.34,-0.64,9.82,0,0,0.02
700.47,84.99,-9.79,2.22,1.24,-0.04,-0.01,0.02,0.36,-0.64,9.81,0,0,0.02
700.48,84.98,-9.79,2.21,1.24,-0.04,-0.01,0.02,0.37,-0.65,9.82,0,0,0.02
700.49,84.98,-9.79,2.2,1.24,-0.04,-0.01,0.02,0.37,-0.66,9.82,0,0,0.02
700.5,84.98,-9.8,2.2,1.24,-0.04,-0.01,0.02,0.37,-0.68,9.81,0,0,0.02
700.51,84.98,-9.8,2.19,1.24,-0.04,-0.01,0.02,0.38,-0.69,9.83,0,0.01,0.02
700.52,84.98,-9.81,2.2,1.24,-0.04,-0.01,0.01,0.36,-0.71,9.84,0,0.01,0.01
700.53,84.97,-9.81,2.2,1.23,-0.04,-0.01,0.01,0.35,-0.72,9.84,0,0.01,0.01
700.56,84.96,-9.79,2.2,1.22,-0.04,-0.01,0.01,0.34,-0.71,9.81,0,0,0.01
700.57,84.95,-9.77,2.2,1.22,-0.04,-0.01,0.01,0.34,-0.71,9.81,0,0,0.01
700.58,84.95,-9.78,2.2,1.22,-0.05,-0.01,0.01,0.33,-0.71,9.81,0,0.01,0.02
700.6,84.94,-9.79,2.2,1.22,-0.05,-0.01,0,0.32,-0.71,9.82,0.01,0.01,0.02
700.62,84.93,-9.8,2.21,1.21,-0.05,-0.01,0,0.32,-0.7,9.81,0.01,0.01,0.02
700.63,84.93,-9.79,2.21,1.2,-0.05,-0.01,0,0.31,-0.69,9.8,0.01,0.01,0.02
700.64,84.92,-9.79,2.22,1.2,-0.05,-0.01,0,0.3,-0.68,9.79,0.01,0,0.02
700.66,84.91,-9.79,2.23,1.19,-0.05,-0.01,0,0.29,-0.68,9.79,0.01,0,0.02
700.67,84.91,-9.77,2.24,1.18,-0.05,-0.01,0,0.29,-0.68,9.78,0.01,0,0.02
700.68,84.91,-9.76,2.24,1.18,-0.05,-0.01,0,0.29,-0.66,9.78,0.01,0,0.02
700.7,84.91,-9.76,2.25,1.19,-0.05,-0.01,-0.01,0.29,-0.64,9.79,0.01,0,0.02
700.72,84.9,-9.76,2.26,1.19,-0.05,-0.01,-0.01,0.29,-0.64,9.8,0.01,0,0.02
700.73,84.91,-9.76,2.25,1.17,-0.05,-0.01,-0.02,0.3,-0.64,9.8,0,0,0.01
700.75,84.92,-9.77,2.25,1.2,-0.05,-0.01,-0.02,0.32,-0.64,9.8,0,-0.01,0.01
700.77,84.92,-9.77,2.25,1.22,-0.05,-0.01,-0.02,0.32,-0.65,9.81,0,-0.01,0.01
700.79,84.92,-9.77,2.26,1.23,-0.05,-0.01,-0.02,0.34,-0.64,9.82,0,-0.01,0.01
700.81,84.93,-9.79,2.23,1.24,-0.05,-0.01,-0.02,0.36,-0.65,9.81,0,-0.01,0.01
700.82,84.93,-9.81,2.22,1.24,-0.05,-0.01,-0.02,0.37,-0.65,9.81,0,-0.01,0.01
700.84,84.95,-9.82,2.2,1.25,-0.04,-0.02,-0.01,0.38,-0.66,9.81,0,0,0.01
700.87,84.95,-9.82,2.19,1.24,-0.04,-0.02,-0.01,0.36,-0.68,9.82,0,0,0.01
700.89,84.95,-9.82,2.18,1.21,-0.04,-0.02,0,0.35,-0.7,9.81,0,0,0.02
700.91,84.95,-9.81,2.17,1.19,-0.04,-0.02,0,0.32,-0.71,9.82,0,0,0.02
700.93,84.95,-9.81,2.16,1.19,-0.04,-0.02,0,0.33,-0.72,9.83,0,0,0.02
700.94,84.95,-9.8,2.17,1.2,-0.04,-0.02,0,0.32,-0.72,9.81,0,0,0.02
700.95,84.95,-9.79,2.17,1.21,-0.04,-0.02,0,0.33,-0.72,9.83,0,0,0.01
700.98,84.95,-9.79,2.18,1.21,-0.05,-0.02,0,0.33,-0.72,9.82,0,0,0.01
700.99,84.94,-9.79,2.18,1.21,-0.05,-0.02,0,0.32,-0.72,9.8,0,0,0.01
701,84.94,-9.79,2.18,1.2,-0.05,-0.02,0,0.32,-0.71,9.8,0.01,0,0.01
701.02,84.95,-9.8,2.19,1.21,-0.05,-0.02,-0.01,0.33,-0.69,9.81,0.01,0,0.01
701.04,84.95,-9.8,2.19,1.21,-0.05,-0.01,0,0.33,-0.68,9.81,0.01,0,0.01
701.05,84.95,-9.8,2.21,1.22,-0.05,-0.01,0,0.34,-0.67,9.8,0.01,0,0.01
701.07,84.95,-9.8,2.22,1.22,-0.05,-0.02,0,0.34,-0.67,9.81,0.01,0,0.01
701.08,84.95,-9.8,2.23,1.22,-0.05,-0.02,0,0.36,-0.66,9.82,0.01,0,0.01
701.1,84.96,-9.79,2.23,1.22,-0.05,-0.01,0,0.36,-0.65,9.81,0.01,0,0.01
701.12,84.96,-9.78,2.23,1.23,-0.05,-0.01,-0.01,0.36,-0.65,9.81,0.01,0,0.01
701.13,84.97,-9.78,2.24,1.23,-0.05,-0.01,-0.01,0.36,-0.65,9.79,0,0,0.01
701.15,84.97,-9.79,2.24,1.23,-0.05,-0.01,-0.01,0.35,-0.64,9.79,0,0,0.01
701.16,84.97,-9.77,2.25,1.23,-0.05,-0.01,-0.01,0.35,-0.64,9.81,0,0,0.01
701.17,84.97,-9.77,2.24,1.23,-0.05,-0.01,-0.01,0.35,-0.64,9.82,0,0,0
701.19,84.96,-9.77,2.23,1.23,-0.05,-0.01,-0.01,0.35,-0.65,9.81,0,0,0.01
701.2,84.95,-9.78,2.23,1.22,-0.05,-0.01,-0.01,0.33,-0.65,9.81,0,0,0.01
701.22,84.95,-9.78,2.23,1.22,-0.05,-0.01,-0.01,0.33,-0.65,9.81,0,0,0.01
701.23,84.94,-9.79,2.22,1.23,-0.05,-0.01,-0.01,0.33,-0.65,9.82,0,0,0.01
701.24,84.93,-9.8,2.21,1.22,-0.05,-0.02,-0.01,0.34,-0.66,9.82,0,0,0.01
701.25,84.93,-9.81,2.2,1.22,-0.05,-0.02,-0.01,0.33,-0.69,9.81,0,0,0.01
701.28,84.92,-9.82,2.19,1.21,-0.04,-0.02,0,0.32,-0.71,9.81,0,0,0.02
701.31,84.91,-9.81,2.18,1.22,-0.04,-0.01,0,0.35,-0.72,9.82,0,0,0.02
701.34,84.92,-9.81,2.17,1.22,-0.04,-0.01,0,0.35,-0.71,9.82,0,0,0.02
701.35,84.92,-9.81,2.16,1.22,-0.05,-0.01,0,0.36,-0.72,9.81,0,0,0.02
701.36,84.93,-9.81,2.16,1.23,-0.05,-0.01,0,0.37,-0.72,9.82,0,0,0.01
701.38,84.93,-9.81,2.17,1.23,-0.05,-0.01,0,0.36,-0.71,9.82,0.01,0,0.02
701.4,84.93,-9.81,2.17,1.22,-0.05,-0.01,0,0.34,-0.7,9.82,0.01,0,0.02
701.41,84.93,-9.81,2.18,1.22,-0.05,-0.01,0,0.33,-0.69,9.82,0.01,0,0.02
701.43,84.92,-9.78,2.2,1.19,-0.05,-0.01,0,0.31,-0.68,9.82,0.01,0,0.02
701.45,84.91,-9.76,2.21,1.19,-0.05,-0.01,0,0.3,-0.67,9.81,0.01,0,0.03
701.46,84.91,-9.76,2.22,1.19,-0.05,-0.01,0,0.31,-0.66,9.81,0.01,0,0.02
701.47,84.91,-9.75,2.22,1.2,-0.05,-0.01,-0.01,0.31,-0.65,9.82,0.01,0,0.02
701.48,84.91,-9.75,2.23,1.19,-0.05,-0.01,-0.01,0.32,-0.65,9.81,0.01,0,0.02
701.5,84.91,-9.75,2.23,1.2,-0.05,-0.01,-0.01,0.33,-0.64,9.82,0,0,0.01
701.51,84.92,-9.76,2.24,1.2,-0.05,-0.01,-0.02,0.34,-0.65,9.82,0,0,0.01
701.52,84.93,-9.76,2.25,1.21,-0.05,-0.01,-0.02,0.35,-0.64,9.82,0,0,0.01
701.53,84.93,-9.77,2.25,1.22,-0.05,-0.01,-0.02,0.35,-0.63,9.81,0,0,0.01
701.54,84.94,-9.77,2.25,1.23,-0.05,-0.01,-0.02,0.36,-0.63,9.82,0,0,0.01
701.55,84.94,-9.78,2.24,1.24,-0.05,-0.01,-0.02,0.35,-0.63,9.82,0,0,0
701.57,84.93,-9.79,2.24,1.24,-0.05,-0.02,-0.02,0.35,-0.63,9.82,0,0,0
701.59,84.92,-9.78,2.22,1.23,-0.05,-0.02,-0.02,0.34,-0.64,9.82,0,0,0
701.6,84.92,-9.79,2.21,1.23,-0.04,-0.02,-0.01,0.35,-0.65,9.81,0,0,0.01
701.62,84.92,-9.8,2.21,1.23,-0.04,-0.02,-0.01,0.35,-0.66,9.82,-0.01,0,0.01
701.63,84.91,-9.8,2.19,1.23,-0.04,-0.02,-0.01,0.35,-0.67,9.81,-0.01,0,0.01
701.64,84.91,-9.8,2.18,1.23,-0.04,-0.02,-0.01,0.36,-0.68,9.82,-0.01,0,0
701.66,84.91,-9.8,2.18,1.22,-0.04,-0.02,-0.01,0.35,-0.7,9.82,-0.01,0,0
701.67,84.91,-9.8,2.17,1.22,-0.04,-0.02,-0.01,0.35,-0.71,9.82,-0.01,0,0
701.68,84.91,-9.8,2.16,1.23,-0.04,-0.02,-0.01,0.34,-0.72,9.8,0,0,0
701.69,84.91,-9.8,2.15,1.22,-0.04,-0.02,-0.01,0.34,-0.73,9.82,0,0,0.01
701.7,84.91,-9.81,2.13,1.23,-0.05,-0.01,-0.01,0.34,-0.74,9.83,0,0,0.01
701.73,84.9,-9.82,2.12,1.23,-0.05,-0.01,-0.01,0.33,-0.74,9.81,0,0,0.02
701.75,84.9,-9.82,2.12,1.22,-0.05,-0.01,-0.01,0.33,-0.74,9.8,0,0,0.02
701.76,84.9,-9.82,2.12,1.21,-0.05,-0.01,0,0.32,-0.73,9.81,0.01,0,0.02
701.78,84.9,-9.82,2.12,1.21,-0.05,-0.01,0,0.31,-0.72,9.81,0.01,0,0.02
701.79,84.9,-9.82,2.13,1.21,-0.05,-0.01,0,0.32,-0.71,9.8,0.01,0,0.02
701.8,84.9,-9.81,2.15,1.2,-0.05,-0.01,0,0.32,-0.71,9.81,0.01,0,0.02
701.81,84.91,-9.8,2.16,1.19,-0.05,-0.01,0,0.32,-0.71,9.81,0.01,0,0.02
701.83,84.92,-9.8,2.17,1.2,-0.05,-0.02,0,0.33,-0.69,9.81,0.01,0,0.02
701.84,84.92,-9.79,2.18,1.21,-0.05,-0.02,0,0.33,-0.68,9.83,0.01,-0.01,0.02
701.85,84.92,-9.79,2.2,1.24,-0.05,-0.01,0,0.34,-0.67,9.82,0.01,-0.01,0.01
701.86,84.92,-9.78,2.2,1.24,-0.05,-0.01,0,0.34,-0.66,9.82,0.01,-0.01,0.01
701.87,84.92,-9.78,2.22,1.23,-0.06,-0.01,-0.01,0.34,-0.65,9.81,0.01,-0.01,0.01
701.89,84.92,-9.78,2.23,1.23,-0.06,-0.01,-0.01,0.35,-0.64,9.82,0.01,-0.01,0.01
701.91,84.92,-9.79,2.23,1.26,-0.06,-0.01,-0.01,0.36,-0.63,9.83,0.01,-0.01,0.01
701.92,84.92,-9.78,2.24,1.26,-0.06,-0.02,-0.02,0.38,-0.62,9.83,0.01,0,0.01
701.94,84.93,-9.79,2.24,1.25,-0.06,-0.02,-0.02,0.37,-0.6,9.82,0,0,0
701.96,84.92,-9.79,2.24,1.25,-0.05,-0.02,-0.02,0.36,-0.61,9.82,0,0,0.01
701.99,84.91,-9.79,2.21,1.24,-0.05,-0.02,-0.01,0.36,-0.62,9.81,0,0,0.02
702.01,84.9,-9.8,2.19,1.24,-0.05,-0.02,-0.01,0.36,-0.65,9.8,-0.01,0,0.01
702.02,84.89,-9.8,2.18,1.24,-0.05,-0.02,-0.01,0.35,-0.66,9.81,-0.01,0,0.01
702.04,84.88,-9.81,2.17,1.25,-0.04,-0.02,-0.01,0.34,-0.66,9.82,-0.01,0,0.01
702.05,84.87,-9.81,2.16,1.25,-0.04,-0.02,-0.01,0.34,-0.67,9.82,-0.01,0,0.01
702.07,84.86,-9.82,2.15,1.24,-0.04,-0.02,-0.01,0.34,-0.7,9.82,-0.01,0,0.02
702.09,84.85,-9.81,2.13,1.23,-0.04,-0.02,0,0.33,-0.72,9.82,0,0,0.01
702.1,84.84,-9.81,2.13,1.22,-0.04,-0.02,0,0.32,-0.72,9.82,0,0,0.01
702.12,84.84,-9.8,2.12,1.22,-0.05,-0.02,0,0.32,-0.73,9.83,0,0,0.02
702.13,84.83,-9.8,2.11,1.22,-0.05,-0.01,0,0.31,-0.72,9.82,0,0,0.02
702.15,84.83,-9.81,2.12,1.22,-0.05,-0.01,0,0.31,-0.73,9.82,0,0,0.02
702.16,84.83,-9.8,2.12,1.22,-0.05,-0.01,0,0.32,-0.73,9.81,0,0,0.02
702.17,84.83,-9.79,2.13,1.21,-0.05,-0.01,0,0.32,-0.73,9.81,0.01,0,0.02
702.19,84.84,-9.79,2.15,1.21,-0.05,-0.01,0,0.32,-0.71,9.82,0.01,0,0.02
702.22,84.85,-9.79,2.18,1.21,-0.05,-0.01,0,0.32,-0.69,9.82,0.01,-0.01,0.02
702.24,84.86,-9.79,2.18,1.21,-0.06,-0.01,-0.01,0.33,-0.68,9.82,0.01,-0.01,0.02
702.25,84.88,-9.79,2.19,1.22,-0.06,-0.01,-0.01,0.35,-0.68,9.82,0.01,-0.01,0.02
702.26,84.89,-9.79,2.19,1.24,-0.06,-0.01,-0.01,0.36,-0.66,9.81,0.01,-0.01,0.02
702.27,84.9,-9.8,2.21,1.25,-0.06,-0.01,-0.01,0.38,-0.64,9.81,0.01,-0.01,0.02
702.29,84.92,-9.8,2.22,1.27,-0.06,-0.01,-0.01,0.39,-0.63,9.81,0.01,-0.01,0.01
702.3,84.92,-9.81,2.22,1.28,-0.06,-0.01,-0.01,0.39,-0.61,9.81,0.01,-0.01,0.01
702.31,84.94,-9.81,2.23,1.27,-0.06,-0.01,-0.01,0.4,-0.58,9.81,0.01,0,0.01
702.33,84.94,-9.81,2.24,1.27,-0.05,-0.01,-0.01,0.4,-0.57,9.81,0,0,0.01
702.34,84.95,-9.81,2.23,1.27,-0.05,-0.01,-0.01,0.4,-0.56,9.82,0,0,0
702.36,84.95,-9.82,2.24,1.26,-0.04,-0.02,-0.01,0.39,-0.57,9.83,0,0,0
702.38,84.94,-9.81,2.24,1.26,-0.04,-0.02,0,0.39,-0.57,9.82,-0.01,0,0.01
702.4,84.93,-9.8,2.22,1.26,-0.04,-0.02,0,0.38,-0.6,9.82,-0.01,0.01,0.01
702.41,84.93,-9.8,2.22,1.25,-0.03,-0.02,0,0.37,-0.61,9.82,-0.01,0.01,0.01
702.42,84.91,-9.8,2.2,1.25,-0.03,-0.02,0,0.37,-0.63,9.81,-0.02,0.01,0.01
702.43,84.9,-9.8,2.19,1.24,-0.03,-0.02,0,0.36,-0.65,9.82,-0.02,0.01,0.01
702.44,84.89,-9.8,2.17,1.23,-0.04,-0.02,0,0.35,-0.69,9.83,-0.02,0.01,0.01
702.48,84.86,-9.8,2.12,1.22,-0.04,-0.02,0,0.33,-0.74,9.83,-0.01,0.01,0.01
702.49,84.85,-9.81,2.11,1.22,-0.04,-0.02,0,0.32,-0.74,9.83,-0.01,0.01,0.01
702.5,84.83,-9.82,2.11,1.22,-0.04,-0.02,0,0.31,-0.75,9.83,-0.01,0.01,0.01
702.51,84.82,-9.82,2.09,1.21,-0.05,-0.02,0,0.31,-0.76,9.83,-0.01,0.01,0.02
702.53,84.81,-9.83,2.08,1.2,-0.05,-0.02,0.01,0.29,-0.77,9.82,0,0.01,0.02
702.54,84.8,-9.83,2.07,1.19,-0.05,-0.01,0.01,0.29,-0.78,9.82,0,0.01,0.02
702.56,84.8,-9.83,2.08,1.19,-0.05,-0.01,0.01,0.29,-0.78,9.82,0.01,0,0.02
702.57,84.8,-9.79,2.1,1.18,-0.05,-0.01,0.01,0.28,-0.77,9.82,0.01,0,0.02
702.6,84.81,-9.78,2.12,1.18,-0.05,-0.01,0.01,0.28,-0.76,9.81,0.01,0,0.02
702.61,84.81,-9.77,2.15,1.18,-0.05,-0.01,0.01,0.28,-0.73,9.81,0.02,0,0.02
702.62,84.81,-9.77,2.16,1.19,-0.05,-0.01,0,0.28,-0.71,9.81,0.02,-0.01,0.02
702.63,84.81,-9.76,2.18,1.2,-0.06,-0.01,0,0.3,-0.7,9.82,0.02,-0.01,0.01
702.65,84.84,-9.76,2.21,1.22,-0.06,0,-0.01,0.33,-0.67,9.82,0.02,-0.01,0.01
702.67,84.85,-9.76,2.23,1.24,-0.06,0,-0.01,0.35,-0.65,9.83,0.02,-0.01,0.01
702.68,84.87,-9.77,2.24,1.25,-0.06,0,-0.01,0.37,-0.64,9.84,0.02,-0.01,0.01
702.69,84.89,-9.78,2.27,1.29,-0.06,0,-0.02,0.42,-0.6,9.84,0.02,-0.01,0.01
702.71,84.91,-9.79,2.29,1.3,-0.06,0,-0.02,0.43,-0.57,9.83,0.01,-0.01,0.01
702.73,84.93,-9.79,2.3,1.32,-0.06,0,-0.02,0.46,-0.55,9.85,0.01,0,0
702.74,84.94,-9.8,2.3,1.33,-0.06,0,-0.02,0.46,-0.54,9.85,0.01,0,0
702.75,84.96,-9.81,2.3,1.32,-0.06,0,-0.02,0.44,-0.53,9.84,0,0,0
702.76,84.95,-9.8,2.3,1.3,-0.06,0,-0.02,0.42,-0.53,9.83,0,0.01,0
702.78,84.94,-9.78,2.29,1.31,-0.05,-0.01,-0.02,0.39,-0.53,9.82,-0.01,0.01,0.01
702.8,84.91,-9.76,2.28,1.31,-0.05,-0.01,-0.03,0.38,-0.55,9.81,-0.02,0.02,0.01
702.81,84.88,-9.78,2.25,1.34,-0.04,0,-0.03,0.43,-0.59,9.83,-0.03,0.02,0.02
702.83,84.86,-9.8,2.23,1.36,-0.04,-0.01,-0.04,0.44,-0.6,9.83,-0.03,0.03,0.02
702.84,84.83,-9.8,2.2,1.36,-0.04,-0.01,-0.04,0.44,-0.62,9.84,-0.03,0.04,0.02
702.85,84.8,-9.82,2.17,1.34,-0.04,-0.01,-0.05,0.41,-0.65,9.86,-0.03,0.04,0.02
702.86,84.77,-9.85,2.11,1.3,-0.03,-0.01,-0.06,0.38,-0.7,9.87,-0.04,0.05,0.03
702.88,84.73,-9.89,2.04,1.28,-0.04,-0.01,-0.06,0.36,-0.74,9.86,-0.04,0.05,0.04
702.89,84.7,-9.92,1.98,1.29,-0.04,-0.01,-0.08,0.38,-0.82,9.87,-0.05,0.06,0.07
702.91,84.66,-9.92,1.93,1.32,-0.05,-0.01,-0.1,0.4,-0.93,9.9,-0.05,0.07,0.1
702.92,84.62,-9.88,1.88,1.32,-0.07,-0.02,-0.14,0.38,-1.01,9.92,-0.05,0.08,0.12
702.93,84.53,-9.79,1.79,1.3,-0.08,-0.02,-0.22,0.28,-1.07,9.92,-0.05,0.09,0.17
702.97,84.3,-9.74,1.66,1.18,-0.14,-0.01,-0.49,0.17,-1.32,10.01,-0.05,0.09,0.2
702.98,84.22,-9.79,1.6,1.1,-0.17,0,-0.58,0.04,-1.4,9.98,-0.04,0.07,0.22
702.99,84.18,-9.82,1.56,1.04,-0.19,0,-0.62,-0.02,-1.4,9.94,-0.03,0.04,0.2
703.01,84.15,-9.9,1.5,0.96,-0.22,0.01,-0.56,-0.03,-1.27,9.81,0.02,0.02,0.15
703.03,84.19,-10.05,1.44,0.95,-0.23,0.01,-0.39,-0.04,-1.01,9.65,0.05,-0.01,0.12
703.04,84.23,-10.02,1.45,0.94,-0.22,0,-0.26,-0.12,-0.9,9.6,0.06,-0.03,0.1
703.05,84.19,-9.94,1.46,0.92,-0.21,0,-0.17,-0.27,-0.75,9.56,0.07,-0.04,0.11
703.06,84.15,-9.82,1.45,0.95,-0.19,0,-0.12,-0.45,-0.63,9.38,0.04,-0.06,0.21
703.08,84.01,-9.76,1.46,0.99,-0.17,0,-0.11,-0.58,-0.62,9.27,0,-0.07,0.31
703.09,83.85,-9.66,1.46,1.02,-0.15,-0.01,-0.13,-0.66,-0.67,9.14,-0.09,-0.08,0.48
703.1,83.62,-9.59,1.44,1.07,-0.15,-0.02,-0.19,-0.66,-0.84,9.01,-0.23,-0.09,0.76
703.11,83.42,-9.62,1.41,1.14,-0.15,-0.02,-0.23,-0.43,-1.02,9.04,-0.39,-0.08,0.92
703.13,83.36,-9.7,1.41,1.16,-0.15,-0.02,-0.26,-0.15,-1.16,9.14,-0.51,-0.06,1.02
703.14,83.46,-9.91,1.44,1.23,-0.17,-0.02,-0.28,0.48,-1.39,9.39,-0.6,-0.03,1.01
703.16,83.81,-10,1.39,1.26,-0.19,-0.04,-0.26,1.13,-1.47,9.69,-0.62,-0.01,0.79
703.17,84.32,-9.98,1.32,1.27,-0.19,-0.05,-0.24,1.44,-1.54,9.93,-0.55,0.04,0.15
703.2,84.81,-9.95,1.25,1.3,-0.19,-0.05,-0.21,1.18,-1.47,10.02,-0.4,0.05,-0.09
703.21,84.93,-9.98,1.24,1.29,-0.19,-0.05,-0.18,0.84,-1.39,10.06,-0.33,0.07,-0.23
703.22,84.94,-10.09,1.25,1.26,-0.19,-0.05,-0.16,0.57,-1.26,10.09,-0.27,0.08,-0.37
703.24,84.74,-10.32,1.24,1.24,-0.19,-0.05,-0.11,0,-1.05,10.17,-0.19,0.09,-0.34
703.27,84.29,-10.28,1.23,1.25,-0.19,-0.05,-0.03,-0.31,-0.86,10.2,-0.11,0.07,-0.25
703.28,84.11,-10.19,1.25,1.26,-0.18,-0.05,0.01,-0.3,-0.77,10.18,-0.06,0.04,-0.14
703.29,83.94,-10.1,1.25,1.28,-0.18,-0.05,0.04,-0.17,-0.71,10.14,-0.03,0.02,-0.06
703.3,83.82,-9.98,1.32,1.34,-0.16,-0.05,0.07,-0.03,-0.71,10.07,0,-0.04,0.07
703.32,83.79,-9.94,1.5,1.38,-0.13,-0.05,0.09,0.19,-0.75,9.82,0.03,-0.08,0.14
703.33,83.79,-9.97,1.66,1.41,-0.11,-0.05,0.09,0.24,-0.79,9.66,0.02,-0.08,0.17
703.34,83.78,-10,1.81,1.44,-0.09,-0.08,0.12,0.31,-0.94,9.45,-0.05,-0.02,0.19
703.36,83.7,-9.96,1.71,1.38,-0.1,-0.12,0.15,0.28,-1.06,9.62,-0.1,0.02,0.16
703.37,83.6,-9.9,1.55,1.35,-0.1,-0.14,0.17,0.29,-1.2,9.9,-0.09,0.01,0.09
703.39,83.55,-9.86,1.48,1.33,-0.06,-0.13,0.15,0.41,-1.17,9.9,-0.05,-0.04,-0.01
703.41,83.56,-9.86,1.5,1.31,-0.04,-0.13,0.13,0.43,-1.17,9.83,-0.02,-0.06,-0.08
703.42,83.62,-9.87,1.53,1.31,-0.02,-0.13,0.08,0.32,-1.23,9.72,0,-0.07,-0.15
703.43,83.6,-9.89,1.5,1.33,-0.01,-0.14,0.05,0.2,-1.29,9.66,-0.01,-0.07,-0.18
703.45,83.49,-9.96,1.41,1.36,-0.02,-0.15,0.01,0.04,-1.45,9.65,-0.03,-0.07,-0.13
703.47,83.33,-10.02,1.39,1.37,-0.03,-0.17,0.01,-0.07,-1.56,9.61,-0.04,-0.08,-0.1
703.48,83.18,-10.04,1.35,1.36,-0.06,-0.18,0.01,-0.12,-1.64,9.53,-0.06,-0.1,-0.02
703.5,82.95,-10.02,1.25,1.34,-0.12,-0.21,-0.02,-0.12,-1.88,9.55,-0.09,-0.1,0.06
703.52,82.68,-10.11,0.93,1.34,-0.2,-0.24,-0.17,-0.04,-2.21,9.59,-0.09,-0.14,0.11
703.55,82.49,-9.73,0.7,1.16,-0.24,-0.29,-0.34,-0.01,-2.18,9.4,-0.04,-0.15,0.09
703.57,82.45,-9.71,0.7,0.97,-0.27,-0.32,-0.46,-0.07,-2.16,9.34,-0.03,-0.15,0.05
703.58,82.44,-9.86,0.53,0.8,-0.3,-0.35,-0.61,-0.18,-2.13,9.33,-0.01,-0.16,0.02
703.59,82.41,-10.12,0.54,0.73,-0.3,-0.38,-0.71,-0.27,-2.09,9.37,0,-0.17,0
703.61,82.3,-10.34,0.64,0.67,-0.3,-0.48,-0.8,-0.37,-1.78,9.44,0.02,-0.22,-0.07
703.63,82.13,-10.34,0.66,0.73,-0.3,-0.6,-0.85,-0.36,-1.46,9.56,0.02,-0.27,-0.07
703.65,82.03,-10.38,0.65,0.83,-0.3,-0.66,-0.88,-0.16,-1.36,9.63,0,-0.31,-0.03
703.66,81.88,-10.45,0.54,1.2,-0.3,-0.77,-0.92,0.13,-1.37,9.73,-0.02,-0.35,0.07
703.68,81.62,-10.43,0.42,1.7,-0.3,-0.86,-0.94,0.49,-1.36,9.74,-0.05,-0.38,0.16
703.7,81.4,-10.44,0.26,2.06,-0.31,-0.92,-0.94,0.74,-1.47,9.79,-0.07,-0.39,0.21
703.71,81.03,-10.53,0.1,2.34,-0.31,-0.98,-0.91,0.87,-1.59,9.86,-0.09,-0.38,0.25
703.72,80.89,-10.64,-0.04,2.51,-0.32,-1.04,-0.88,1.03,-1.67,9.9,-0.09,-0.38,0.27
703.73,80.52,-10.72,-0.24,2.76,-0.33,-1.12,-0.84,1.14,-1.81,9.96,-0.09,-0.36,0.3
703.74,79.84,-10.76,-0.41,3.05,-0.36,-1.23,-0.74,1.23,-1.92,9.98,-0.09,-0.35,0.31
703.76,79.13,-10.67,-0.61,3.48,-0.38,-1.31,-0.62,1.34,-2.01,10.02,-0.08,-0.33,0.32
703.77,78.74,-10.6,-0.72,3.77,-0.39,-1.36,-0.53,1.47,-2.07,10.09,-0.06,-0.32,0.3
703.78,77.72,-10.4,-0.78,4.15,-0.4,-1.42,-0.44,1.63,-2.05,10.11,-0.01,-0.3,0.27
703.79,76.87,-10.23,-0.83,4.4,-0.39,-1.48,-0.34,1.86,-1.99,10.08,0.03,-0.27,0.22
703.81,75.02,-9.93,-0.79,4.65,-0.39,-1.59,-0.2,1.98,-1.79,10.08,0.11,-0.2,0.09
703.84,74.03,-9.76,-0.79,4.77,-0.39,-1.63,-0.14,2,-1.7,10.1,0.14,-0.16,0.04
703.85,72.67,-9.5,-0.72,4.94,-0.39,-1.67,-0.05,1.92,-1.56,10.05,0.16,-0.11,0
703.87,71.36,-9.13,-0.66,5.09,-0.39,-1.7,0,1.84,-1.43,9.97,0.18,-0.07,-0.03
703.88,68.73,-8.56,-0.65,5.39,-0.38,-1.71,0.01,1.65,-1.35,9.89,0.18,-0.03,0
703.91,67.25,-8.39,-0.71,5.54,-0.39,-1.7,0.01,1.68,-1.28,9.9,0.17,0,0.02
703.92,65.75,-8.29,-0.76,5.68,-0.38,-1.7,0.01,1.68,-1.28,9.91,0.16,0.05,0.04
703.94,64.22,-8.08,-0.82,5.82,-0.38,-1.71,0.02,1.61,-1.3,9.88,0.16,0.09,0.06
703.95,62.31,-7.81,-0.91,6.01,-0.36,-1.73,0.02,1.53,-1.28,9.83,0.15,0.11,0.07
703.97,60.68,-7.59,-0.98,6.25,-0.35,-1.73,0.02,1.49,-1.27,9.75,0.13,0.13,0.08
703.98,59.65,-7.5,-1.01,6.4,-0.34,-1.72,0.04,1.44,-1.27,9.69,0.12,0.15,0.09
704,58.29,-7.4,-1.03,6.6,-0.33,-1.71,0.05,1.37,-1.25,9.63,0.1,0.17,0.1
704.01,56.94,-7.33,-1.07,6.77,-0.32,-1.68,0.07,1.28,-1.24,9.6,0.06,0.18,0.12
704.02,55.51,-7.23,-1.07,6.9,-0.31,-1.66,0.1,1.18,-1.25,9.68,0.04,0.22,0.17
704.05,51.21,-7,-0.99,7.16,-0.3,-1.56,0.24,1.06,-1.13,9.65,0.02,0.22,0.17
704.07,49.69,-6.83,-1.02,7.29,-0.3,-1.53,0.3,1.08,-1.21,9.67,0,0.23,0.18
704.09,48.21,-6.69,-1.02,7.4,-0.31,-1.51,0.34,1.12,-1.28,9.72,-0.01,0.25,0.2
704.1,46.13,-6.35,-1.1,7.66,-0.33,-1.5,0.39,1.13,-1.42,9.74,-0.01,0.28,0.2
704.12,44.03,-6,-1.2,7.91,-0.35,-1.47,0.4,1.15,-1.54,9.8,0.01,0.28,0.18
704.14,42.86,-5.86,-1.24,8.07,-0.36,-1.44,0.4,1.22,-1.55,9.76,0.03,0.29,0.16
704.15,41.2,-5.81,-1.27,8.24,-0.37,-1.4,0.39,1.2,-1.56,9.73,0.05,0.31,0.11
704.17,40.34,-5.72,-1.27,8.25,-0.38,-1.39,0.39,1.13,-1.58,9.72,0.06,0.32,0.1
704.18,39.23,-5.53,-1.34,8.31,-0.39,-1.39,0.39,1.12,-1.59,9.72,0.07,0.34,0.08
704.19,38.15,-5.39,-1.34,8.4,-0.39,-1.39,0.4,1.12,-1.62,9.73,0.08,0.37,0.08
704.2,37.26,-5.31,-1.33,8.45,-0.4,-1.39,0.39,1.07,-1.6,9.75,0.09,0.38,0.07
704.22,35.88,-5.18,-1.34,8.47,-0.41,-1.41,0.37,0.96,-1.59,9.78,0.11,0.4,0.06
704.23,33.8,-4.95,-1.21,8.46,-0.43,-1.42,0.36,0.7,-1.4,9.74,0.13,0.42,0.04
704.25,30.09,-4.44,-1.04,8.53,-0.47,-1.35,0.3,0.29,-1.13,9.53,0.08,0.46,0.03
704.28,29.03,-4.33,-1,8.55,-0.48,-1.32,0.27,0.17,-1.13,9.51,0.07,0.46,0.04
704.3,27.58,-4.26,-1.04,8.52,-0.48,-1.28,0.23,-0.04,-1.14,9.48,0.06,0.46,0.05
704.31,26.36,-4.22,-1.09,8.47,-0.48,-1.25,0.2,-0.21,-1.19,9.43,0.06,0.46,0.06
704.32,25.15,-4.17,-1.15,8.41,-0.49,-1.21,0.18,-0.4,-1.2,9.4,0.06,0.45,0.09
704.34,23.27,-4.22,-1.25,8.33,-0.5,-1.15,0.15,-0.8,-1.27,9.38,0.05,0.44,0.13
704.35,21.86,-4.18,-1.33,8.32,-0.5,-1.09,0.15,-1.04,-1.21,9.37,0.04,0.41,0.17
704.37,20.54,-4.18,-1.31,8.38,-0.49,-1.02,0.13,-1.13,-1.17,9.41,0.02,0.4,0.19
704.38,19.56,-4.15,-1.26,8.39,-0.48,-0.96,0.12,-1.28,-1.1,9.43,0.02,0.35,0.17
704.4,18.1,-3.9,-1.22,8.46,-0.44,-0.84,0.07,-1.43,-0.91,9.42,0.02,0.3,0.13
704.41,17.03,-3.78,-1.13,8.55,-0.38,-0.75,0,-1.58,-0.79,9.38,0.02,0.25,0.08
704.43,16.41,-3.71,-1.09,8.59,-0.34,-0.69,-0.05,-1.72,-0.72,9.36,0.03,0.21,0.05
704.44,15.51,-3.64,-1.06,8.67,-0.3,-0.61,-0.12,-1.79,-0.73,9.37,0.02,0.17,0.01
704.45,14.94,-3.59,-1.17,8.78,-0.25,-0.54,-0.18,-1.77,-0.81,9.41,0.02,0.12,0
704.46,14.38,-3.52,-1.27,8.88,-0.22,-0.5,-0.23,-1.66,-0.86,9.46,0.01,0.08,-0.01
704.47,13.89,-3.46,-1.4,8.99,-0.18,-0.45,-0.27,-1.48,-0.94,9.51,0.01,0.05,-0.01
704.49,13.29,-3.55,-1.66,9.1,-0.12,-0.38,-0.32,-1.29,-1.05,9.6,-0.01,0,-0.03
704.51,13.09,-3.63,-1.72,9.11,-0.1,-0.36,-0.33,-1.32,-1.08,9.64,-0.02,-0.01,-0.03
704.52,12.93,-3.72,-1.76,9.11,-0.08,-0.34,-0.32,-1.41,-1.16,9.67,-0.02,-0.03,-0.02
704.53,12.82,-3.63,-1.81,9.14,-0.09,-0.31,-0.28,-1.38,-1.26,9.68,-0.03,-0.05,0.01
704.54,12.72,-3.37,-1.96,9.26,-0.11,-0.27,-0.17,-0.99,-1.38,9.7,-0.05,-0.06,0.07
704.55,12.73,-3.13,-2.14,9.45,-0.13,-0.26,-0.12,-0.41,-1.49,9.81,-0.06,-0.07,0.11
704.56,12.86,-2.77,-2.28,9.66,-0.15,-0.27,-0.06,0.23,-1.53,9.95,-0.07,-0.06,0.11
704.58,13.01,-2.42,-2.35,9.83,-0.14,-0.32,-0.08,0.59,-1.61,10.13,-0.03,-0.02,0.04
704.6,12.91,-2.39,-2.3,9.83,-0.14,-0.36,-0.1,0.52,-1.51,10.08,0,0,0
704.61,12.91,-2.39,-2.32,9.79,-0.14,-0.38,-0.11,0.31,-1.49,9.97,0.01,0.04,-0.03
704.63,12.51,-2.64,-2.18,9.69,-0.14,-0.43,-0.13,-0.19,-1.36,9.92,0.02,0.07,-0.05
704.66,12.11,-2.8,-1.99,9.52,-0.12,-0.44,-0.15,-0.63,-1.23,9.84,0.03,0.07,-0.06
704.67,11.76,-2.92,-1.84,9.39,-0.1,-0.43,-0.17,-0.95,-1.12,9.71,0.03,0.05,-0.08
704.68,11.04,-3.47,-1.81,9.1,-0.08,-0.39,-0.17,-1.66,-1.11,9.52,0.03,-0.03,-0.12
704.71,10.76,-3.68,-1.78,8.93,-0.08,-0.34,-0.09,-1.87,-1.19,9.41,0,-0.07,-0.13
704.73,10.72,-3.59,-1.8,8.93,-0.1,-0.31,-0.04,-1.82,-1.21,9.4,-0.02,-0.11,-0.11
704.74,10.61,-3.48,-1.82,8.99,-0.12,-0.28,0,-1.7,-1.21,9.42,-0.04,-0.17,-0.08
704.75,10.56,-3.15,-1.92,9.26,-0.12,-0.25,0.03,-1.42,-1.3,9.56,-0.05,-0.19,-0.06
704.77,10.51,-3.01,-1.93,9.34,-0.1,-0.25,0.01,-1.39,-1.14,9.59,-0.06,-0.22,-0.03
704.78,10.47,-2.79,-1.93,9.39,-0.09,-0.23,-0.02,-1.14,-1.2,9.7,-0.06,-0.25,-0.01
704.8,10.63,-2.6,-2.01,9.43,-0.05,-0.21,-0.11,-0.65,-1.32,9.73,-0.04,-0.3,-0.09
704.83,10.8,-2.58,-2.03,9.38,-0.04,-0.21,-0.15,-0.53,-1.35,9.69,-0.03,-0.32,-0.13
704.84,11.04,-2.5,-2.1,9.44,-0.03,-0.21,-0.2,-0.43,-1.38,9.73,-0.03,-0.35,-0.19
704.85,11.23,-2.51,-2.15,9.47,-0.01,-0.22,-0.24,-0.43,-1.44,9.8,-0.02,-0.39,-0.24
704.87,11.53,-2.55,-2.27,9.49,-0.01,-0.25,-0.26,-0.45,-1.5,9.83,0,-0.41,-0.22
704.89,11.78,-2.54,-2.33,9.51,-0.01,-0.28,-0.24,-0.3,-1.49,9.76,0,-0.42,-0.18
704.9,12,-2.5,-2.34,9.53,-0.02,-0.3,-0.2,-0.27,-1.51,9.74,-0.01,-0.43,-0.13
704.91,12.15,-2.41,-2.34,9.53,-0.02,-0.33,-0.17,-0.25,-1.56,9.78,-0.02,-0.43,-0.09
704.93,12.28,-2.34,-2.32,9.53,-0.03,-0.36,-0.15,-0.13,-1.51,9.79,-0.01,-0.44,-0.04
704.94,12.49,-2.3,-2.32,9.57,-0.03,-0.39,-0.11,0.2,-1.49,9.85,0.01,-0.43,-0.05
704.95,12.74,-2.31,-2.28,9.59,-0.04,-0.4,-0.08,0.33,-1.37,9.81,0.02,-0.42,-0.12
704.97,13,-2.31,-2.19,9.55,-0.04,-0.41,-0.06,0.17,-1.36,9.79,0.02,-0.44,-0.26
704.99,13.13,-2.33,-2.17,9.55,-0.04,-0.41,-0.06,-0.06,-1.33,9.75,0.01,-0.45,-0.31
705,13.2,-2.37,-2.12,9.51,-0.03,-0.41,-0.07,-0.18,-1.23,9.71,-0.02,-0.46,-0.36
705.01,13.2,-2.44,-2.06,9.47,-0.02,-0.39,-0.11,-0.68,-1.52,9.82,-0.02,-0.52,-0.34
705.03,13.19,-2.46,-2.04,9.47,-0.02,-0.39,-0.13,-0.75,-1.43,9.73,-0.03,-0.57,-0.28
705.04,13.3,-2.31,-2.18,9.56,-0.01,-0.39,-0.19,-0.31,-1.55,9.81,-0.06,-0.64,-0.11
705.07,13.47,-2.25,-2.21,9.61,0,-0.39,-0.21,0,-1.49,9.84,-0.07,-0.66,-0.1
705.08,13.74,-2.23,-2.25,9.65,0,-0.39,-0.24,0.39,-1.51,9.92,-0.06,-0.67,-0.13
705.09,14.17,-2.23,-2.29,9.73,0.02,-0.39,-0.26,0.64,-1.27,9.97,-0.03,-0.69,-0.29
705.12,14.82,-2.48,-2.33,9.81,0.06,-0.4,-0.29,0.01,-1.64,10.22,0.03,-0.74,-0.4
705.14,15.32,-3.14,-2.28,10.01,0.1,-0.36,-0.29,-0.65,-1.49,10.49,0.07,-0.84,-0.37
705.16,15.63,-3.51,-2.11,10.07,0.12,-0.33,-0.27,-0.92,-1.33,10.66,0.08,-0.89,-0.33
705.17,16.23,-3.92,-1.75,10.19,0.15,-0.29,-0.22,-1.15,-0.99,10.88,0.1,-0.98,-0.27
705.19,16.7,-4.08,-1.41,10.27,0.19,-0.25,-0.19,-1.25,-0.69,10.98,0.11,-1.05,-0.26
705.2,17.19,-4.14,-1.04,10.34,0.25,-0.2,-0.2,-1.32,-0.42,11.03,0.12,-1.13,-0.3
705.21,17.9,-4.18,-0.59,10.34,0.35,-0.12,-0.27,-1.42,-0.16,11.04,0.13,-1.25,-0.39
705.22,18.42,-4.27,-0.33,10.27,0.42,-0.06,-0.37,-1.53,-0.05,11.07,0.13,-1.33,-0.48
705.24,19.16,-4.37,-0.1,10.19,0.53,0.04,-0.47,-1.69,0.07,11.15,0.14,-1.43,-0.61
705.24,20.18,-4.58,0.33,10.06,0.69,0.2,-0.65,-2.01,0.25,11.27,0.13,-1.56,-0.79
705.26,21.11,-4.56,0.66,9.96,0.82,0.34,-0.79,-2.17,0.48,11.35,0.13,-1.66,-0.97
705.27,22.14,-4.45,0.93,9.88,0.93,0.48,-0.97,-2.25,0.6,11.35,0.13,-1.77,-1.18
705.29,24.28,-3.94,0.4,9.76,1.06,0.76,-1.15,-1.85,0.19,11.06,0.08,-1.96,-1.35
705.31,26.88,-3.86,-0.61,9.56,1.07,1.04,-1.35,-1.39,-0.62,11.62,0.07,-2.14,-1.42
705.33,28.67,-4.05,-0.87,9.65,1,1.13,-1.34,-0.58,-0.93,11.93,0.1,-2.2,-1.39
705.35,30.35,-4.18,-0.97,9.83,0.91,1.27,-1.28,0.34,-1.61,12.09,0.17,-2.18,-1.2
705.36,32.77,-4.03,-1.29,10.15,0.79,1.37,-1.12,1.8,-1.68,11.53,0.22,-2.1,-0.91
705.37,35.13,-3.36,-1.82,10.88,0.63,1.42,-0.86,2.78,-1.98,10.57,0.24,-1.94,-0.69
705.38,37.48,-2.73,-2.12,11.56,0.51,1.46,-0.65,3.58,-2.07,9.45,0.18,-1.75,-0.45
705.4,39.89,-1.99,-2.26,12.18,0.38,1.49,-0.47,4.51,-2.34,8.25,0.04,-1.4,0.03
705.41,42.11,-1.97,-2.39,12.17,0.34,1.54,-0.4,5.43,-2.21,8.08,-0.06,-1.04,0.2
705.43,43.85,-2.32,-2.45,11.84,0.29,1.57,-0.32,6.02,-2.1,8.24,-0.1,-0.43,0.41
705.44,45.2,-2.41,-2.23,11.67,0.25,1.56,-0.21,6.55,-2.11,8.29,-0.07,-0.02,0.53
705.45,46.02,-2.41,-1.94,11.54,0.19,1.55,-0.15,6.63,-1.93,8.29,0,0.56,0.64
705.46,46.76,-2.37,-1.56,11.16,0.04,1.49,0.04,6.28,-1.5,8.01,0.06,1.08,0.68
705.48,46.95,-2.17,-1.34,10.82,-0.1,1.44,0.22,5.85,-1.33,7.63,0.12,1.5,0.65
705.5,46.74,-1.7,-1.19,10.25,-0.32,1.38,0.53,6.63,-1.66,7.06,0.29,2.07,0.57
705.51,46.38,-1.45,-1.25,9.75,-0.49,1.3,0.65,7.16,-1.7,6.53,0.45,2.52,0.27
705.52,45.77,-1.29,-1.33,9.44,-0.6,1.18,0.76,6.91,-1.42,6.24,0.51,2.95,-0.17
705.54,44.69,-1.19,-1.32,9.17,-0.68,1.06,0.85,6.38,-0.99,6.11,0.51,3.26,-0.27
705.55,43.08,-1.17,-1.22,8.8,-0.75,0.96,0.92,5.31,-0.77,5.87,0.48,3.75,-0.31
705.58,40.22,-1.23,-1.01,8.37,-0.83,0.86,1.04,3.5,-0.38,5.72,0.4,4.06,-0.22
705.59,37.72,-1.28,-0.92,8.12,-0.87,0.8,1.06,2.73,0.08,6.19,0.3,4.25,-0.01
705.6,35.49,-1.44,-0.72,7.99,-0.89,0.72,1.07,2.29,0.47,7.06,0.16,4.41,0.36
705.61,31.75,-1.79,-0.37,8.06,-0.88,0.58,1.08,1.62,0.65,8.1,0.03,4.49,0.6
705.63,28.59,-2.2,0.09,8.16,-0.83,0.46,1.07,1.03,0.72,8.71,-0.06,4.46,0.96
705.64,24.73,-2.88,0.42,8.12,-0.76,0.33,1.06,0.03,0.82,8.7,-0.18,4.32,1.26
705.65,21.75,-3.54,0.49,7.96,-0.69,0.2,1.08,-0.67,0.9,8.49,-0.29,4.17,1.62
705.66,18.37,-4.13,0.47,7.67,-0.68,0.11,1.16,-1.02,0.48,8.74,-0.49,4.03,2.32
705.68,15.49,-4.5,0.39,7.62,-0.68,0.06,1.18,-0.83,-0.05,9.4,-0.52,3.91,2.51
705.7,13.94,-4.77,0.27,7.67,-0.69,-0.03,1.09,0.48,-1.29,10.12,-0.39,3.64,2.44
705.72,12.62,-4.81,-0.03,7.63,-0.75,-0.13,0.87,1.28,-1.59,10.1,-0.2,3.28,1.84
705.73,11.92,-4.85,-0.26,7.73,-0.82,-0.2,0.61,1.17,-1.23,9.71,-0.1,2.97,1.11
705.74,11.41,-4.98,-0.55,8.04,-0.85,-0.23,0.34,1,-1.23,9.67,-0.06,2.68,0.29
705.75,11.12,-5.19,-0.64,8.21,-0.82,-0.25,0.15,0.76,-1.21,9.7,-0.03,2.54,-0.09
705.76,11.21,-5.48,-0.54,8.28,-0.73,-0.3,-0.08,0.61,-1.15,9.69,-0.01,2.23,-0.79
705.78,10.44,-5.85,-0.53,8.2,-0.61,-0.36,-0.23,-1.31,-0.44,9.33,0.05,1.86,-1.28
705.8,9.99,-6.15,-0.7,8.09,-0.53,-0.37,-0.29,-2.87,-0.28,9.2,0.03,1.12,-1.47
705.82,8.93,-6.49,-1.18,7.93,-0.45,-0.37,-0.26,-4.82,-0.04,8.75,-0.1,0.53,-1.07
705.83,8.65,-6.55,-1.56,7.91,-0.44,-0.44,-0.1,-5.11,-0.07,8.7,-0.25,-0.21,-0.37
705.84,9.19,-6.33,-1.45,8.58,-0.46,-0.65,0.29,-3.81,0.73,9.27,-0.4,-0.97,0.42
705.86,9.73,-5.86,-0.85,9.98,-0.52,-0.85,0.64,-3.47,1.28,9.92,-0.55,-1.13,0.62
705.87,9.43,-5.03,0.15,11.96,-0.52,-1.11,0.97,-5.8,1.09,12.03,-0.75,-0.98,0.95
705.89,8.74,-5.78,0.17,11.75,-0.48,-1.05,1.06,-5.85,0.52,12.21,-0.56,-1.04,1.42
705.91,8.56,-4.96,-0.88,10.81,-0.47,-0.83,1.16,-4.5,0.18,11.38,-0.42,-1.32,1.95
705.92,9.06,-3.68,-1.18,10.28,-0.46,-0.7,1.16,-2.69,-0.15,10.71,-0.37,-1.52,2.02
705.93,9.62,-1.28,-0.98,9.73,-0.5,-0.57,0.97,-0.94,-1.01,9.92,-0.43,-1.66,1.76
705.95,9.53,-0.18,-1.37,9.94,-0.56,-0.55,0.54,-0.13,-1.57,9.82,-0.54,-1.69,1.29
705.96,10.37,0.03,-2.21,10.08,-0.52,-0.6,0.08,0.86,-1.93,9.92,-0.57,-1.65,0.9
705.97,11.03,0.11,-3.06,10.09,-0.36,-0.71,-0.29,1.81,-2.2,10.21,-0.51,-1.49,0.28
705.98,11.53,-0.08,-3.19,9.97,-0.25,-0.79,-0.52,2.1,-2.1,10.21,-0.41,-1.31,-0.14
705.99,11.5,-0.65,-3.11,9.76,-0.2,-0.88,-0.61,1.78,-1.71,10.19,-0.34,-1.14,-0.48
706,12.1,-1.23,-2.96,9.74,-0.2,-0.92,-0.59,0.94,-1.4,10.3,-0.3,-1.09,-0.65
706.01,12.22,-1.85,-2.73,9.82,-0.2,-0.93,-0.51,-0.15,-1.3,10.26,-0.23,-1.09,-0.67
706.03,12.03,-2.08,-2.55,9.79,-0.2,-0.89,-0.37,-0.81,-1.36,9.9,-0.19,-1.11,-0.48
706.04,12.04,-2.06,-2.53,9.71,-0.2,-0.86,-0.24,-1.35,-1.48,9.62,-0.2,-1.08,-0.28
706.05,11.49,-1.82,-2.73,9.54,-0.22,-0.83,-0.13,-1.31,-2.1,9.74,-0.28,-0.88,0.06
706.08,10.97,-2.26,-2.63,9.41,-0.24,-0.8,-0.13,-0.73,-1.8,9.95,-0.23,-0.81,0.12
706.09,11.14,-2.42,-2.52,9.4,-0.24,-0.78,-0.09,-0.41,-1.63,9.9,-0.2,-0.81,0.08
706.11,11.26,-2.4,-2.42,9.38,-0.24,-0.75,-0.02,-0.26,-1.45,9.74,-0.15,-0.83,-0.07
706.12,11.53,-2.21,-2.37,9.39,-0.24,-0.73,0.04,-0.12,-1.51,9.76,-0.12,-0.83,-0.24
706.13,11.59,-1.87,-2.26,9.44,-0.23,-0.72,0.04,-0.36,-1.45,9.75,-0.09,-0.82,-0.31
706.14,11.46,-1.59,-2.18,9.49,-0.21,-0.7,0,-0.58,-1.43,9.73,-0.07,-0.8,-0.4
706.15,11.17,-1.46,-2.11,9.48,-0.17,-0.69,-0.12,-0.6,-1.47,9.69,-0.06,-0.77,-0.53
706.17,10.72,-1.67,-2.11,9.38,-0.14,-0.67,-0.27,-1.07,-1.34,9.54,-0.05,-0.76,-0.49
706.19,10.14,-2.11,-2.02,9.31,-0.14,-0.64,-0.36,-1.56,-1.32,9.49,-0.11,-0.78,-0.33
706.21,9.93,-2.31,-1.94,9.31,-0.14,-0.62,-0.38,-1.61,-1.22,9.46,-0.12,-0.8,-0.24
706.22,9.8,-2.45,-1.87,9.29,-0.14,-0.61,-0.38,-1.58,-1.16,9.46,-0.14,-0.83,-0.18
706.23,9.79,-2.65,-1.78,9.22,-0.13,-0.58,-0.37,-1.49,-1.11,9.53,-0.15,-0.87,-0.18
706.24,9.94,-2.86,-1.75,9.18,-0.14,-0.55,-0.36,-1.43,-1.16,9.51,-0.16,-0.9,-0.21
706.25,10.31,-3.16,-1.8,9.15,-0.16,-0.52,-0.33,-1.28,-1.22,9.6,-0.15,-1.02,-0.44
706.28,11.83,-3.48,-1.73,9.12,-0.22,-0.5,-0.24,-0.93,-1.27,9.78,-0.1,-1.1,-0.62
706.3,12.18,-3.42,-1.73,9.15,-0.24,-0.52,-0.21,-1.8,-1.24,9.67,-0.12,-1.17,-0.59
706.31,12.51,-3.15,-1.81,9.27,-0.26,-0.58,-0.2,-1.86,-1.47,9.83,-0.17,-1.26,-0.28
706.32,12.76,-2.93,-1.83,9.38,-0.27,-0.63,-0.23,-1.41,-1.35,9.88,-0.16,-1.26,-0.05
706.34,13.14,-2.86,-1.85,9.54,-0.27,-0.7,-0.27,-0.73,-1.23,10,-0.19,-1.25,0.09
706.35,13.7,-2.95,-1.91,9.67,-0.26,-0.76,-0.32,-0.13,-1.33,10.4,-0.19,-1.25,0.11
706.37,14.23,-3.01,-2.06,9.84,-0.25,-0.82,-0.37,0.2,-1.49,10.71,-0.12,-1.31,-0.07
706.38,14.97,-3.04,-2.19,9.94,-0.22,-0.85,-0.43,0.28,-1.46,10.73,-0.02,-1.42,-0.38
706.39,15.41,-3.09,-2.33,9.97,-0.16,-0.85,-0.49,-0.05,-1.35,10.64,0.04,-1.5,-0.56
706.4,15.91,-3.13,-2.38,9.97,-0.1,-0.84,-0.53,-0.56,-1.33,10.71,0.07,-1.57,-0.7
706.42,16.3,-3.33,-2.26,10.04,0.06,-0.76,-0.67,-2.24,-1.37,10.66,0.11,-1.74,-0.53
706.44,16.58,-3.65,-1.87,9.96,0.23,-0.64,-0.78,-2.09,-1.1,10.66,0.11,-1.77,-0.43
706.45,17.07,-3.77,-1.47,9.93,0.33,-0.56,-0.85,-1.61,-0.6,10.65,0.09,-1.83,-0.4
706.46,17.71,-3.7,-1.14,10.19,0.44,-0.45,-0.95,-1.17,-0.52,10.9,0.06,-1.93,-0.5
706.47,20.17,-4.05,-1,11.32,0.69,-0.15,-1.29,-0.67,-0.06,12.25,0.09,-2.18,-1.42
706.51,22.4,-4.12,-0.38,10.85,0.98,0.21,-1.52,-2.06,-0.37,12.61,0.21,-2.25,-1.65
706.53,23.39,-3.97,-0.53,10.2,1.03,0.43,-1.58,-2.96,-0.98,12.23,0.25,-2.33,-1.71
706.54,24.98,-4.09,-0.72,9.36,1.04,0.78,-1.65,-3.63,-0.5,11.78,0.33,-2.55,-1.71
706.56,27.83,-4.14,-0.28,9.29,1.03,1.4,-1.47,-2.63,-0.53,11.46,0.23,-2.7,-1.21
706.58,30.75,-3.9,-0.4,10.09,0.98,1.8,-1.21,1,-0.6,11.23,-0.07,-2.54,-0.78
706.6,34.74,-3.29,-0.62,12.07,0.82,2.05,-0.85,3.31,-1.17,10.92,-0.35,-1.95,-0.41
706.62,39.19,-2.52,-0.8,14.48,0.71,2.08,-0.7,6.36,-2.23,11.04,-0.64,-1.51,-0.45
706.64,41.31,-2.06,-0.78,14.2,0.69,2.03,-0.67,7.27,-2.06,11.11,-0.63,-0.93,-0.72
706.65,43.32,-0.93,-0.68,13.02,0.55,1.9,-0.66,7.75,-1.35,10.09,-0.4,-0.17,-1.35
706.66,44.61,-0.41,-0.9,13.13,0.57,1.93,-0.68,8.09,-0.78,9.07,-0.26,0.25,-1.77
706.68,45.36,-0.2,-0.43,12.45,0.51,2.07,-0.7,8.2,-0.37,8.03,-0.16,0.68,-2.09
706.69,46.03,-0.21,-0.38,11.81,0.38,2.15,-0.76,8.14,-0.19,7.53,-0.15,0.9,-2.19
706.7,46.87,-0.25,-0.72,11.39,0.24,2.16,-0.89,7.44,0.43,6.55,-0.14,1.46,-2.25
706.71,47.18,0.05,-0.91,11.36,0.13,2.08,-1.08,6.74,0.88,5.8,-0.16,1.87,-2.09
706.72,47.1,0.32,-1.17,11.34,0.08,1.98,-1.14,6.19,1.15,5.03,-0.2,2.25,-1.77
706.73,46.84,0.35,-0.89,10.85,0.04,1.93,-1.11,5.51,1.45,4.49,-0.28,2.53,-1.39
706.74,46.23,0.11,-0.78,10.07,-0.1,1.87,-1.03,4.41,1.73,4.01,-0.48,2.91,-0.3
706.76,44.81,-0.66,-0.79,9.16,-0.34,1.76,-0.7,3.09,1.27,4.09,-0.75,3.34,0.35
706.77,43.13,-0.94,-0.98,8.72,-0.58,1.59,-0.23,2.81,0.85,4.41,-1,4.04,1.86
706.79,39.79,-0.71,-1.42,8.61,-0.73,1.36,0.26,4.29,-0.11,5.93,-1.15,4.33,2.32
706.81,36.16,-0.27,-1.72,8.29,-0.79,1.14,0.52,5.83,-1.23,7.85,-0.92,4.84,2.95
706.82,34.09,-0.33,-1.51,8.06,-0.82,0.99,0.67,6.42,-1.75,8.42,-0.67,5.02,2.99
706.83,30.07,-1.02,-0.79,7.71,-0.89,0.71,1.01,7.19,-1.65,8.43,-0.03,5.11,2.3
706.86,27.92,-1.61,-0.7,7.63,-0.94,0.51,1.24,7.49,-0.86,8.25,0.25,5.04,1.65
706.87,25.49,-2.34,-0.86,7.64,-1,0.26,1.42,7.05,-0.53,7.98,0.44,4.87,0.42
706.89,24.13,-2.45,-0.95,7.74,-1.05,0.06,1.47,5.86,-0.08,7.75,0.4,4.76,-0.22
706.9,22.12,-2.35,-0.77,8.21,-1.02,-0.23,1.45,3.84,0.3,7.82,0.21,4.62,-0.79
706.92,19.88,-2.3,-0.51,8.49,-0.94,-0.35,1.39,2.3,0.29,8.04,0.06,4.51,-0.97
706.93,15.35,-2.44,0.28,8.87,-0.74,-0.48,1.16,-0.55,-0.18,8.76,-0.19,3.93,-1.09
706.95,11.36,-3.02,0.64,8.92,-0.61,-0.51,0.82,-2.18,-0.37,9.06,-0.36,3.64,-0.96
706.96,6.12,-4.57,0.35,8.66,-0.55,-0.45,0.18,-4.93,-1.1,10.02,-0.36,2.95,-0.58
706.98,3.8,-5.47,0.07,8.49,-0.55,-0.4,-0.15,-5.45,-0.78,9.92,-0.32,2.6,-0.4
706.99,2.54,-7.26,-0.45,8.19,-0.57,-0.29,-0.34,-5.57,-0.13,9.49,-0.32,1.77,0.01
707.01,1.74,-9.08,-0.86,8.04,-0.58,-0.18,-0.22,-6.42,-0.03,8.84,-0.39,0.96,0.42
707.02,1.42,-9.47,-0.87,8.01,-0.57,-0.14,0.01,-7,-0.14,8.6,-0.4,0.46,0.72
707.03,2.23,-9.13,-0.88,7.96,-0.52,-0.15,0.28,-6.55,-0.6,8.55,-0.39,-0.37,1.17
707.04,3.22,-8.26,-0.92,7.71,-0.52,-0.19,0.48,-5.1,-0.35,8.59,-0.39,-0.98,1.48
707.06,5.74,-6.71,-1.55,8.24,-0.63,-0.39,0.87,-2.45,0.56,9.15,-0.52,-1.34,1.5
707.08,7.35,-3.73,-1.1,10.17,-0.54,-0.67,1.11,-1.67,0.45,10.05,-0.63,-1.34,1.18
707.09,7.46,-2.08,-0.49,11,-0.46,-0.81,1.08,-2.38,0.57,10.72,-0.61,-1.15,0.82
707.1,6.39,-2.45,0.6,12.15,-0.37,-0.93,0.76,-4.71,0.64,11.77,-0.52,-1.05,0.76
707.12,5.75,-4.15,-0.14,12.16,-0.37,-0.82,0.56,-5.44,-0.12,12.05,-0.42,-1.29,1.1
707.13,6.16,-4.58,-1.92,11.04,-0.35,-0.54,0.61,-4.1,-0.75,11.4,-0.32,-1.52,1.46
707.14,7.1,-2.71,-2.4,10.27,-0.36,-0.33,0.78,-2.09,-1.45,10.47,-0.39,-1.72,1.77
707.16,7.45,-0.26,-1.99,10.07,-0.48,-0.26,0.47,-0.29,-1.72,10.06,-0.53,-1.68,1.58
707.18,8.64,-0.07,-2.72,10.43,-0.45,-0.38,0.06,1.1,-2.37,10.28,-0.65,-1.5,1.01
707.19,9.41,-0.09,-3.49,10.48,-0.31,-0.51,-0.26,2.07,-2.63,10.54,-0.6,-1.39,0.7
707.21,10.67,-0.23,-3.56,10.15,-0.21,-0.61,-0.43,2.51,-2.35,10.47,-0.53,-1.24,0.24
707.22,10.91,-0.63,-3.45,9.89,-0.18,-0.7,-0.53,2.51,-2.17,10.41,-0.49,-1.12,-0.23
707.23,12,-1.18,-3.36,9.78,-0.17,-0.76,-0.56,2.07,-2.06,10.57,-0.38,-1.06,-0.67
707.24,12.52,-1.62,-3.19,9.79,-0.17,-0.76,-0.53,1.12,-2.07,10.53,-0.26,-1.03,-0.95
707.25,12.56,-1.8,-3.04,9.75,-0.17,-0.74,-0.47,0.2,-2.16,10.18,-0.14,-1.03,-1.01
707.26,12.33,-1.83,-2.93,9.6,-0.14,-0.71,-0.44,-1.88,-2.26,9.49,-0.12,-0.99,-0.83
707.28,11.68,-1.87,-2.9,9.44,-0.11,-0.7,-0.49,-2.05,-2.4,9.61,-0.15,-0.91,-0.58
707.3,11.33,-2.07,-2.86,9.34,-0.1,-0.7,-0.54,-1.87,-2.32,9.69,-0.16,-0.83,-0.4
707.31,10.83,-2.75,-2.67,9.3,-0.09,-0.67,-0.59,-1.7,-2,9.68,-0.15,-0.73,-0.13
707.33,10.79,-3.04,-2.59,9.28,-0.09,-0.65,-0.55,-1.39,-1.8,9.65,-0.13,-0.73,-0.11
707.34,10.91,-3.06,-2.53,9.25,-0.09,-0.62,-0.46,-1.07,-1.72,9.6,-0.11,-0.74,-0.16
707.35,11.17,-2.76,-2.4,9.3,-0.09,-0.59,-0.37,-0.63,-1.68,9.67,-0.08,-0.74,-0.32
707.37,11.34,-2.41,-2.25,9.41,-0.09,-0.54,-0.33,-0.58,-1.51,9.73,-0.02,-0.74,-0.49
707.38,11.48,-2.19,-2.15,9.47,-0.08,-0.51,-0.34,-0.69,-1.5,9.73,0.01,-0.74,-0.66
707.4,11.38,-2,-2.08,9.5,-0.05,-0.49,-0.4,-0.89,-1.42,9.64,0.03,-0.74,-0.68
707.41,11.27,-2.02,-2.09,9.52,-0.03,-0.48,-0.44,-1.21,-1.46,9.55,0.02,-0.73,-0.65
707.42,11.11,-2.08,-2.11,9.5,-0.01,-0.47,-0.46,-1.35,-1.49,9.52,0.01,-0.72,-0.58
707.43,10.92,-2.19,-2.13,9.47,0.02,-0.46,-0.49,-1.41,-1.47,9.46,0,-0.72,-0.47
707.45,10.78,-2.41,-2.22,9.47,0.05,-0.43,-0.51,-1.34,-1.53,9.47,-0.03,-0.72,-0.32
707.46,10.93,-2.8,-2.37,9.42,0.07,-0.41,-0.47,-0.97,-1.61,9.65,-0.05,-0.71,-0.23
707.49,11.45,-3.02,-2.3,9.27,0.06,-0.41,-0.37,-0.53,-1.48,9.74,-0.04,-0.72,-0.28
707.5,11.83,-3.04,-2.19,9.22,0.05,-0.41,-0.32,-0.41,-1.39,9.71,-0.04,-0.73,-0.32
707.51,12.34,-2.93,-2.01,9.24,0.01,-0.43,-0.22,-0.52,-1.33,9.64,-0.05,-0.76,-0.38
707.52,12.67,-2.8,-1.92,9.29,-0.01,-0.44,-0.18,-0.5,-1.47,9.59,-0.06,-0.79,-0.45
707.53,12.94,-2.72,-1.94,9.26,-0.03,-0.45,-0.15,-0.41,-1.51,9.65,-0.07,-0.8,-0.53
707.54,13.3,-2.67,-1.9,9.21,-0.07,-0.45,-0.13,-0.47,-1.52,9.68,-0.07,-0.81,-0.57
707.56,13.49,-2.63,-1.89,9.23,-0.1,-0.46,-0.13,-0.78,-1.57,9.69,-0.08,-0.82,-0.55
707.57,13.53,-2.59,-1.91,9.28,-0.12,-0.46,-0.14,-1.13,-1.62,9.68,-0.08,-0.84,-0.48
707.58,13.51,-2.57,-1.92,9.32,-0.13,-0.47,-0.15,-1.18,-1.65,9.69,-0.09,-0.87,-0.39
707.6,13.54,-2.46,-1.96,9.41,-0.13,-0.47,-0.19,-0.83,-1.61,9.78,-0.12,-0.91,-0.24
707.61,13.72,-2.35,-2.08,9.51,-0.13,-0.48,-0.24,-0.24,-1.64,9.92,-0.13,-0.93,-0.17
707.62,14.07,-2.28,-2.18,9.54,-0.13,-0.5,-0.28,0.36,-1.7,10.02,-0.11,-0.94,-0.18
707.63,14.56,-2.18,-2.36,9.63,-0.11,-0.54,-0.38,0.64,-1.69,10.06,-0.07,-0.95,-0.27
707.65,15.26,-2.18,-2.49,9.77,-0.06,-0.61,-0.5,0.65,-1.79,10.14,0,-1,-0.41
707.67,15.54,-2.39,-2.58,9.69,-0.02,-0.65,-0.55,0.52,-1.78,10.13,0.04,-1.02,-0.46
707.68,15.95,-2.49,-2.42,9.64,-0.01,-0.68,-0.57,0.3,-1.8,10.16,0.05,-1.04,-0.47
707.7,16.22,-2.6,-2.32,9.72,0.01,-0.7,-0.59,0.07,-1.71,10.22,0.08,-1.07,-0.45
707.71,16.41,-2.72,-2.22,9.75,0.05,-0.7,-0.6,-0.12,-1.58,10.18,0.1,-1.12,-0.44
707.73,16.64,-2.88,-2.08,9.79,0.1,-0.69,-0.64,-0.33,-1.48,10.19,0.1,-1.15,-0.44
707.74,16.88,-3.11,-1.97,9.84,0.14,-0.67,-0.68,-0.48,-1.39,10.38,0.11,-1.21,-0.47
707.75,17.16,-3.35,-1.88,10.03,0.17,-0.62,-0.74,-0.71,-1.41,10.66,0.13,-1.28,-0.52
707.76,17.5,-3.71,-1.79,10.27,0.21,-0.55,-0.81,-0.97,-1.26,11.07,0.15,-1.35,-0.62
707.77,18.16,-4.22,-1.48,10.55,0.33,-0.39,-0.93,-1.68,-0.58,11.49,0.2,-1.51,-0.86
707.79,18.5,-4.38,-1.17,10.59,0.42,-0.28,-0.99,-2.18,-0.28,11.51,0.21,-1.59,-0.98
707.8,19.44,-4.39,-0.43,10.49,0.67,-0.01,-1.07,-2.38,0.06,11.33,0.21,-1.74,-1.12
707.82,20.41,-4.03,0.19,10.16,0.86,0.22,-1.09,-2.08,0.26,10.95,0.17,-1.89,-1.19
707.83,21.36,-3.54,0.46,9.9,0.94,0.4,-1.09,-1.61,0.3,10.73,0.14,-1.96,-1.22
707.85,22.85,-3.05,0.33,9.69,0.98,0.62,-1.08,-0.93,0.22,10.37,0.03,-2.09,-1.24
707.87,24.46,-2.8,-0.06,9.62,1.01,0.81,-1.09,-0.55,-0.06,10.36,-0.06,-2.16,-1.26
707.88,26.18,-2.63,-0.32,9.7,1.07,0.97,-1.16,-0.14,-0.33,10.55,-0.15,-2.17,-1.29
707.89,26.52,-2.63,-0.32,9.7,1.07,0.97,-1.16,0.15,-0.53,10.66,-0.18,-2.16,-1.29
707.9,27.68,-2.58,-0.43,9.79,1.09,1.09,-1.23,0.74,-0.85,10.82,-0.22,-2.13,-1.25
707.91,29.41,-2.66,-0.62,9.95,1.07,1.19,-1.27,1.74,-1.25,10.96,-0.25,-2.05,-1.19
707.93,31.67,-2.76,-0.84,10.13,1.02,1.31,-1.24,3.06,-1.36,10.78,-0.26,-1.88,-1.16
707.94,33.81,-2.72,-1.03,10.44,0.93,1.42,-1.14,4.03,-1.38,10.35,-0.28,-1.72,-1.19
707.95,37.07,-2.08,-1.27,11.48,0.76,1.52,-0.95,5.76,-1.79,9.61,-0.35,-1.39,-1.25
707.96,39.35,-1.05,-1.3,12.85,0.71,1.63,-0.94,6.76,-2.4,9.33,-0.39,-1.03,-1.3
707.98,41.02,-0.79,-1.55,13.06,0.72,1.7,-1.04,7.59,-2.56,9.35,-0.3,-0.6,-1.44
707.99,42.15,-0.72,-1.26,12.55,0.66,1.74,-1.07,7.87,-2.11,9.19,-0.17,-0.13,-1.72
708,43.3,-0.72,-1.16,12.15,0.55,1.72,-1.01,8,-1.29,8.66,-0.01,0.22,-1.92
708.01,44.02,-0.41,-1.1,11.91,0.41,1.68,-0.95,7.94,-0.83,8.14,0.09,0.54,-2.22
708.03,45.06,-0.12,-1.03,11.51,0.25,1.63,-0.84,7.39,0.13,6.56,0.18,1.2,-2.22
708.04,45.3,-0.13,-1.04,11.32,0.19,1.6,-0.79,6.78,0.44,5.96,0.17,1.44,-1.76
708.06,44.99,-0.4,-0.91,10.54,-0.02,1.44,-0.5,3.91,1.36,4.57,0.01,2.03,-0.95
708.07,43.88,-0.57,-0.73,9.98,-0.17,1.36,-0.32,2.38,1.82,4.24,-0.22,2.35,-0.16
708.09,41.25,-0.75,-0.71,9.46,-0.43,1.23,0.01,2.61,0.48,5.4,-0.73,2.97,1.18
708.1,39.53,-0.8,-0.78,9.36,-0.51,1.19,0.2,3.73,-0.26,6.09,-0.83,3.28,1.65
708.11,38.58,-0.85,-0.95,9.16,-0.59,1.14,0.29,4.4,-0.61,6.71,-0.84,3.58,2
708.12,36.32,-0.93,-1.21,8.99,-0.66,1.06,0.36,4.89,-0.62,7.73,-0.75,4.09,2.44
708.14,33.01,-1.17,-1.17,8.75,-0.72,0.95,0.47,5.53,-0.65,8.57,-0.53,4.22,2.43
708.16,30.3,-1.95,-0.51,8.59,-0.78,0.74,0.78,5.68,-0.59,8.89,-0.3,4.24,2
708.17,28.79,-2.3,-0.37,8.56,-0.78,0.67,0.93,5.69,-0.53,9.18,-0.15,4.17,1.56
708.19,25.91,-2.92,-0.23,8.46,-0.73,0.43,1.05,5,-0.17,8.93,0.13,3.96,0.56
708.22,25.38,-3.17,-0.35,8.41,-0.73,0.32,1.07,4.34,-0.06,8.78,0.15,3.89,0.24
708.23,23.75,-3.35,-0.48,8.41,-0.7,0.21,1.05,3.25,-0.12,8.76,0.15,3.8,-0.18
708.24,21.63,-3.16,-0.39,8.43,-0.65,0.13,0.96,1.74,-0.15,8.7,0.08,3.74,-0.45
708.26,15.73,-2.7,-0.06,8.52,-0.55,-0.05,0.36,0,-0.5,9.41,-0.13,3.35,-0.65
708.28,13.58,-2.89,-0.07,8.58,-0.5,-0.07,0.04,-0.36,-0.55,9.53,-0.13,2.96,-0.92
708.3,11.43,-3.21,-0.23,8.58,-0.42,-0.04,-0.4,-0.71,-0.66,9.42,-0.11,2.73,-1.1
708.31,8.69,-4.18,-0.42,8.42,-0.29,-0.02,-0.94,-1.77,-0.9,9.22,-0.09,1.96,-1.62
708.34,7.79,-4.92,-0.87,8.19,-0.24,-0.01,-1.35,-2.59,-1.01,9.33,-0.06,1.4,-1.89
708.35,7.34,-5.5,-1.28,8.28,-0.22,-0.02,-1.54,-3.42,-0.72,9.32,0.02,0.78,-1.99
708.38,7.44,-5.89,-1.45,8.4,-0.17,-0.04,-1.5,-3.87,-0.49,9.11,0.04,0.4,-1.83
708.39,7.36,-6.19,-1.45,8.27,-0.13,-0.06,-1.23,-4.87,-0.33,9.08,0.05,-0.06,-1.39
708.41,7.82,-6.46,-1.49,8.05,-0.16,-0.1,-0.97,-4.91,0.19,8.92,0.08,-0.41,-0.88
708.42,8.47,-6.56,-1.52,8.21,-0.17,-0.2,-0.55,-4.46,0.59,9.03,0.03,-0.74,-0.38
708.44,9.15,-6.3,-1.37,8.9,-0.18,-0.33,-0.2,-4.16,0.45,9.58,-0.06,-0.93,0.02
708.45,9.51,-6.02,-1.21,9.84,-0.23,-0.45,0.05,-4.54,0.14,10.24,-0.15,-1.02,0.29
708.46,9.37,-5.59,-1.24,11.49,-0.3,-0.63,0.38,-6.5,-0.36,11.57,-0.24,-0.98,0.53
708.48,8.78,-6.44,-1.3,11.53,-0.24,-0.62,0.56,-7.51,-1.03,11.98,-0.08,-0.87,1.13
708.49,8.55,-7.29,-1.42,10.93,-0.19,-0.55,0.79,-7.18,-0.7,11.4,0.03,-0.9,1.72
708.5,9.01,-6.82,-2.02,9.73,-0.17,-0.32,1.34,-5.02,-0.49,10.24,-0.03,-1.17,2.7
708.52,9.89,-3.51,-1.64,9.54,-0.25,-0.12,1.8,-2.16,-0.91,9.55,-0.21,-1.3,2.39
708.54,12.32,0.39,-1.58,9.7,-0.37,-0.17,0.99,2.85,-2.43,9.63,-0.4,-1.24,1.32
708.56,12.94,1.25,-2.36,10.17,-0.24,-0.35,0.12,3.71,-1.91,9.95,-0.19,-1.02,0
708.58,13.73,1.02,-2.33,10.23,-0.14,-0.4,-0.38,2.86,-1.44,9.9,-0.11,-0.92,-0.43
708.59,13.75,0.23,-2.12,10.12,-0.02,-0.46,-0.69,1.48,-1.26,10.02,-0.07,-0.81,-0.88
708.6,13.31,-0.87,-2.07,9.99,0.05,-0.48,-0.94,0.15,-1.22,10.12,-0.03,-0.77,-1.11
708.61,13.12,-1.97,-2.09,9.86,0.09,-0.46,-1.04,-1.63,-1.1,10,0,-0.8,-1.08
708.63,12.79,-2.77,-2.21,9.72,0.11,-0.39,-1.01,-2.49,-1.2,9.67,-0.02,-0.83,-0.74
708.64,12.58,-3.23,-2.36,9.54,0.12,-0.3,-0.89,-2.64,-1.34,9.53,-0.05,-0.81,-0.46
708.65,12.52,-3.5,-2.69,9.3,0.12,-0.18,-0.73,-2.52,-1.74,9.51,-0.13,-0.73,0.02
708.67,12.57,-3.55,-2.87,9.25,0.11,-0.15,-0.64,-2.07,-2.11,9.65,-0.15,-0.69,0.19
708.68,12.88,-3.58,-3.1,9.23,0.09,-0.13,-0.49,-1.3,-2.31,9.82,-0.15,-0.64,0.32
708.69,13.48,-3.53,-3.22,9.32,0.07,-0.14,-0.36,-0.37,-2.23,9.93,-0.1,-0.61,0.31
708.7,14.18,-3.43,-3.18,9.43,0.05,-0.15,-0.27,0.44,-2.09,9.97,-0.06,-0.59,0.23
708.72,14.96,-3.11,-2.98,9.6,0.04,-0.17,-0.16,0.94,-1.88,10.01,-0.01,-0.53,-0.02
708.73,15.55,-2.45,-2.7,9.79,0.04,-0.19,-0.08,1.11,-1.71,10.03,0.03,-0.51,-0.11
708.74,15.95,-1.83,-2.48,9.91,0.05,-0.21,-0.11,0.85,-1.55,10.03,0.08,-0.44,-0.38
708.76,15.97,-1.46,-2.3,9.96,0.09,-0.23,-0.23,0.2,-1.48,10,0.11,-0.41,-0.44
708.77,15.38,-1.43,-2.23,9.9,0.16,-0.23,-0.47,-0.31,-1.47,9.84,0.12,-0.34,-0.42
708.79,14.79,-1.68,-2.18,9.74,0.22,-0.21,-0.67,-0.76,-1.46,9.71,0.11,-0.29,-0.34
708.8,14.13,-2.1,-2.15,9.62,0.27,-0.16,-0.89,-0.95,-1.48,9.69,0.1,-0.26,-0.25
708.82,13.86,-2.39,-2.14,9.55,0.31,-0.11,-1,-0.88,-1.41,9.7,0.1,-0.24,-0.23
708.83,13.74,-2.64,-2.13,9.47,0.35,-0.07,-1.09,-0.79,-1.35,9.68,0.11,-0.23,-0.25
708.85,13.73,-2.83,-2.1,9.38,0.38,-0.03,-1.16,-0.77,-1.28,9.62,0.12,-0.23,-0.31
708.86,14.02,-3.37,-1.97,9.26,0.46,0.07,-1.24,-1.01,-1.14,9.69,0.14,-0.27,-0.54
708.88,14.33,-3.63,-1.92,9.2,0.48,0.11,-1.24,-1.11,-1.07,9.67,0.15,-0.3,-0.63
708.89,14.51,-3.77,-1.9,9.16,0.5,0.14,-1.2,-1.25,-1.05,9.63,0.16,-0.32,-0.67
708.91,14.89,-3.82,-1.84,9.14,0.51,0.19,-1.14,-1.44,-0.96,9.52,0.14,-0.37,-0.56
708.95,16.27,-3.34,-1.85,9.14,0.6,0.2,-1.17,-0.91,-1.11,9.63,0.12,-0.43,-0.63
708.97,16.53,-3.41,-1.86,9.03,0.63,0.2,-1.25,-0.86,-1.08,9.71,0.14,-0.44,-0.68
708.99,17.13,-3.79,-1.93,8.97,0.69,0.25,-1.3,-0.72,-0.96,9.75,0.16,-0.47,-0.84
709,18.14,-4.05,-2.07,9.01,0.76,0.34,-1.29,-0.47,-1.1,9.84,0.19,-0.5,-0.95
709.02,19.04,-3.87,-2.09,9.09,0.81,0.36,-1.27,-0.19,-1.21,9.93,0.22,-0.54,-1.06
709.03,19.87,-3.51,-2.09,9.21,0.84,0.35,-1.29,0.16,-1.27,9.97,0.25,-0.57,-1.16
709.05,20.74,-3.25,-2.06,9.41,0.89,0.32,-1.4,0.49,-1.34,10,0.29,-0.6,-1.23
709.06,21.87,-3.17,-2.1,9.6,0.96,0.25,-1.52,0.77,-1.39,10.06,0.36,-0.6,-1.27
709.08,22.84,-3.27,-2.09,9.73,0.99,0.14,-1.6,0.89,-1.4,10.18,0.4,-0.54,-1.2
709.1,23.48,-3.22,-2.11,9.86,0.98,0.05,-1.59,1.02,-1.56,10.36,0.44,-0.5,-1.06
709.12,23.95,-3.06,-2.07,10.01,0.95,-0.05,-1.54,1.38,-1.55,10.44,0.5,-0.46,-0.95
709.14,24.53,-2.83,-1.92,10.04,0.91,-0.17,-1.46,1.79,-1.49,10.37,0.57,-0.4,-0.96
709.16,24.71,-2.64,-1.78,10.04,0.88,-0.24,-1.43,1.84,-1.36,10.21,0.63,-0.37,-0.98
709.18,24.64,-2.59,-1.66,10.02,0.85,-0.28,-1.41,1.81,-1.2,10.12,0.65,-0.32,-1.01
709.19,24.58,-2.73,-1.48,9.98,0.81,-0.34,-1.35,1.62,-1.02,10.11,0.69,-0.26,-1.05
709.21,24.53,-2.89,-1.32,9.93,0.78,-0.36,-1.29,1.33,-0.86,10.12,0.7,-0.23,-1.06
709.22,24.27,-3.03,-1.12,9.89,0.73,-0.38,-1.21,1.05,-0.67,10.12,0.71,-0.21,-1.05
709.23,24.1,-3.08,-0.99,9.89,0.7,-0.38,-1.11,0.87,-0.54,10.08,0.7,-0.19,-1.01
709.24,23.78,-3.06,-0.73,9.95,0.65,-0.37,-1,0.84,-0.22,10,0.67,-0.16,-0.95
709.26,23.5,-2.9,-0.49,10.06,0.62,-0.36,-0.9,0.99,-0.01,9.92,0.63,-0.14,-0.92
709.27,23.08,-2.56,-0.05,10.18,0.59,-0.34,-0.82,1.22,0.16,9.69,0.52,-0.09,-0.96
709.28,22.89,-2.33,0.1,10.21,0.59,-0.32,-0.83,1.46,0.08,9.55,0.44,-0.06,-1.04
709.3,22.48,-1.9,0.21,10.2,0.6,-0.25,-0.9,1.65,-0.16,9.5,0.28,0.02,-1.27
709.31,22.18,-1.56,0.18,10.16,0.61,-0.16,-1.05,1.92,-0.39,9.53,0.18,0.08,-1.56
709.32,22.03,-1.36,0.12,10.13,0.63,-0.08,-1.26,2.17,-0.48,9.43,0.12,0.11,-1.83
709.33,21.76,-1.15,-0.01,10.09,0.65,0.02,-1.46,2.25,-0.55,9.26,0.05,0.14,-2.24
709.35,21.52,-1.05,-0.21,10.02,0.67,0.12,-1.76,2.15,-0.78,9.11,-0.03,0.16,-2.55
709.36,21.24,-1.06,-0.47,9.83,0.72,0.26,-2.2,1.63,-1.26,9.13,-0.21,0.18,-3.13
709.37,21.01,-1.13,-0.58,9.69,0.74,0.34,-2.48,1.47,-1.33,9.1,-0.31,0.18,-3.37
709.39,20.84,-1.26,-0.64,9.58,0.77,0.4,-2.75,1.41,-1.4,9.08,-0.42,0.17,-3.57
709.4,20.73,-1.41,-0.66,9.5,0.8,0.45,-2.99,1.39,-1.37,9.06,-0.54,0.15,-3.78
709.42,21.06,-1.77,-0.68,9.47,0.82,0.51,-3.45,1.74,-1.49,9.29,-0.79,-0.03,-4.06
709.45,22.47,-1.73,-0.85,9.44,0.79,0.47,-3.75,2.38,-1.55,9.33,-1.01,-0.24,-4.31
709.48,24.17,-1.5,-0.71,9.69,0.77,0.3,-3.77,2.81,-1.42,9.31,-1.16,-0.42,-4.56
709.51,24.71,-1.43,-0.72,9.77,0.77,0.25,-3.74,2.92,-1.45,9.41,-1.18,-0.43,-4.61
709.52,25.21,-1.29,-0.78,9.81,0.78,0.15,-3.67,2.95,-1.53,9.47,-1.19,-0.44,-4.7
709.54,25.49,-1.21,-0.84,9.83,0.78,0.07,-3.6,2.92,-1.53,9.5,-1.18,-0.44,-4.74
709.55,25.49,-1.16,-0.93,9.87,0.77,0.02,-3.55,2.87,-1.56,9.52,-1.17,-0.45,-4.76
709.56,25.72,-1.1,-1.09,9.88,0.77,-0.03,-3.49,2.69,-1.69,9.56,-1.13,-0.46,-4.78
709.57,25.65,-1.01,-1.26,9.9,0.76,-0.07,-3.46,2.32,-1.72,9.6,-1.09,-0.48,-4.74
709.58,25.3,-0.95,-1.46,9.98,0.75,-0.11,-3.4,2.2,-1.72,9.7,-1,-0.46,-4.67
709.6,25.14,-0.91,-1.54,10.07,0.74,-0.13,-3.36,1.98,-1.65,9.77,-0.94,-0.44,-4.6
709.61,24.73,-0.87,-1.69,10.21,0.75,-0.15,-3.34,1.74,-1.53,9.83,-0.88,-0.41,-4.48
709.62,24.23,-0.92,-1.83,10.33,0.78,-0.17,-3.32,1.57,-1.38,9.83,-0.82,-0.37,-4.33
709.63,23.68,-1.04,-1.91,10.42,0.81,-0.18,-3.29,1.45,-1.37,9.83,-0.77,-0.27,-4
709.66,22.48,-1.57,-2.12,10.35,0.87,-0.2,-3.21,1.47,-1.57,9.83,-0.64,-0.16,-3.76
709.68,22.02,-1.79,-2.2,10.25,0.87,-0.21,-3.17,1.47,-1.75,9.81,-0.57,-0.08,-3.67
709.69,21.59,-2.01,-2.34,10.2,0.86,-0.22,-3.14,1.55,-1.94,9.86,-0.53,0,-3.63
709.7,21.33,-2.22,-2.44,10.07,0.84,-0.23,-3.11,1.5,-2.24,9.93,-0.47,0.08,-3.62
709.71,21,-2.38,-2.42,9.96,0.82,-0.24,-3.09,1.41,-2.36,10.01,-0.42,0.13,-3.62
709.72,20.7,-2.68,-2.43,9.88,0.77,-0.26,-3.06,1.42,-2.38,10,-0.36,0.19,-3.61
709.73,20.35,-2.87,-2.26,9.81,0.71,-0.27,-3,1.2,-2.42,9.88,-0.33,0.34,-3.54
709.75,20.02,-2.81,-2.2,9.8,0.66,-0.28,-2.96,0.83,-2.5,9.87,-0.33,0.37,-3.52
709.76,19.38,-2.62,-2.13,9.79,0.57,-0.27,-2.89,0.05,-2.56,9.86,-0.33,0.48,-3.39
709.78,17.62,-2.45,-2.16,9.78,0.48,-0.23,-2.84,-0.61,-2.5,9.83,-0.32,0.59,-3.14
709.79,16.29,-2.66,-2.38,9.55,0.41,-0.18,-2.8,-0.97,-2.31,9.66,-0.32,0.68,-2.83
709.81,15.01,-3.07,-2.46,9.27,0.33,-0.14,-2.73,-1.35,-2.24,9.52,-0.37,0.74,-2.57
709.82,13.94,-3.32,-2.45,9.14,0.27,-0.11,-2.64,-1.6,-2.23,9.5,-0.4,0.77,-2.42
709.83,12.88,-3.99,-2.55,8.89,0.12,-0.04,-2.45,-1.86,-2.13,9.76,-0.42,0.83,-2.14
709.85,12.07,-4.24,-2.63,8.73,0.04,-0.01,-2.32,-1.94,-2.18,9.88,-0.38,0.85,-1.95
709.86,11.59,-4.5,-2.75,8.55,-0.07,0.01,-2.11,-1.98,-2.05,9.89,-0.31,0.86,-1.73
709.87,11.14,-4.74,-2.75,8.59,-0.23,0.03,-1.78,-2.01,-1.39,9.89,-0.23,0.86,-1.39
709.9,10.63,-5.24,-2.43,9.21,-0.39,0.04,-1.41,-2.49,-0.19,10.34,-0.17,0.87,-1.27
709.91,10.44,-5.55,-2.18,9.42,-0.42,0.04,-1.28,-2.84,-0.18,10.52,-0.13,0.86,-1.19
709.92,10.24,-6.54,-1.46,9.71,-0.43,0,-0.85,-3.75,-0.34,10.7,-0.05,0.7,-0.56
709.93,9.87,-6.51,-1.28,9.62,-0.42,-0.03,-0.45,-4.23,0.05,10.29,-0.07,0.56,0.09
709.94,9.23,-6.03,-1.1,9.43,-0.46,-0.04,-0.02,-4.04,0.3,9.92,-0.18,0.48,0.55
709.95,8.75,-4.71,-0.97,9.4,-0.52,-0.05,0.32,-2.65,-0.07,9.76,-0.46,0.43,1.2
709.97,8.35,-3.3,-1.01,9.56,-0.56,-0.03,0.56,-1.43,-0.55,9.9,-0.51,0.44,1.35
709.98,8.19,-2.68,-1.17,9.62,-0.55,-0.02,0.59,-0.58,-0.78,9.91,-0.49,0.44,1.34
709.99,8.18,-2.13,-1.43,9.58,-0.48,0.01,0.47,0.69,-0.61,9.69,-0.39,0.39,1.02
710.01,8.4,-2.14,-1.48,9.61,-0.44,0.02,0.36,0.96,-0.49,9.67,-0.35,0.34,0.73
710.02,8.55,-2.2,-1.43,9.65,-0.39,0.02,0.25,0.88,-0.6,9.8,-0.29,0.29,0.4
710.03,8.79,-2.22,-1.4,9.65,-0.37,0.03,0.19,0.52,-0.59,9.9,-0.25,0.26,0.16
710.05,8.9,-2.28,-1.41,9.62,-0.31,0.05,0.06,0.01,-0.64,9.89,-0.21,0.21,-0.17
710.06,8.92,-2.39,-1.49,9.57,-0.28,0.06,-0.04,-0.5,-0.65,9.84,-0.21,0.18,-0.35
710.08,8.86,-2.45,-1.56,9.59,-0.26,0.06,-0.11,-0.78,-0.68,9.8,-0.21,0.17,-0.35
710.09,8.78,-2.46,-1.59,9.6,-0.24,0.06,-0.15,-0.95,-0.66,9.76,-0.21,0.17,-0.21
710.1,8.49,-2.4,-1.63,9.63,-0.22,0.04,-0.2,-1.17,-0.64,9.67,-0.25,0.16,-0.05
710.11,8.3,-2.33,-1.64,9.64,-0.21,0.03,-0.2,-1.09,-0.68,9.67,-0.28,0.15,0.09
710.12,8.12,-2.23,-1.68,9.63,-0.21,0.01,-0.2,-0.87,-0.74,9.7,-0.33,0.14,0.25
710.13,7.94,-2.11,-1.79,9.61,-0.2,-0.02,-0.19,-0.52,-0.88,9.71,-0.37,0.13,0.38
710.15,7.92,-2.11,-1.92,9.55,-0.2,-0.04,-0.21,-0.31,-1.08,9.74,-0.38,0.14,0.38
710.17,7.9,-2.39,-2.17,9.45,-0.18,-0.05,-0.24,-0.38,-1.39,9.83,-0.34,0.13,0.28
710.18,8,-2.6,-2.28,9.43,-0.18,-0.05,-0.25,-0.55,-1.48,9.89,-0.32,0.11,0.2
710.2,8.09,-2.87,-2.38,9.4,-0.19,-0.05,-0.25,-0.75,-1.54,9.93,-0.28,0.08,0.11
710.21,8.3,-3.16,-2.51,9.41,-0.19,-0.04,-0.24,-1.03,-1.55,9.95,-0.23,0.03,0.03
710.22,8.55,-3.37,-2.53,9.41,-0.19,-0.02,-0.19,-1.32,-1.57,9.96,-0.19,-0.03,0
710.24,8.95,-3.22,-2.48,9.44,-0.2,-0.01,-0.05,-1.13,-1.45,9.88,-0.14,-0.09,0.06
710.26,9.11,-3.07,-2.47,9.46,-0.2,-0.01,-0.01,-0.85,-1.44,9.84,-0.13,-0.11,0.11
710.27,9.42,-2.52,-2.42,9.57,-0.22,-0.03,0.07,-0.36,-1.45,9.8,-0.12,-0.12,0.16
710.29,9.51,-2.14,-2.36,9.66,-0.21,-0.05,0.08,-0.09,-1.44,9.79,-0.12,-0.12,0.18
710.3,9.66,-1.85,-2.28,9.74,-0.2,-0.07,0.04,0.17,-1.4,9.79,-0.11,-0.12,0.14
710.31,9.87,-1.71,-2.18,9.76,-0.18,-0.09,-0.02,0.28,-1.33,9.8,-0.1,-0.11,0.04
710.33,9.8,-1.57,-1.94,9.75,-0.12,-0.11,-0.19,0.12,-1.16,9.78,-0.09,-0.1,-0.05
710.35,9.85,-1.63,-1.93,9.74,-0.1,-0.11,-0.27,-0.13,-1.14,9.78,-0.07,-0.11,-0.11
710.36,9.77,-1.81,-1.9,9.66,-0.06,-0.11,-0.37,-0.3,-1.13,9.77,-0.06,-0.12,-0.15
710.37,9.63,-1.94,-1.89,9.58,-0.05,-0.11,-0.43,-0.36,-1.14,9.73,-0.06,-0.13,-0.17
710.38,9.71,-2.45,-1.97,9.49,-0.02,-0.12,-0.52,-0.76,-1.22,9.66,-0.05,-0.17,-0.2
710.41,9.78,-2.68,-1.99,9.44,-0.02,-0.12,-0.51,-0.9,-1.24,9.67,-0.05,-0.19,-0.18
710.42,9.9,-2.82,-1.94,9.37,-0.03,-0.12,-0.47,-0.94,-1.22,9.62,-0.06,-0.22,-0.13
710.43,10.06,-2.81,-1.94,9.36,-0.05,-0.12,-0.42,-0.85,-1.19,9.62,-0.08,-0.24,-0.1
710.45,10.38,-2.84,-2.01,9.38,-0.07,-0.13,-0.35,-0.67,-1.21,9.64,-0.09,-0.29,-0.08
710.47,10.64,-2.85,-2.02,9.38,-0.08,-0.14,-0.31,-0.57,-1.23,9.66,-0.09,-0.31,-0.08
710.48,11.15,-2.81,-2.01,9.38,-0.1,-0.16,-0.23,-0.36,-1.24,9.7,-0.09,-0.35,-0.09
710.5,11.47,-2.71,-1.99,9.44,-0.12,-0.18,-0.18,-0.23,-1.2,9.72,-0.09,-0.37,-0.1
710.51,11.85,-2.6,-1.99,9.52,-0.13,-0.2,-0.13,-0.14,-1.19,9.75,-0.1,-0.39,-0.1
710.52,12.21,-2.37,-2.04,9.55,-0.15,-0.27,-0.09,-0.04,-1.26,9.84,-0.11,-0.41,-0.08
710.54,12.42,-2.3,-2.09,9.55,-0.16,-0.31,-0.08,0,-1.3,9.83,-0.12,-0.43,-0.08
710.56,12.49,-2.28,-2.16,9.57,-0.17,-0.35,-0.08,0,-1.36,9.84,-0.13,-0.44,-0.09
710.57,12.66,-2.3,-2.18,9.55,-0.17,-0.37,-0.1,0.02,-1.42,9.89,-0.14,-0.46,-0.12
710.58,12.79,-2.34,-2.22,9.56,-0.17,-0.39,-0.12,0.01,-1.44,9.94,-0.14,-0.48,-0.17
710.59,12.82,-2.38,-2.25,9.59,-0.16,-0.41,-0.15,-0.08,-1.44,9.98,-0.13,-0.51,-0.22
710.6,13.04,-2.38,-2.27,9.6,-0.15,-0.41,-0.17,-0.13,-1.47,10.02,-0.12,-0.55,-0.25
710.61,13.18,-2.38,-2.23,9.56,-0.13,-0.42,-0.23,-0.16,-1.52,10.03,-0.09,-0.65,-0.34
710.64,13.46,-2.37,-2.26,9.52,-0.11,-0.43,-0.32,-0.23,-1.55,9.9,-0.08,-0.71,-0.4
710.65,13.53,-2.36,-2.26,9.51,-0.1,-0.43,-0.37,-0.26,-1.69,9.95,-0.07,-0.75,-0.41
710.66,13.73,-2.34,-2.26,9.57,-0.1,-0.44,-0.42,-0.24,-1.64,10.01,-0.07,-0.78,-0.42
710.67,13.86,-2.33,-2.26,9.65,-0.09,-0.44,-0.45,-0.22,-1.51,10.03,-0.07,-0.82,-0.41
710.69,13.96,-2.31,-2.26,9.72,-0.08,-0.44,-0.5,-0.19,-1.46,10.05,-0.08,-0.85,-0.42
710.7,14.16,-2.27,-2.25,9.89,-0.05,-0.45,-0.56,-0.14,-1.4,10.16,-0.09,-0.9,-0.43
710.71,13.91,-2.31,-2.17,10.14,0.01,-0.45,-0.69,-0.14,-1.4,10.16,-0.09,-0.9,-0.43
710.72,14.08,-2.45,-2.15,10.31,0.06,-0.44,-0.77,-0.2,-1.33,10.25,-0.09,-0.94,-0.44
710.73,14.19,-2.8,-2.12,10.53,0.12,-0.41,-0.88,-0.29,-1.27,10.34,-0.09,-0.98,-0.45
710.75,15.48,-4.22,-2.03,10.62,0.29,-0.21,-1.06,-1.17,-1.08,11.13,-0.04,-1.12,-0.58
710.77,15.99,-4.52,-1.91,10.52,0.36,-0.13,-1.04,-1.62,-0.84,11.37,-0.01,-1.21,-0.65
710.79,17.53,-4.81,-1.09,10.33,0.54,0.15,-0.92,-2.31,-0.31,11.51,0.05,-1.42,-0.77
710.8,18.23,-4.73,-0.6,10.31,0.61,0.26,-0.89,-2.24,-0.09,11.51,0.07,-1.52,-0.83
710.81,19.58,-4.34,0.22,10.31,0.74,0.44,-0.89,-1.7,0.42,11.36,0.06,-1.7,-0.9
710.83,21.3,-3.61,0.84,10.32,0.85,0.61,-0.91,-0.85,0.74,11.2,-0.01,-1.9,-1.07
710.84,23.45,-2.61,1.08,10.39,0.94,0.74,-1.01,-0.39,0.9,11.03,-0.08,-2.04,-1.29
710.86,24.73,-2.18,0.98,10.5,0.98,0.82,-1.14,-0.3,0.93,10.81,-0.14,-2.08,-1.45
710.87,25.98,-2.1,0.67,10.57,1.06,0.94,-1.36,-0.45,0.68,10.88,-0.22,-2.15,-1.56
710.88,26.84,-2.32,0.41,10.52,1.11,1.02,-1.51,-0.3,0.58,10.97,-0.29,-2.16,-1.62
710.89,28.55,-2.81,0.08,10.32,1.17,1.16,-1.72,0.35,0.29,11.11,-0.43,-2.14,-1.68
710.9,30.25,-3.12,-0.16,10.26,1.18,1.27,-1.72,1.14,-0.72,11.47,-0.54,-2.12,-1.69
710.91,31.82,-3.1,-0.43,10.35,1.15,1.4,-1.63,1.57,-1.5,12.25,-0.36,-2.03,-1.53
710.92,33.96,-2.84,-0.6,10.67,1.1,1.53,-1.49,2.61,-0.81,11.48,-0.31,-1.97,-1.45
710.94,36.47,-2.22,-0.9,11.12,1,1.59,-1.38,3.95,-0.77,10.48,-0.31,-1.87,-1.38
710.95,38.09,-1.69,-0.94,11.78,0.89,1.64,-1.37,4.86,-0.9,9.45,-0.37,-1.72,-1.34
710.96,40.71,-1.63,-0.81,12.23,0.8,1.69,-1.47,6.33,-1.33,8.69,-0.47,-1.46,-1.29
710.98,44.19,-1.6,-1.09,12.35,0.69,1.73,-1.65,7.53,-1.4,8.37,-0.55,-0.63,-1.37
711,45.91,-2.02,-1.23,12.06,0.59,1.73,-1.65,7.76,-1.15,8.34,-0.53,-0.07,-1.47
711.01,47.41,-2.3,-1.19,11.84,0.48,1.69,-1.49,7.53,-1.08,8.33,-0.42,0.59,-1.6
711.02,48.16,-2.38,-0.97,11.52,0.4,1.66,-1.19,7.01,-0.85,8.07,-0.28,1.27,-1.64
711.04,48.75,-2.18,-0.79,10.72,0.21,1.6,-0.77,5.98,-0.07,7.02,-0.14,1.57,-1.53
711.05,48.68,-2.1,-0.83,10.45,0.13,1.57,-0.58,5.48,0.27,6.39,-0.15,1.83,-0.98
711.08,47.48,-1.87,-1.01,9.49,-0.27,1.39,0.1,4.06,0.22,5.66,-0.32,2.48,-0.43
711.11,46.29,-1.6,-1.15,9.27,-0.42,1.32,0.39,3.09,0.11,5.55,-0.4,2.86,0.34
711.12,43.64,-1.16,-1.23,9.13,-0.52,1.25,0.58,3.15,-0.39,5.83,-0.49,3.4,1.13
711.14,40.1,-0.92,-1.18,8.74,-0.6,1.16,0.74,4.53,-1.18,6.6,-0.42,4.06,1.42
711.15,37.03,-1.13,-1.06,8.06,-0.71,1.02,0.9,5.24,-0.7,7.01,-0.26,4.4,1.36
711.17,35.45,-1.29,-1.04,7.9,-0.74,0.92,0.96,5.38,-0.25,7.41,-0.17,4.58,1.25
711.18,32.99,-1.51,-0.86,7.8,-0.75,0.81,0.99,5.37,-0.16,7.98,-0.09,4.67,1.1
711.19,30.46,-1.9,-0.59,7.74,-0.76,0.63,0.96,4.98,-0.24,8.45,0.03,4.65,0.8
711.21,29.88,-1.99,-0.48,7.72,-0.76,0.56,0.94,4.85,-0.25,8.47,0.06,4.63,0.64
711.22,27.79,-1.99,-0.29,7.8,-0.76,0.4,0.88,4.17,-0.13,8.38,0.14,4.54,0.39
711.23,26.24,-2.02,-0.27,7.92,-0.75,0.34,0.85,3.58,-0.03,8.24,0.17,4.47,0.16
711.24,23.89,-2.46,-0.1,8.01,-0.68,0.19,0.79,2.52,0.61,7.93,0.09,4.42,-0.1
711.25,20.95,-2.79,0.36,7.88,-0.64,0.06,0.68,1.6,0.76,8.15,-0.07,4.42,-0.13
711.27,14.97,-3.81,0.3,7.67,-0.71,-0.1,0.46,-1.62,-0.53,9.21,-0.21,4.05,0.03
711.29,12.28,-4.34,-0.11,7.67,-0.77,-0.15,0.39,-2.84,-0.7,9.36,-0.22,3.66,0.23
711.3,9.96,-5.12,-0.6,7.83,-0.81,-0.15,0.28,-3.23,-0.67,9.57,-0.21,3.27,0.45
711.31,8.81,-6.23,-0.89,8.03,-0.8,-0.13,0.18,-3.05,-0.5,9.64,-0.17,2.92,0.58
711.32,7.47,-6.93,-0.83,8.05,-0.76,-0.13,0.15,-3.01,-0.27,9.59,-0.16,2.67,0.65
711.33,6.72,-7.64,-0.64,8.07,-0.72,-0.15,0.23,-3.3,-0.03,9.51,-0.16,2.27,0.69
711.35,5.6,-8.49,-0.49,8.13,-0.61,-0.26,0.7,-4.51,0.05,9.13,-0.27,1.08,0.9
711.38,5.65,-8.37,-0.49,8.09,-0.59,-0.3,0.94,-4.42,-0.17,9.05,-0.33,0.43,1.02
711.39,6.78,-7.75,-1.02,7.93,-0.64,-0.35,1.14,-4.02,-0.19,8.99,-0.39,-0.26,1.2
711.41,9.35,-5.89,-1.79,8.98,-0.67,-0.64,1.45,-2.72,0.16,9.91,-0.64,-1.06,1.43
711.44,9.54,-3.76,-0.64,11.04,-0.63,-0.9,1.54,-3.04,1.11,11.23,-0.79,-1.07,1.06
711.45,9.06,-3.05,0.68,12.02,-0.55,-0.96,1.34,-3.38,0.93,12.16,-0.67,-0.96,0.86
711.47,8.42,-3.32,0.72,11.96,-0.48,-0.86,1.09,-3.67,0.61,12.08,-0.54,-1.05,0.98
711.48,8.23,-3.24,-0.67,11.14,-0.46,-0.66,0.88,-3.42,-0.03,11.55,-0.32,-1.29,1.34
711.49,8.41,-2.45,-1.33,10.55,-0.45,-0.55,0.78,-2.26,-0.11,11.1,-0.26,-1.48,1.54
711.52,9.65,-0.21,-1.92,9.81,-0.53,-0.63,0.07,1,-1.48,9.58,-0.52,-1.39,0.94
711.54,10.63,-0.83,-2.53,10.05,-0.48,-0.81,-0.26,1.08,-1.5,9.98,-0.61,-1.18,0.53
711.55,10.52,-1.34,-2.63,10.07,-0.39,-0.92,-0.33,0.8,-1.36,10.22,-0.61,-1.05,0.38
711.57,10.94,-1.73,-2.4,9.85,-0.35,-0.97,-0.33,0.2,-1.1,10.31,-0.54,-0.85,0.13
711.59,10.78,-2.42,-2.32,9.45,-0.35,-0.97,-0.17,-0.4,-0.94,10.04,-0.44,-0.84,0.09
711.6,10.66,-2.56,-2.36,9.3,-0.36,-0.92,-0.09,-0.82,-1.07,9.9,-0.38,-0.84,0
711.62,10.67,-2.62,-2.51,9.21,-0.32,-0.82,-0.08,-1.91,-1.6,9.47,-0.26,-0.9,-0.16
711.64,10.13,-2.78,-2.64,9.02,-0.26,-0.75,-0.15,-2.44,-2.04,9.42,-0.25,-0.84,-0.19
711.66,9.89,-3.06,-2.74,8.95,-0.25,-0.73,-0.18,-2.42,-2.1,9.58,-0.24,-0.8,-0.19
711.67,9.88,-3.37,-2.5,8.97,-0.26,-0.68,-0.13,-1.81,-1.48,9.63,-0.18,-0.8,-0.21
711.69,10.09,-3.21,-2.29,9.06,-0.26,-0.65,-0.06,-1.57,-1.19,9.52,-0.15,-0.84,-0.21
711.71,10.17,-2.73,-2.07,9.25,-0.26,-0.62,0.01,-1.53,-1.14,9.49,-0.16,-0.87,-0.17
711.73,10.02,-2.02,-1.93,9.42,-0.25,-0.61,-0.02,-1.25,-1.31,9.64,-0.16,-0.86,-0.15
711.74,9.89,-1.72,-1.94,9.5,-0.23,-0.61,-0.11,-0.87,-1.37,9.75,-0.13,-0.83,-0.15
711.76,9.92,-1.6,-1.94,9.57,-0.2,-0.61,-0.22,-0.47,-1.24,9.67,-0.11,-0.79,-0.19
711.77,9.8,-1.67,-1.95,9.71,-0.14,-0.59,-0.36,-0.38,-1.05,9.7,-0.09,-0.77,-0.25
711.79,9.92,-1.83,-1.91,9.69,-0.11,-0.59,-0.41,-0.43,-0.99,9.71,-0.09,-0.77,-0.28
711.81,9.91,-2,-1.91,9.68,-0.08,-0.58,-0.44,-0.46,-1.01,9.67,-0.09,-0.77,-0.31
711.82,10.1,-2.21,-1.93,9.63,-0.05,-0.58,-0.43,-0.55,-1.01,9.64,-0.1,-0.77,-0.33
711.83,10.19,-2.43,-1.96,9.55,-0.04,-0.57,-0.4,-0.69,-1.03,9.63,-0.12,-0.76,-0.32
711.84,10.38,-2.67,-2,9.47,-0.03,-0.56,-0.33,-0.89,-1.13,9.64,-0.13,-0.77,-0.27
711.87,10.73,-3.09,-2.08,9.39,-0.06,-0.54,-0.14,-1.16,-1.16,9.72,-0.16,-0.79,-0.22
711.88,11.03,-3.29,-2.07,9.31,-0.09,-0.52,0.01,-1.13,-1.11,9.81,-0.18,-0.82,-0.2
711.89,11.61,-3.35,-1.95,9.13,-0.16,-0.5,0.24,-1.08,-1.27,9.75,-0.19,-0.93,-0.18
711.92,12.44,-3.14,-1.72,9.16,-0.29,-0.49,0.41,-1.54,-1.48,9.77,-0.2,-1.02,-0.16
711.94,12.7,-3.08,-1.81,9.16,-0.33,-0.52,0.4,-1.6,-1.62,9.76,-0.21,-1.05,-0.02
711.95,12.89,-2.97,-1.86,9.19,-0.35,-0.55,0.35,-1.13,-1.68,9.78,-0.21,-1.06,0.04
711.96,13.27,-2.84,-1.97,9.31,-0.36,-0.58,0.24,-0.86,-1.55,9.94,-0.22,-1.08,0.07
711.98,13.57,-2.73,-2.04,9.44,-0.35,-0.6,0.17,-0.6,-1.63,10.21,-0.21,-1.14,0.02
711.99,13.87,-2.59,-2.08,9.63,-0.33,-0.61,0.05,-0.2,-1.55,10.39,-0.17,-1.2,-0.09
712,14.35,-2.5,-2.1,9.79,-0.29,-0.62,-0.11,0.11,-1.41,10.4,-0.13,-1.25,-0.2
712.01,14.52,-2.41,-2.1,10.02,-0.23,-0.63,-0.24,0.1,-1.33,10.42,-0.11,-1.35,-0.47
712.03,15.38,-2.57,-2.08,10.29,-0.08,-0.62,-0.54,-0.38,-1.3,10.72,-0.03,-1.4,-0.61
712.04,15.8,-2.95,-2.01,10.27,0.06,-0.6,-0.74,-0.99,-1.2,10.74,0.03,-1.48,-0.68
712.05,16.01,-3.22,-1.95,10.21,0.14,-0.57,-0.83,-1.23,-1.16,10.7,0.03,-1.52,-0.67
712.07,16.56,-3.7,-1.75,10.13,0.24,-0.52,-0.92,-1.46,-1.06,10.8,0.04,-1.62,-0.6
712.08,17.67,-4.38,-1.67,10.17,0.32,-0.44,-0.94,-1.25,-1.11,11.21,0.05,-1.74,-0.54
712.1,19.95,-5.29,-1.5,10.66,0.42,-0.29,-0.78,-1.26,-0.82,12.16,0.12,-1.92,-0.69
712.13,21.36,-5.2,-0.88,10.68,0.53,-0.14,-0.7,-1.63,-0.49,12.27,0.17,-2.01,-0.85
712.14,22.41,-4.9,-0.44,10.66,0.63,0.01,-0.65,-1.98,-0.26,12.13,0.2,-2.06,-0.94
712.15,23.61,-4.35,-0.14,10.37,0.77,0.23,-0.67,-2.3,-0.42,11.67,0.23,-2.14,-1.1
712.16,24.74,-3.94,-0.13,9.81,0.88,0.48,-0.78,-2.6,-0.63,11.32,0.26,-2.2,-1.25
712.18,25.43,-3.96,-0.36,9.53,0.95,0.64,-0.92,-2.94,-0.56,11.31,0.27,-2.27,-1.31
712.19,26.91,-4.21,-0.63,9.3,1.07,0.95,-1,-2.45,-0.43,11.59,0.27,-2.37,-1.4
712.2,28.51,-4.21,-0.4,9.39,1.12,1.21,-0.98,-0.92,-0.47,11.87,0.26,-2.35,-1.4
712.21,29.67,-4.23,-0.18,9.55,1.08,1.39,-0.93,-0.8,-0.36,11.86,0.25,-2.32,-1.42
712.23,31.58,-4.01,-0.3,10.18,1.01,1.6,-0.81,-0.27,-0.73,12.12,0.16,-2.3,-1.45
712.23,34.13,-3.57,-0.69,11.05,0.92,1.72,-0.69,2.08,-1.29,12.21,0.17,-2.1,-1.19
712.26,37.67,-2.49,-1.29,12.76,0.74,1.78,-0.58,3.78,-1.26,10.57,0.12,-1.75,-0.91
712.27,39.51,-1.93,-1.12,13.21,0.7,1.76,-0.72,5.16,-1.65,9.95,-0.01,-1.56,-0.72
712.28,42.13,-1.27,-1.33,13.1,0.63,1.84,-1.01,6.29,-2.43,9.75,-0.18,-0.96,-0.54
712.3,44.19,-1.68,-1.63,12.47,0.48,1.93,-1.11,7.02,-1.59,9.12,-0.07,-0.35,-0.79
712.31,45.44,-1.56,-1.87,12.48,0.46,1.95,-1.1,7.39,-1.02,8.7,-0.04,-0.01,-0.92
712.32,46.72,-1.44,-1.56,12.41,0.47,2.01,-1.06,7.32,-0.44,8.05,-0.02,0.46,-1.05
712.34,47.7,-1.25,-1.11,11.66,0.36,2.02,-0.96,7.09,-0.02,7.29,-0.02,0.95,-0.93
712.35,48.65,-1.09,-0.9,10.68,0.13,1.91,-0.86,6.67,0.66,5.8,-0.06,1.88,-0.49
712.37,48.78,-0.93,-0.92,10.35,-0.01,1.83,-0.77,6.46,0.93,5.03,-0.12,2.31,-0.19
712.38,48.8,-1.27,-0.75,9.97,-0.14,1.75,-0.57,6.18,1.05,4.6,-0.19,2.61,0.01
712.39,48.51,-1.16,-0.68,9.73,-0.38,1.61,-0.23,5.8,1.11,4.48,-0.38,3.04,0.37
712.41,47.08,-1.18,-0.69,9.24,-0.53,1.42,0.35,5.46,0.46,4.87,-0.52,3.66,1.33
712.44,45.55,-1.1,-0.71,8.73,-0.59,1.25,0.77,5.49,0.46,4.72,-0.44,4.15,1.41
712.45,44.14,-1.1,-0.81,8.36,-0.64,1.12,1.01,5.7,0.43,5.03,-0.46,4.53,1.39
712.47,41.26,-0.9,-1,8.14,-0.74,0.88,1.32,6.33,-0.03,6.63,-0.45,4.95,1.45
712.48,38.42,-0.48,-1.07,8.22,-0.74,0.67,1.44,6.48,-0.29,8.01,-0.2,5.22,1.36
712.49,30.63,-1.49,0.05,7.7,-0.65,0.34,1.43,4.76,0.39,8.32,0.19,4.95,0.32
712.51,29.39,-1.94,0.14,7.6,-0.66,0.29,1.44,3.92,0.56,8.27,0.2,4.76,0.02
712.53,26.52,-2.92,0.14,7.56,-0.71,0.17,1.51,2.67,0.71,8.23,0.13,4.56,-0.17
712.55,22.05,-3.58,-0.2,7.91,-0.82,-0.04,1.45,-0.13,0.11,8.82,-0.02,4.13,0.38
712.57,15.81,-3.99,0.06,8.38,-0.78,-0.21,1.1,-1.32,-0.21,9.61,0,3.74,0.7
712.59,13.4,-4.43,0.3,8.55,-0.7,-0.26,0.94,-1.83,-0.08,9.8,0.01,3.37,0.81
712.6,9.62,-6.08,0.66,8.5,-0.53,-0.3,0.45,-2.7,0.31,9.69,-0.12,2.32,0.64
712.63,8.78,-7.29,0.71,8.15,-0.46,-0.37,0.33,-2.85,0.25,9.4,-0.28,1.46,0.57
712.64,8.63,-7.51,0.31,7.83,-0.47,-0.41,0.38,-3.38,-0.1,9.19,-0.35,0.56,0.72
712.67,8.86,-6.98,-0.24,7.7,-0.54,-0.47,0.49,-3.97,-0.65,9.06,-0.44,0.03,0.91
712.68,9.16,-6.49,-0.48,7.81,-0.59,-0.5,0.52,-4.02,-0.91,9.12,-0.42,-0.36,1.21
712.69,9.61,-5.87,-0.74,8.04,-0.65,-0.58,0.58,-3.53,-0.32,8.83,-0.46,-0.73,1.54
712.7,10.29,-4.89,-0.94,8.8,-0.7,-0.7,0.69,-2.52,-0.08,9.01,-0.67,-1.03,1.81
712.72,10.35,-4.15,-0.7,10.02,-0.73,-0.83,0.78,-2.62,0.48,9.65,-0.84,-1.06,1.78
712.73,9.96,-4.38,0.03,11.77,-0.71,-0.95,0.76,-4.43,-0.1,12.27,-0.94,-0.87,1.42
712.75,9.64,-5.79,0.02,11.78,-0.65,-0.9,0.73,-4.92,0.13,12.5,-0.7,-0.94,1.57
712.76,9.92,-5.85,-0.93,10.66,-0.6,-0.64,0.98,-3.94,0.35,11.61,-0.53,-1.43,2
712.79,12.28,-0.46,-1.09,9.81,-0.6,-0.32,0.77,0.82,-0.92,9.82,-0.56,-1.59,1.42
712.81,12.5,0.25,-1.75,9.99,-0.56,-0.45,0.17,1.72,-1.75,10.06,-0.6,-1.51,0.7
712.83,13.6,-0.11,-2.62,10.24,-0.44,-0.64,-0.39,2.05,-2.09,10.36,-0.53,-1.4,0.16
712.84,14.03,-0.3,-3.21,10.25,-0.29,-0.71,-0.64,1.84,-1.97,10.32,-0.46,-1.28,-0.26
712.85,14.25,-0.59,-3.08,9.91,-0.19,-0.8,-0.75,1.2,-1.8,10.2,-0.43,-1.13,-0.57
712.87,13.97,-1.39,-2.99,9.72,-0.19,-0.86,-0.78,0.43,-1.67,10.22,-0.4,-1,-0.63
712.88,14.12,-2.15,-2.92,9.67,-0.2,-0.86,-0.73,-0.3,-1.46,10.15,-0.34,-0.95,-0.59
712.89,14.07,-2.68,-2.83,9.53,-0.21,-0.83,-0.61,-0.87,-1.48,9.94,-0.29,-0.94,-0.47
712.9,13.99,-2.99,-2.7,9.37,-0.23,-0.78,-0.41,-1.39,-1.58,9.57,-0.26,-0.9,-0.1
712.93,13.72,-3,-2.61,9.21,-0.25,-0.75,-0.15,-1.65,-1.81,9.57,-0.33,-0.86,0.01
712.94,13.56,-2.86,-2.55,9.19,-0.26,-0.74,-0.06,-1.15,-1.85,9.87,-0.34,-0.77,0.12
712.96,13.49,-2.84,-2.49,9.23,-0.28,-0.75,-0.05,-0.7,-1.69,10,-0.3,-0.74,0.11
712.97,13.53,-2.84,-2.4,9.32,-0.28,-0.76,-0.02,-0.5,-1.49,9.96,-0.25,-0.74,0.04
712.98,13.6,-2.75,-2.22,9.38,-0.28,-0.75,0.02,-0.45,-1.36,9.83,-0.21,-0.75,-0.07
712.99,13.6,-2.46,-2.07,9.46,-0.27,-0.73,0.04,-0.5,-1.3,9.77,-0.2,-0.75,-0.22
713,13.52,-2.25,-2.02,9.51,-0.25,-0.72,0.03,-0.61,-1.3,9.83,-0.18,-0.74,-0.3
713.02,13.35,-2.04,-1.94,9.55,-0.22,-0.7,-0.03,-0.73,-1.27,9.84,-0.16,-0.75,-0.37
713.03,12.9,-1.91,-1.84,9.57,-0.18,-0.68,-0.16,-0.89,-1.23,9.72,-0.14,-0.74,-0.4
713.04,12.65,-1.9,-1.82,9.55,-0.15,-0.66,-0.25,-1.02,-1.24,9.63,-0.15,-0.74,-0.38
713.06,12.31,-1.95,-1.84,9.53,-0.12,-0.64,-0.31,-1.12,-1.28,9.59,-0.16,-0.73,-0.31
713.07,11.8,-2.14,-1.82,9.53,-0.08,-0.61,-0.41,-1.09,-1.23,9.54,-0.18,-0.73,-0.17
713.09,11.66,-2.31,-1.82,9.51,-0.06,-0.6,-0.44,-0.79,-1.2,9.62,-0.18,-0.73,-0.12
713.1,11.77,-2.47,-1.78,9.49,-0.04,-0.58,-0.44,-0.31,-1.11,9.71,-0.18,-0.72,-0.2
713.13,12.15,-2.88,-1.88,9.44,-0.04,-0.56,-0.36,-0.62,-1.27,9.66,-0.16,-0.74,-0.27
713.15,12.58,-3.16,-1.95,9.31,-0.1,-0.55,-0.12,-0.96,-1.29,9.76,-0.16,-0.8,-0.26
713.17,12.81,-3.2,-1.88,9.27,-0.14,-0.54,0.01,-0.93,-1.28,9.88,-0.15,-0.83,-0.26
713.18,13.6,-3.12,-1.57,9.37,-0.24,-0.51,0.21,-0.59,-1.31,9.99,-0.1,-0.87,-0.33
713.2,14.39,-3.05,-1.7,9.26,-0.28,-0.57,0.17,-0.63,-1.54,9.98,-0.06,-0.99,-0.46
713.22,14.65,-2.97,-1.79,9.24,-0.29,-0.62,0.1,-0.81,-1.49,9.97,-0.07,-1.04,-0.48
713.27,14.81,-2.92,-1.85,9.27,-0.3,-0.65,0.02,-0.98,-1.75,10.08,-0.05,-1.11,-0.46
713.28,14.94,-2.88,-1.94,9.33,-0.28,-0.69,-0.1,-1.17,-1.7,10.04,0,-1.15,-0.38
713.29,15.31,-2.82,-2.04,9.67,-0.13,-0.69,-0.47,-0.68,-1.39,10.2,0.02,-1.25,-0.31
713.31,15.71,-2.91,-2.12,9.72,-0.07,-0.67,-0.55,-0.68,-1.25,10.32,0.05,-1.37,-0.39
713.36,16.12,-3.09,-2.13,9.76,0.06,-0.64,-0.67,-0.65,-1.15,10.28,0.07,-1.45,-0.43
713.38,16.71,-3.18,-2.04,9.78,0.13,-0.61,-0.71,-0.42,-1.25,10.44,0.09,-1.51,-0.43
713.39,17.34,-3.31,-1.98,9.87,0.19,-0.59,-0.74,-0.24,-1.37,10.66,0.1,-1.56,-0.42
713.4,18.04,-3.58,-2.17,10.2,0.24,-0.56,-0.72,-0.15,-1.43,10.93,0.12,-1.61,-0.42
713.41,19.1,-3.57,-2.13,10.66,0.28,-0.53,-0.69,-0.03,-1.37,11.4,0.16,-1.68,-0.43
713.42,20.08,-3.76,-2.02,11.02,0.34,-0.48,-0.64,0.13,-1.12,11.68,0.18,-1.71,-0.49
713.43,21.64,-3.54,-1.27,11.09,0.53,-0.32,-0.62,0.06,-0.77,11.99,0.25,-1.76,-0.75
713.46,22.91,-2.75,-0.41,10.51,0.8,-0.03,-0.82,-0.47,-0.23,11.41,0.3,-1.82,-1.13
713.48,23.54,-2.5,-0.51,9.9,0.94,0.18,-1.04,-0.91,-0.62,10.75,0.31,-1.88,-1.28
713.49,24.63,-2.86,-0.75,9.18,1.05,0.45,-1.33,-1.5,-0.69,10.46,0.31,-2.04,-1.49
713.5,25.95,-3.73,-0.65,8.76,1.11,0.74,-1.44,-1.42,-0.46,10.68,0.31,-2.13,-1.63
713.52,27.52,-4.22,-0.52,8.68,1.11,0.97,-1.38,-1.07,-0.51,10.93,0.3,-2.14,-1.68
713.53,32.43,-4.36,-0.55,9.6,0.91,1.61,-0.81,0.53,-1.3,11.44,0.26,-1.96,-1.4
713.55,35.24,-3.7,-0.82,11,0.67,1.77,-0.34,1.5,-0.94,11.15,0.23,-1.78,-1.12
713.57,36.73,-2.85,-0.83,11.95,0.57,1.76,-0.2,2.71,-0.61,10.53,0.13,-1.63,-0.87
713.58,39.61,-1.03,-1.02,13.04,0.4,1.58,-0.34,5.43,-1.8,10.28,-0.16,-1.13,-0.32
713.6,41.33,-0.35,-1.51,12.97,0.35,1.53,-0.58,6.44,-2.06,10.2,-0.07,-0.79,-0.31
713.61,42.69,-0.58,-1.36,12.63,0.34,1.61,-0.76,7.1,-1.15,9.15,0.12,-0.33,-0.46
713.62,43.74,-0.57,-1.2,12.11,0.31,1.66,-0.81,7.13,-0.06,7.67,0.19,0.15,-0.7
713.63,45.1,-1.07,-0.93,11.51,0.16,1.76,-0.67,7.16,0.38,6.72,0.19,0.55,-0.71
713.64,46.37,-1.46,-0.88,11.11,0.04,1.79,-0.52,6.94,0.71,5.84,0.17,1.14,-0.45
713.66,47.35,-1.48,-0.84,10.54,-0.15,1.72,-0.24,6.03,0.89,5.19,0.11,2.13,0.25
713.67,47.4,-1.37,-0.82,10.21,-0.26,1.66,-0.08,5.83,0.78,5.23,0.09,2.47,0.49
713.68,46.83,-1.11,-0.83,9.93,-0.41,1.56,0.15,5.68,0.64,5.61,0.03,2.87,0.8
713.69,45.87,-1.05,-0.89,9.67,-0.58,1.44,0.45,5.69,-0.03,6.24,0,3.25,1.1
713.71,44.63,-1.11,-0.95,9.44,-0.68,1.33,0.68,5.58,0,6.25,0.01,3.46,1.26
713.72,42.2,-1.25,-1.12,8.85,-0.83,1.16,1,5.2,0.18,6.31,-0.01,3.77,1.45
713.74,40.92,-1.43,-1.24,8.56,-0.93,1.06,1.21,5.04,0.18,6.59,0,3.93,1.6
713.75,39.57,-1.6,-1.25,8.42,-1.01,0.99,1.39,4.75,0.07,7.26,0.05,4.14,1.7
713.76,37.55,-1.79,-1.16,8.48,-1.07,0.91,1.65,4.58,0.04,8.11,0.16,4.29,1.81
713.78,33.76,-2.31,-0.9,8.76,-1.07,0.78,2.05,4.08,0.26,9.15,0.32,4.38,1.83
713.79,30.39,-2.94,-0.46,8.75,-1.01,0.62,2.37,2.75,0.68,9.58,0.41,4.22,1.91
713.81,28.71,-3.38,-0.21,8.69,-0.97,0.53,2.56,1.8,0.98,9.45,0.38,4,2.13
713.82,26.37,-3.64,-0.09,8.64,-0.94,0.43,2.76,0.52,0.9,9.26,0.28,3.77,2.5
713.83,22,-3.43,-0.01,8.53,-0.9,0.27,2.98,-0.69,0.06,9.58,0.23,3.53,3.37
713.85,19.53,-3.29,0.04,8.47,-0.85,0.16,3.02,-0.73,-0.46,10.05,0.27,3.43,4
713.86,17.26,-3.43,0.14,8.42,-0.78,0.03,2.97,-0.42,-0.87,10.56,0.37,3.31,4.6
713.88,15.3,-3.88,0.31,8.41,-0.68,-0.16,2.89,-0.06,-0.96,10.75,0.46,3.15,4.65
713.89,12.98,-4.59,0.47,8.34,-0.59,-0.32,2.78,0.83,-0.37,10.46,0.53,2.8,4.35
713.91,12.46,-5.05,0.62,8.28,-0.54,-0.38,2.76,1.26,-0.21,10.29,0.53,2.63,3.91
713.92,12,-5.28,0.81,8.28,-0.52,-0.41,2.81,1.15,0.18,9.88,0.52,2.41,2.83
713.94,11.68,-5.49,1.36,8.45,-0.55,-0.36,2.88,0.54,0.7,8.95,0.3,1.84,1.9
713.97,11.6,-4.85,1.11,8.4,-0.7,-0.12,2.48,-1.23,-0.49,9.12,0.05,0.96,1.03
714,11.72,-4.31,0.5,8.09,-0.9,0.01,1.85,-1.63,-0.51,8.85,-0.1,0.41,0.95
714.01,12.31,-3.96,-0.61,7.97,-1.04,-0.07,1.5,-1.16,-0.56,8.6,-0.3,-0.04,1.15
714.02,12.76,-3.2,-0.47,8.04,-0.98,-0.21,1.28,-0.71,-0.44,8.65,-0.46,-0.19,1.25
714.04,12.49,-1.23,-0.3,8.94,-0.9,-0.63,1.1,-0.01,0.18,9.26,-0.74,-0.45,1.42
714.06,11.87,-0.94,0.21,10.96,-0.89,-0.84,1.01,0.06,1.26,10.36,-1,-0.49,1.16
714.07,10.99,-1.86,1.08,12.69,-1.01,-0.81,0.83,-1.68,1.23,12.37,-1.21,-0.36,0.62
714.09,10.21,-4.04,1.26,13.28,-1.01,-0.58,0.58,-3.11,0.7,13.31,-1,-0.32,0.8
714.1,10.05,-4.78,1.07,12.96,-0.94,-0.43,0.5,-3.2,1.5,12.72,-0.81,-0.41,0.99
714.11,10.06,-4.28,0.92,12.07,-0.86,-0.28,0.45,-2.59,1.81,12.09,-0.75,-0.52,1.13
714.13,10.57,-0.52,-0.02,10.22,-0.73,-0.16,-0.06,0.94,0.52,10.4,-0.58,-0.8,0.49
714.16,11.36,-0.6,-0.67,9.85,-0.63,-0.26,-0.43,1.37,0.14,10,-0.54,-0.8,0.12
714.17,11.69,-1.59,-1.15,9.75,-0.57,-0.39,-0.63,1.04,-0.04,9.79,-0.51,-0.73,-0.4
714.18,12.38,-2.68,-1.48,9.65,-0.51,-0.53,-0.61,-0.25,0.04,9.87,-0.5,-0.57,-0.58
714.2,12.47,-3.05,-1.53,9.55,-0.5,-0.57,-0.58,-1.21,0.1,9.93,-0.51,-0.46,-0.51
714.21,12.2,-3.76,-1.61,9.37,-0.54,-0.63,-0.32,-2.68,-0.08,10.01,-0.54,-0.35,-0.19
714.22,11.59,-4.13,-1.86,9.46,-0.63,-0.62,0.02,-3.08,-0.37,10.01,-0.55,-0.37,0.47
714.24,11.26,-4.08,-2.01,9.32,-0.68,-0.57,0.41,-2.2,-0.42,9.77,-0.55,-0.44,0.68
714.27,11.43,-3.77,-1.87,9.32,-0.71,-0.58,0.65,-1.37,-0.74,9.77,-0.56,-0.45,0.59
714.28,11.52,-3.32,-1.98,9.47,-0.71,-0.58,0.72,-1.16,-0.93,9.94,-0.51,-0.42,0.41
714.29,11.47,-2.92,-2.08,9.56,-0.7,-0.59,0.75,-1.12,-0.97,10.12,-0.45,-0.36,0.26
714.31,11.17,-2.34,-2,9.68,-0.67,-0.62,0.69,-0.85,-0.72,10.18,-0.36,-0.32,0.12
714.32,10.99,-2.06,-1.92,9.75,-0.64,-0.64,0.62,-0.78,-0.55,10.1,-0.32,-0.32,0.05
714.33,10.45,-1.75,-1.78,9.81,-0.57,-0.64,0.44,-0.81,-0.37,9.96,-0.29,-0.32,-0.06
714.35,9.85,-1.71,-1.68,9.83,-0.49,-0.64,0.27,-1.12,-0.32,9.85,-0.27,-0.3,-0.1
714.36,9.42,-1.81,-1.62,9.84,-0.44,-0.64,0.19,-1.52,-0.36,9.82,-0.26,-0.29,-0.08
714.37,8.49,-2.14,-1.53,9.74,-0.39,-0.63,0.11,-1.69,-0.51,9.77,-0.24,-0.25,-0.03
714.39,7.96,-2.47,-1.53,9.66,-0.38,-0.61,0.13,-1.67,-0.48,9.67,-0.23,-0.22,0.02
714.4,7.33,-2.88,-1.62,9.59,-0.41,-0.57,0.31,-1.39,-0.43,9.67,-0.21,-0.2,0.06
714.44,7.21,-2.79,-1.71,9.66,-0.42,-0.56,0.4,-1.29,-0.44,9.71,-0.19,-0.2,0.06
714.45,7.12,-2.75,-1.76,9.69,-0.42,-0.56,0.42,-1.31,-0.47,9.73,-0.19,-0.2,0.06
714.46,6.94,-2.77,-1.81,9.67,-0.4,-0.57,0.46,-1.48,-0.5,9.78,-0.17,-0.2,0.08
714.48,6.63,-2.91,-1.8,9.63,-0.36,-0.61,0.5,-1.72,-0.47,9.81,-0.16,-0.21,0.1
714.49,6.37,-2.97,-1.81,9.59,-0.35,-0.62,0.52,-1.83,-0.48,9.85,-0.15,-0.23,0.15
714.51,6.05,-3.11,-1.8,9.61,-0.33,-0.63,0.63,-2,-0.42,9.82,-0.14,-0.25,0.17
714.53,5.85,-3.13,-1.76,9.66,-0.31,-0.62,0.67,-2.22,-0.43,9.78,-0.13,-0.27,0.19
714.54,5.63,-3.23,-1.76,9.69,-0.28,-0.6,0.73,-2.42,-0.54,9.76,-0.12,-0.3,0.22
714.55,5.38,-3.42,-1.72,9.54,-0.23,-0.55,0.82,-2.63,-0.54,9.69,-0.09,-0.36,0.25
714.57,5.38,-3.64,-1.68,9.35,-0.2,-0.51,0.94,-2.83,-0.61,9.62,-0.07,-0.44,0.25
714.59,5.33,-3.86,-1.75,9.18,-0.18,-0.45,1.1,-3.2,-0.77,9.51,-0.04,-0.52,0.25
714.6,5.6,-4.16,-1.79,9.09,-0.17,-0.35,1.3,-3.57,-0.67,9.49,-0.02,-0.72,0.23
714.63,6.01,-4.84,-1.81,8.84,-0.19,-0.22,1.5,-4.23,-0.86,9.6,0.01,-0.83,0.27
714.64,6.62,-5.33,-1.8,8.68,-0.22,-0.15,1.65,-4.59,-0.95,9.59,0.03,-0.95,0.33
714.65,7.39,-5.81,-1.66,8.49,-0.22,-0.06,1.87,-5.26,-1.02,9.43,0.06,-1.21,0.45
714.68,9.11,-5.83,-1.11,8.17,-0.18,0.28,2.23,-6.54,-1.44,8.97,0.12,-1.61,0.68
714.7,9.45,-5.81,-1.08,8.19,-0.18,0.38,2.25,-6.26,-1.59,9.1,0.15,-1.73,0.8
714.72,11,-5.56,-1.15,8.51,-0.18,0.6,2.28,-4.83,-1.25,9.69,0.21,-1.9,1.08
714.73,12.84,-4.99,-1.37,9.29,-0.21,0.76,2.36,-3.61,-0.98,10.35,0.25,-1.98,1.33
714.74,14.63,-4.26,-1.57,10.09,-0.22,0.84,2.42,-1.68,-0.77,11.04,0.3,-2.02,1.64
714.76,17.68,-2.54,-2.25,11.08,-0.19,0.79,2.44,0.07,-0.49,11.51,0.38,-2.01,1.86
714.77,18.3,-1.13,-2.8,11.32,-0.17,0.7,2.36,0.57,-0.52,11.44,0.42,-2,2
714.78,21.55,0.68,-3.95,11.41,-0.21,0.56,1.99,1.42,-1.47,10.21,0.63,-1.85,3.66
714.83,21.68,0.17,-4.95,10.86,-0.33,0.4,1.67,0.15,-3.07,9.17,1,-1.45,4.42
714.84,21.53,-0.54,-4.79,10.49,-0.37,0.34,1.67,-0.37,-3.65,8.38,1.12,-0.9,6.16
714.86,21.43,-1.73,-4.11,9.86,-0.5,0.21,1.96,0.76,-4.95,7.54,1.14,-0.55,7.11
714.87,21.57,-1.97,-3.79,9.66,-0.61,0.11,2.3,1.78,-5.63,7.76,1.12,-0.3,7.66
714.88,22.47,-1.82,-3.35,9.61,-0.76,-0.07,2.92,4.69,-6.92,9.16,1.22,0.17,8.15
714.9,23.1,-1.61,-3.02,9.6,-0.91,-0.26,3.26,6.46,-7.05,9.57,1.51,0.39,7.89
714.91,23.46,-1.38,-2.7,9.56,-1.06,-0.44,3.77,7.87,-6.25,9.13,1.88,0.55,7.18
714.92,24.45,-1.18,-2.49,9.52,-1.17,-0.54,4.3,8.72,-4.92,8.43,2.09,0.65,6.46
714.93,25.17,-0.89,-2.19,9.42,-1.29,-0.57,4.65,8.49,-3.36,8.02,2.25,0.72,5.38
714.94,25.34,-0.88,-1.86,9.31,-1.4,-0.52,5.03,7.73,-2.4,8.34,2.37,0.79,4.49
714.95,25.51,-1.04,-1.68,9.3,-1.46,-0.48,5.2,6.98,-1.75,8.48,2.4,0.8,4.28
714.96,25.45,-1.54,-1.26,9.41,-1.58,-0.44,5.64,5.55,-0.99,9.01,2.46,0.88,3.52
714.98,24.89,-2.12,-0.59,9.78,-1.67,-0.47,5.99,2.02,0.07,9.98,2.53,0.95,3.36
714.99,21.53,-2.18,0.42,10.34,-1.71,-0.57,6.43,-2.29,0.69,9.28,2,1.1,4.78
715.01,17.98,-1.68,0.94,10.47,-1.69,-0.58,6.38,-3.71,0.06,8.67,1.44,1.07,5.9
715.02,14.56,-1.34,1.18,10.53,-1.66,-0.55,6.14,-3.16,-1.26,8.79,0.74,0.9,7.11
715.03,12.32,-1.23,0.98,10.49,-1.6,-0.51,5.7,0.11,-3.36,9.92,0.19,0.76,7.77
715.05,11.58,-1,0.23,10.3,-1.53,-0.49,5.28,1.95,-4.22,10.31,0.02,0.72,7.71
715.06,11.52,-0.14,-0.68,10.18,-1.4,-0.44,4.76,4.92,-4.43,10.11,-0.09,0.6,6.75
715.07,11.51,1.16,-1.23,10.12,-1.23,-0.35,4.08,7.05,-3.92,9.47,-0.08,0.49,5.04
715.09,12.44,3.16,-1.33,10.25,-0.96,-0.14,2.78,9.95,-3.22,8.66,0.02,0.4,2.94
715.1,13.29,3.84,-1.23,10.48,-0.71,0,1.49,9.46,-2.91,8.44,0.05,0.31,0.89
715.12,14.2,3.12,-1.63,10.92,-0.31,0.11,-0.27,6.89,-3.31,8.89,0.02,0.23,-1.32
715.14,14.59,2.5,-1.98,10.99,-0.16,0.15,-1.03,5.1,-2.94,9.57,0.04,0.28,-1.96
715.15,14.13,1.04,-2.06,10.92,0,0.15,-1.54,2.59,-1.62,10.83,0.11,0.42,-2.56
715.16,13.37,-0.28,-1.63,10.86,0.05,0.13,-1.85,-0.12,-1.17,11.3,0.14,0.49,-2.52
715.17,12.58,-3.08,-0.91,10.68,0.08,0.08,-1.9,-2.51,-0.31,10.98,0.14,0.54,-1.76
715.19,11.24,-5.12,-0.58,10.15,0.05,0.11,-1.65,-4.54,0.53,9.7,-0.02,0.49,-0.78
715.2,10.55,-6.59,-0.47,9.19,-0.1,0.16,-0.99,-4.62,0.88,8.59,-0.42,0.37,0.47
715.22,10.94,-6.57,-0.7,8.77,-0.26,0.21,-0.34,-3.93,0.35,8.91,-0.72,0.32,1.39
715.23,11.81,-5.33,-1.14,8.44,-0.49,0.36,0.86,-1.15,-0.78,10.09,-0.82,0.32,1.91
715.25,12.77,-4.83,-1.32,8.51,-0.55,0.41,1.16,-0.09,-0.79,9.93,-0.75,0.3,1.74
715.27,13.91,-4.44,-1.52,8.69,-0.58,0.43,1.3,0.7,-0.82,9.82,-0.68,0.23,1.29
715.28,15.56,-4.11,-1.63,8.87,-0.59,0.43,1.31,1.69,-0.86,9.88,-0.55,0.15,0.78
715.29,17.1,-3.72,-1.67,9.04,-0.58,0.4,1.24,1.47,-0.92,9.97,-0.41,0.03,0.12
715.31,17.98,-3.51,-1.67,9.13,-0.53,0.39,1.13,0.94,-0.99,10.01,-0.31,-0.07,-0.3
715.32,18.48,-3.39,-1.6,9.16,-0.48,0.39,0.98,-0.04,-1.01,9.99,-0.24,-0.12,-0.52
715.33,18.84,-3.43,-1.49,9.03,-0.41,0.42,0.8,-1.28,-1.12,9.8,-0.16,-0.17,-0.57
715.35,18.9,-3.58,-1.54,8.92,-0.37,0.45,0.7,-1.97,-1.24,9.62,-0.15,-0.18,-0.38
715.36,18.96,-3.9,-1.67,8.84,-0.31,0.5,0.54,-2.05,-1.22,9.42,-0.23,-0.22,0.57
715.39,19.6,-3.86,-1.38,8.74,-0.29,0.5,0.46,-1.15,-1.09,9.49,-0.31,-0.27,0.86
715.4,20.18,-3.77,-1.27,8.81,-0.28,0.5,0.37,-0.21,-0.92,9.6,-0.32,-0.29,0.89
715.42,20.99,-3.77,-1.21,8.9,-0.24,0.49,0.31,0.48,-0.78,9.66,-0.31,-0.31,0.82
715.43,22.18,-3.98,-1.26,8.97,-0.21,0.48,0.24,0.82,-0.78,9.87,-0.28,-0.3,0.6
715.44,23.84,-4.03,-1.39,9.03,-0.16,0.5,0.24,0.88,-1.11,9.88,-0.19,-0.34,0.29
715.46,24.69,-4.06,-1.54,9.13,-0.18,0.51,0.29,1.08,-1.31,9.87,-0.15,-0.36,0.15
715.48,26.2,-4.26,-1.78,9.29,-0.2,0.51,0.41,1.23,-1.55,9.94,-0.1,-0.37,0.03
715.49,27.05,-4.32,-1.83,9.33,-0.22,0.51,0.47,1.14,-1.64,9.96,-0.07,-0.37,-0.02
715.5,28.42,-4.24,-1.9,9.34,-0.23,0.55,0.61,0.84,-1.69,9.92,0,-0.35,-0.01
715.52,29.12,-4.21,-1.85,9.36,-0.25,0.58,0.66,0.72,-1.6,9.84,0.01,-0.31,0.1
715.53,29.87,-4.14,-1.7,9.35,-0.26,0.62,0.7,0.63,-1.44,9.75,0.01,-0.26,0.35
715.56,30.71,-3.95,-1.49,9.23,-0.3,0.65,0.7,0.78,-1.29,9.69,0,-0.23,0.42
715.57,31.25,-3.85,-1.35,9.15,-0.31,0.68,0.69,0.99,-1.23,9.75,0,-0.24,0.47
715.59,32.17,-3.87,-1.13,9.17,-0.3,0.72,0.65,1.33,-1.04,9.8,0.02,-0.25,0.43
715.6,33.06,-3.71,-1.02,9.22,-0.25,0.78,0.54,1.51,-0.82,9.78,0.04,-0.26,0.29
715.62,33.83,-3.71,-0.92,9.15,-0.19,0.82,0.43,1.61,-0.8,9.77,0.05,-0.24,0.19
715.63,34.4,-3.75,-0.78,9.1,-0.14,0.86,0.32,1.57,-0.74,9.74,0.07,-0.23,0.1
715.64,35.73,-4.07,-0.46,8.95,-0.09,0.95,0.12,1.39,-0.53,9.64,0.07,-0.22,0
715.66,37.01,-4.59,-0.18,8.49,-0.09,1.01,-0.03,0.97,-0.32,9.48,0.06,-0.25,-0.08
715.68,37.63,-4.82,-0.2,8.32,-0.11,1.03,-0.09,0.87,-0.22,9.49,0.03,-0.25,-0.07
715.7,38.48,-5.26,-0.26,8.21,-0.11,1.07,-0.11,0.87,-0.24,9.58,-0.01,-0.23,-0.03
715.71,39.45,-5.74,-0.34,8.19,-0.12,1.08,-0.1,0.87,-0.26,9.61,-0.02,-0.22,0.04
715.72,40.22,-6.01,-0.35,8.15,-0.12,1.09,-0.05,0.84,-0.26,9.61,-0.04,-0.21,0.08
715.73,41.27,-6.17,-0.44,8.03,-0.14,1.1,0,0.92,-0.44,9.65,-0.06,-0.21,0.13
715.74,42.6,-6.23,-0.67,8.02,-0.16,1.12,0.08,1.05,-0.68,9.72,-0.07,-0.22,0.19
715.76,43.65,-6.2,-0.84,8.07,-0.16,1.14,0.13,1.17,-0.82,9.71,-0.07,-0.23,0.22
715.77,44.91,-6.07,-0.95,8.04,-0.16,1.17,0.17,1.24,-1.01,9.68,-0.06,-0.23,0.22
715.78,46.13,-5.94,-1.05,7.99,-0.16,1.19,0.16,1.41,-1.15,9.66,-0.05,-0.22,0.22
715.8,47.32,-5.93,-1.11,7.93,-0.16,1.2,0.14,1.6,-1.22,9.67,-0.04,-0.21,0.22
715.81,48.24,-6.03,-1.1,7.81,-0.17,1.2,0.12,1.72,-1.24,9.67,-0.04,-0.19,0.2
715.82,49.05,-6.15,-1.01,7.73,-0.18,1.19,0.1,1.83,-1.22,9.73,-0.03,-0.17,0.19
715.83,50.06,-6.35,-0.96,7.67,-0.2,1.19,0.08,1.92,-1.15,9.79,-0.01,-0.15,0.15
715.85,51.02,-6.52,-0.89,7.67,-0.21,1.18,0.07,1.99,-1.08,9.83,0.01,-0.13,0.12
715.86,52.08,-6.67,-0.8,7.61,-0.22,1.17,0.05,1.99,-0.94,9.83,0.02,-0.12,0.08
715.87,53,-6.84,-0.78,7.5,-0.24,1.17,0.04,1.97,-0.88,9.81,0.03,-0.11,0.05
715.88,54.65,-7.1,-0.83,7.28,-0.25,1.18,0.07,1.72,-0.83,9.78,0.06,-0.09,0.03
715.9,55.57,-7.24,-0.87,7.09,-0.25,1.2,0.1,1.58,-0.8,9.75,0.06,-0.08,0.03
715.91,56.47,-7.42,-0.84,6.9,-0.26,1.21,0.14,1.55,-0.82,9.7,0.05,-0.07,0.06
715.93,57.41,-7.61,-0.82,6.66,-0.27,1.21,0.18,1.47,-0.74,9.63,0.04,-0.06,0.08
715.94,59.07,-7.89,-0.88,6.4,-0.31,1.18,0.23,1.46,-0.84,9.67,0,-0.05,0.12
715.96,59.3,-7.88,-0.93,6.4,-0.31,1.17,0.24,1.46,-0.86,9.67,0,-0.05,0.13
715.97,60.41,-7.82,-0.94,6.26,-0.3,1.15,0.28,1.47,-0.88,9.67,0,-0.05,0.14
715.98,61.25,-7.84,-0.9,6.14,-0.29,1.15,0.3,1.47,-0.92,9.7,0,-0.04,0.16
715.99,62.3,-7.96,-0.85,6.12,-0.29,1.15,0.32,1.56,-0.84,9.7,0,-0.03,0.17
716,63.98,-8.12,-0.69,6.08,-0.28,1.16,0.36,1.72,-0.72,9.69,-0.02,-0.01,0.16
716.03,65.03,-8.21,-0.63,6.05,-0.28,1.16,0.37,1.87,-0.66,9.77,-0.02,-0.01,0.14
716.04,66.23,-8.29,-0.53,5.97,-0.27,1.17,0.38,1.93,-0.56,9.76,-0.02,0.01,0.11
716.06,67.03,-8.36,-0.5,5.88,-0.25,1.18,0.4,1.85,-0.51,9.7,-0.03,0.01,0.08
716.07,67.99,-8.5,-0.49,5.72,-0.23,1.19,0.41,1.77,-0.48,9.7,-0.04,0.03,0.07
716.09,69.29,-8.72,-0.52,5.52,-0.18,1.19,0.4,1.74,-0.59,9.76,-0.06,0.07,0.11
716.11,70.36,-8.9,-0.52,5.32,-0.14,1.17,0.41,1.65,-0.63,9.78,-0.07,0.09,0.15
716.13,71.39,-9.04,-0.53,5.12,-0.09,1.15,0.42,1.62,-0.63,9.74,-0.08,0.1,0.16
716.14,72.08,-9.12,-0.46,4.97,-0.06,1.13,0.42,1.7,-0.65,9.74,-0.1,0.11,0.17
716.16,73.52,-9.38,-0.45,4.65,0,1.1,0.43,1.69,-0.82,9.77,-0.11,0.12,0.16
716.18,74.05,-9.45,-0.43,4.49,0.02,1.08,0.43,1.64,-0.89,9.79,-0.1,0.12,0.14
716.19,74.76,-9.53,-0.39,4.31,0.05,1.06,0.43,1.65,-0.97,9.82,-0.1,0.12,0.11
716.2,75.84,-9.58,-0.33,4.04,0.07,1.01,0.41,1.63,-1.03,9.79,-0.09,0.13,0.07
716.22,76.67,-9.63,-0.27,3.85,0.08,0.96,0.38,1.6,-1.04,9.78,-0.09,0.14,0.03
716.24,77.31,-9.69,-0.25,3.74,0.09,0.92,0.37,1.55,-1.06,9.77,-0.09,0.14,-0.01
716.25,78.46,-9.77,-0.15,3.57,0.11,0.85,0.36,1.42,-1.1,9.76,-0.09,0.13,-0.05
716.27,79,-9.79,-0.09,3.51,0.12,0.83,0.36,1.38,-1.13,9.76,-0.08,0.13,-0.06
716.28,79.67,-9.84,-0.03,3.37,0.12,0.79,0.36,1.32,-1.09,9.72,-0.08,0.13,-0.07
716.3,80.1,-9.89,0.01,3.27,0.12,0.76,0.37,1.27,-1.16,9.73,-0.09,0.14,-0.06
716.31,80.74,-9.98,0.07,3.12,0.11,0.73,0.4,1.2,-1.23,9.78,-0.08,0.14,-0.05
716.33,81.36,-10.05,0.12,2.97,0.11,0.69,0.47,1.15,-1.26,9.78,-0.07,0.13,-0.05
716.35,81.9,-10.07,0.15,2.86,0.12,0.66,0.55,1.17,-1.31,9.79,-0.05,0.12,-0.05
716.37,82.26,-10.12,0.17,2.82,0.13,0.64,0.58,1.2,-1.32,9.8,-0.05,0.11,-0.05
716.38,82.99,-10.22,0.24,2.71,0.14,0.6,0.64,1.29,-1.42,9.93,-0.03,0.12,-0.07
716.41,83.43,-10.28,0.29,2.63,0.15,0.58,0.66,1.38,-1.44,9.96,0,0.11,-0.1
716.42,83.81,-10.33,0.31,2.59,0.16,0.56,0.67,1.46,-1.44,9.95,0.01,0.1,-0.14
716.43,84.2,-10.43,0.35,2.62,0.18,0.54,0.67,1.58,-1.44,9.93,0.03,0.1,-0.18
716.45,84.59,-10.51,0.43,2.68,0.19,0.5,0.67,1.73,-1.44,9.9,0.05,0.09,-0.2
716.46,84.96,-10.58,0.5,2.76,0.2,0.46,0.66,1.87,-1.44,9.87,0.06,0.09,-0.24
716.47,85.35,-10.6,0.62,2.86,0.2,0.39,0.66,1.93,-1.5,9.85,0.08,0.11,-0.3
716.48,85.6,-10.5,0.66,2.91,0.21,0.31,0.67,1.79,-1.56,9.84,0.12,0.16,-0.36
716.51,85.59,-10.16,0.84,2.8,0.21,0.24,0.67,1.43,-1.54,9.81,0.13,0.2,-0.32
716.53,85.28,-9.84,0.98,2.52,0.2,0.22,0.65,0.87,-1.54,9.68,0.15,0.24,-0.26
716.54,85.11,-9.65,1.07,2.31,0.19,0.22,0.63,0.66,-1.53,9.62,0.14,0.24,-0.19
716.55,84.89,-9.5,1.24,2.05,0.17,0.23,0.59,0.53,-1.47,9.6,0.13,0.24,-0.08
716.56,84.71,-9.42,1.44,1.69,0.14,0.25,0.51,0.44,-1.48,9.66,0.13,0.24,0.01
716.58,84.54,-9.44,1.65,1.39,0.1,0.25,0.42,0.34,-1.47,9.67,0.13,0.24,0.08
716.59,84.56,-9.49,1.8,1.19,0.07,0.26,0.38,0.31,-1.44,9.72,0.15,0.24,0.09
716.6,84.65,-9.57,1.88,1.02,0.02,0.27,0.35,0.31,-1.37,9.75,0.18,0.24,0.08
716.62,85.03,-9.69,2.11,0.79,-0.06,0.28,0.33,0.34,-1.15,9.67,0.23,0.21,0.04
716.64,85.43,-9.65,2.25,0.82,-0.11,0.27,0.29,0.35,-1.03,9.65,0.24,0.16,0
716.66,85.67,-9.58,2.34,0.88,-0.14,0.26,0.27,0.28,-0.99,9.65,0.24,0.13,-0.02
716.68,85.83,-9.59,2.41,1.01,-0.19,0.23,0.21,0.17,-0.82,9.67,0.24,0.1,0.01
716.7,85.79,-9.61,2.47,1.16,-0.22,0.21,0.16,0.06,-0.73,9.64,0.22,0.1,0.06
716.71,85.79,-9.64,2.51,1.26,-0.24,0.21,0.12,0,-0.6,9.62,0.21,0.11,0.14
716.73,85.48,-9.62,2.59,1.32,-0.27,0.2,0.04,0.07,-0.35,9.75,0.16,0.14,0.28
716.75,85.35,-9.58,2.62,1.34,-0.28,0.2,-0.03,0.23,-0.22,9.89,0.13,0.15,0.34
716.77,85.33,-9.56,2.63,1.39,-0.26,0.2,-0.11,0.41,-0.1,9.9,0.11,0.15,0.27
716.8,85.39,-9.59,2.64,1.43,-0.21,0.2,-0.17,0.65,0.06,9.84,0.09,0.16,0.17
716.81,85.42,-9.64,2.61,1.45,-0.18,0.19,-0.17,0.63,0.11,9.8,0.09,0.16,0.07
716.82,85.41,-9.67,2.59,1.46,-0.15,0.19,-0.17,0.54,0.13,9.76,0.09,0.18,0
716.84,85.27,-9.72,2.52,1.44,-0.1,0.17,-0.15,0.36,0.09,9.73,0.07,0.21,-0.07
716.86,85.09,-9.83,2.37,1.42,-0.05,0.15,-0.13,0.27,0.04,9.75,0.05,0.23,-0.08
716.88,84.99,-9.9,2.3,1.41,-0.02,0.14,-0.11,0.24,-0.03,9.77,0.03,0.23,-0.07
716.89,84.75,-9.96,2.15,1.37,0.02,0.12,-0.07,0.23,-0.16,9.79,0,0.22,-0.06
716.91,84.66,-9.99,2.07,1.35,0.05,0.11,-0.05,0.24,-0.23,9.81,-0.02,0.22,-0.04
716.92,84.54,-10.01,2.03,1.34,0.06,0.11,-0.03,0.23,-0.34,9.81,-0.03,0.22,-0.02
716.93,84.41,-9.96,1.95,1.29,0.07,0.09,0.01,0.23,-0.44,9.78,-0.04,0.22,0.01
716.95,84.3,-9.91,1.9,1.27,0.07,0.08,0.02,0.22,-0.56,9.79,-0.04,0.22,0.01
716.96,84.17,-9.86,1.86,1.24,0.07,0.08,0.03,0.2,-0.67,9.8,-0.04,0.22,0.03
716.97,84.11,-9.81,1.83,1.21,0.07,0.08,0.03,0.18,-0.74,9.79,-0.03,0.21,0.03
716.98,83.97,-9.77,1.79,1.14,0.05,0.08,0.01,0.17,-0.83,9.75,-0.01,0.2,0.01
717.02,83.89,-9.8,1.77,1.08,0.03,0.07,-0.01,0.17,-0.9,9.73,0.01,0.18,0
717.03,83.89,-9.8,1.77,1.05,0.02,0.06,-0.02,0.17,-0.88,9.71,0.02,0.16,-0.02
717.04,83.9,-9.79,1.78,1.03,0,0.05,-0.02,0.15,-0.88,9.68,0.03,0.13,-0.03
717.06,83.91,-9.78,1.79,1.01,-0.01,0.04,-0.02,0.11,-0.86,9.66,0.03,0.1,-0.04
717.07,83.94,-9.77,1.8,0.99,-0.02,0.03,-0.02,0.1,-0.83,9.65,0.03,0.07,-0.04
717.08,83.97,-9.77,1.81,1.01,-0.02,0.03,-0.02,0.1,-0.8,9.64,0.02,0.05,-0.03
717.09,84.01,-9.75,1.84,1.03,-0.03,0.02,-0.03,0.1,-0.74,9.62,0.02,0.02,-0.03
717.11,84.06,-9.75,1.87,1.05,-0.04,0,-0.04,0.09,-0.66,9.68,0.01,0,-0.03
717.12,84.08,-9.8,1.89,1.07,-0.04,-0.01,-0.05,0.08,-0.64,9.78,0.01,-0.01,-0.03
717.13,84.09,-9.88,1.93,1.12,-0.04,-0.01,-0.06,0.05,-0.62,9.86,0.01,-0.01,-0.03
717.14,84.07,-9.94,1.99,1.18,-0.04,-0.01,-0.07,0.04,-0.54,9.85,0.02,-0.01,-0.03
717.16,84.04,-9.94,2.02,1.21,-0.04,-0.02,-0.06,0.02,-0.47,9.83,0.02,0,-0.02
717.17,83.99,-9.91,2.06,1.21,-0.04,-0.02,-0.05,0.02,-0.42,9.82,0.01,0,-0.01
717.18,83.97,-9.9,2.08,1.21,-0.04,-0.02,-0.04,0.04,-0.39,9.83,0.01,0,-0.01
717.19,83.92,-9.87,2.1,1.21,-0.04,-0.02,-0.03,0.06,-0.38,9.83,0,0,-0.01
717.2,83.88,-9.85,2.1,1.22,-0.03,-0.02,-0.02,0.07,-0.37,9.83,0,0,-0.02
717.22,83.85,-9.84,2.09,1.21,-0.03,-0.02,-0.01,0.07,-0.36,9.83,-0.01,0,-0.03
717.23,83.81,-9.84,2.08,1.22,-0.02,-0.02,-0.01,0.05,-0.35,9.83,-0.01,0,-0.04
717.24,83.77,-9.85,2.06,1.22,-0.02,-0.02,0.01,0.02,-0.34,9.83,-0.01,0.01,-0.03
717.25,83.71,-9.86,2.06,1.2,-0.01,-0.02,0.01,-0.02,-0.36,9.84,-0.01,0.02,-0.01
717.26,83.61,-9.88,2.04,1.14,0,-0.02,0.02,-0.1,-0.41,9.83,-0.02,0.02,0.01
717.28,83.52,-9.86,2.01,1.09,0.01,-0.03,0.04,-0.13,-0.48,9.81,-0.03,0.01,0.03
717.3,83.47,-9.83,1.98,1.06,0.01,-0.03,0.04,-0.15,-0.52,9.79,-0.03,0.01,0.04
717.31,83.42,-9.79,1.95,1.01,0.01,-0.03,0.03,-0.14,-0.59,9.79,-0.04,0.01,0.05
717.33,83.4,-9.78,1.94,0.99,0.01,-0.03,0.03,-0.14,-0.66,9.8,-0.04,0,0.05
717.34,83.4,-9.76,1.91,0.97,0.01,-0.03,0.01,-0.14,-0.72,9.8,-0.03,-0.01,0.04
717.35,83.41,-9.76,1.89,0.97,0.01,-0.03,0,-0.13,-0.77,9.81,-0.03,-0.01,0.03
717.37,83.42,-9.78,1.87,0.97,0,-0.02,-0.01,-0.13,-0.8,9.82,-0.02,-0.03,-0.01
717.4,83.48,-9.84,1.86,0.99,-0.01,-0.01,-0.03,-0.1,-0.78,9.83,0,-0.03,-0.02
717.41,83.52,-9.85,1.86,1,-0.01,-0.01,-0.04,-0.06,-0.77,9.84,0,-0.03,-0.03
717.43,83.58,-9.86,1.86,1.04,-0.02,0,-0.04,0,-0.75,9.85,0.01,-0.03,-0.03
717.45,83.69,-9.92,1.89,1.16,-0.03,0,-0.05,0.12,-0.69,9.85,0.01,-0.03,-0.02
717.46,83.72,-9.93,1.91,1.22,-0.04,0,-0.05,0.16,-0.66,9.86,0.01,-0.03,-0.02
717.48,83.78,-9.95,1.93,1.28,-0.05,-0.01,-0.05,0.23,-0.64,9.89,0.02,-0.03,-0.02
717.49,83.8,-9.96,1.93,1.33,-0.05,-0.01,-0.04,0.24,-0.6,9.91,0.02,-0.02,-0.02
717.5,83.79,-9.97,1.94,1.33,-0.05,-0.01,-0.04,0.23,-0.55,9.9,0.02,-0.02,-0.02
717.51,83.81,-9.96,1.94,1.33,-0.05,-0.01,-0.03,0.2,-0.52,9.89,0.02,-0.01,-0.02
717.52,83.81,-9.93,1.96,1.29,-0.05,-0.01,-0.02,0.16,-0.49,9.86,0.02,-0.01,-0.01
717.53,83.77,-9.88,1.95,1.23,-0.05,-0.01,-0.01,0.06,-0.48,9.84,0.01,0,0.01
717.56,83.73,-9.86,1.96,1.12,-0.05,-0.01,0,-0.01,-0.52,9.83,0.01,0.01,0.04
717.59,83.7,-9.85,1.96,1.07,-0.05,-0.01,0,-0.05,-0.56,9.84,0,0.01,0.04
717.6,83.69,-9.83,1.96,1.05,-0.05,-0.01,-0.01,-0.05,-0.58,9.83,0,0.01,0.04
717.62,83.69,-9.82,1.95,1.05,-0.05,-0.01,-0.02,-0.03,-0.6,9.84,0.01,0,0.03
717.63,83.69,-9.81,1.94,1.04,-0.05,-0.01,-0.02,-0.01,-0.6,9.84,0.01,0,0.02
717.65,83.73,-9.83,1.94,1.03,-0.05,-0.01,-0.03,0.01,-0.59,9.85,0.01,0,0
717.67,83.76,-9.85,1.93,1.04,-0.05,-0.01,-0.04,0.02,-0.57,9.85,0.01,-0.01,-0.02
717.68,83.79,-9.87,1.93,1.07,-0.05,-0.01,-0.04,0.03,-0.55,9.85,0.02,-0.01,-0.03
717.7,83.8,-9.87,1.93,1.1,-0.04,-0.01,-0.05,0.03,-0.54,9.84,0.02,-0.01,-0.03
717.71,83.81,-9.87,1.92,1.14,-0.04,-0.02,-0.05,0.04,-0.52,9.83,0.02,-0.01,-0.03
717.73,83.8,-9.87,1.91,1.16,-0.04,-0.02,-0.05,0.05,-0.51,9.83,0.01,-0.01,-0.02
717.74,83.79,-9.88,1.91,1.17,-0.03,-0.02,-0.04,0.07,-0.51,9.83,0.01,-0.01,-0.02
717.75,83.78,-9.9,1.91,1.19,-0.03,-0.02,-0.04,0.08,-0.51,9.83,0.01,0,-0.01
717.76,83.76,-9.91,1.92,1.19,-0.03,-0.03,-0.03,0.1,-0.51,9.84,0,0,0
717.78,83.76,-9.9,1.93,1.2,-0.03,-0.03,-0.02,0.1,-0.51,9.85,0,0,0
717.8,83.72,-9.88,1.94,1.2,-0.03,-0.03,-0.02,0.08,-0.52,9.85,0,0.01,0.01
717.82,83.71,-9.87,1.94,1.19,-0.03,-0.02,-0.02,0.08,-0.52,9.85,0,0.01,0.01
717.83,83.69,-9.87,1.93,1.17,-0.03,-0.02,-0.02,0.07,-0.52,9.85,-0.01,0.01,0.01
717.84,83.66,-9.86,1.89,1.15,-0.04,-0.02,-0.01,0.04,-0.54,9.84,-0.01,0.01,0.01
717.86,83.65,-9.87,1.87,1.14,-0.04,-0.02,-0.01,0.02,-0.57,9.84,-0.01,0.01,0.01
717.87,83.64,-9.88,1.85,1.12,-0.04,-0.01,-0.01,0.01,-0.59,9.84,-0.01,0.01,0.02
717.88,83.63,-9.89,1.84,1.11,-0.04,-0.01,-0.01,-0.01,-0.61,9.84,-0.01,0.01,0.02
717.89,83.61,-9.9,1.83,1.1,-0.04,-0.01,-0.01,-0.02,-0.62,9.84,-0.01,0.01,0.02
717.91,83.61,-9.89,1.82,1.09,-0.04,-0.01,0,-0.03,-0.64,9.84,-0.01,0.01,0.02
717.92,83.6,-9.89,1.8,1.08,-0.04,-0.01,0,-0.03,-0.65,9.84,-0.01,0.01,0.03
717.93,83.6,-9.89,1.79,1.07,-0.04,-0.01,0,-0.04,-0.65,9.84,-0.01,0.01,0.03
717.95,83.6,-9.89,1.78,1.07,-0.04,-0.01,0.01,-0.02,-0.67,9.84,0,0.01,0.03
717.96,83.61,-9.89,1.77,1.06,-0.04,-0.01,0.01,-0.01,-0.67,9.84,0,0.01,0.03
717.97,83.62,-9.89,1.79,1.07,-0.05,-0.01,0,-0.01,-0.68,9.84,0,0,0.03
717.98,83.63,-9.89,1.79,1.07,-0.05,-0.01,0,0,-0.68,9.84,0.01,0,0.03
718,83.65,-9.89,1.8,1.09,-0.05,-0.01,0,0,-0.66,9.84,0.01,0,0.03
718.01,83.65,-9.88,1.81,1.09,-0.05,-0.01,0,0,-0.65,9.84,0.01,0,0.02
718.02,83.66,-9.87,1.84,1.11,-0.06,-0.01,0,0.01,-0.6,9.83,0.02,0,0.03
718.05,83.67,-9.88,1.86,1.12,-0.06,-0.01,0.01,0.02,-0.59,9.84,0.02,0,0.03
718.06,83.67,-9.88,1.87,1.13,-0.06,-0.01,0.01,0.02,-0.57,9.83,0.02,0,0.03
718.08,83.66,-9.87,1.89,1.15,-0.06,-0.01,0.01,0.02,-0.54,9.83,0.02,0,0.03
718.09,83.66,-9.86,1.93,1.13,-0.06,-0.01,0.01,0.02,-0.51,9.83,0.02,0,0.03
718.11,83.66,-9.85,1.94,1.11,-0.06,-0.01,0.01,0.01,-0.49,9.83,0.01,0,0.03
718.12,83.66,-9.83,1.96,1.11,-0.06,-0.01,0,0,-0.48,9.83,0.01,0,0.03
718.13,83.65,-9.83,1.97,1.1,-0.06,-0.01,-0.01,-0.01,-0.46,9.82,0.01,0,0.03
718.17,83.64,-9.84,1.97,1.11,-0.05,-0.01,-0.01,0.01,-0.46,9.82,0,0,0.02
718.19,83.65,-9.86,1.94,1.11,-0.05,-0.01,-0.02,0.02,-0.48,9.84,0,0,0.02
718.21,83.65,-9.86,1.94,1.12,-0.05,-0.01,-0.02,0.03,-0.48,9.84,0,0,0.01
718.23,83.64,-9.86,1.92,1.13,-0.04,-0.02,-0.02,0.01,-0.5,9.83,0,0,0.01
718.25,83.64,-9.86,1.91,1.13,-0.04,-0.02,-0.02,0.02,-0.51,9.82,-0.01,0,0.01
718.27,83.64,-9.88,1.89,1.13,-0.04,-0.02,-0.01,0.02,-0.54,9.82,-0.01,0,0.01
718.29,83.64,-9.89,1.87,1.13,-0.04,-0.02,-0.01,0.03,-0.55,9.83,-0.01,0,0.01
718.3,83.63,-9.89,1.86,1.15,-0.04,-0.02,-0.01,0.03,-0.57,9.84,-0.01,0,0.01
718.31,83.63,-9.89,1.85,1.14,-0.04,-0.01,-0.01,0.04,-0.58,9.84,-0.01,0,0.01
718.33,83.62,-9.9,1.85,1.14,-0.04,-0.01,-0.01,0.03,-0.59,9.85,-0.01,0,0.01
718.34,83.62,-9.9,1.84,1.14,-0.04,-0.02,0,0.03,-0.6,9.85,-0.01,0,0.01
718.35,83.61,-9.89,1.83,1.13,-0.04,-0.02,0,0.02,-0.61,9.84,-0.01,0,0.01
718.36,83.6,-9.89,1.83,1.13,-0.04,-0.02,0,-0.01,-0.62,9.84,-0.01,0,0.01
718.37,83.59,-9.88,1.83,1.1,-0.04,-0.01,0,-0.02,-0.63,9.83,0,0.01,0.01
718.39,83.58,-9.87,1.83,1.1,-0.04,-0.01,0,-0.04,-0.63,9.84,0,0.01,0.02
718.4,83.58,-9.87,1.84,1.09,-0.05,-0.01,0,-0.04,-0.63,9.83,0,0,0.02
718.41,83.57,-9.87,1.84,1.08,-0.05,-0.01,0,-0.04,-0.62,9.82,0,0,0.02
718.43,83.57,-9.86,1.84,1.08,-0.05,-0.01,0,-0.03,-0.62,9.82,0,0,0.02
718.44,83.58,-9.86,1.86,1.07,-0.05,-0.01,-0.01,-0.02,-0.6,9.82,0,0,0.02
718.46,83.58,-9.85,1.87,1.07,-0.05,-0.01,-0.01,-0.03,-0.6,9.82,0.01,0,0.02
718.47,83.59,-9.85,1.88,1.08,-0.05,-0.01,-0.01,-0.02,-0.58,9.82,0.01,0,0.02
718.48,83.6,-9.84,1.89,1.09,-0.05,-0.01,-0.02,-0.02,-0.56,9.82,0.01,-0.01,0.01
718.5,83.61,-9.86,1.91,1.12,-0.05,-0.01,-0.02,0.01,-0.53,9.84,0.01,-0.01,0
718.52,83.62,-9.87,1.91,1.14,-0.05,-0.01,-0.02,0.03,-0.52,9.84,0,-0.01,0.01
718.55,83.63,-9.87,1.92,1.15,-0.05,-0.01,-0.02,0.04,-0.51,9.85,0,-0.01,0
718.56,83.63,-9.88,1.91,1.16,-0.05,-0.01,-0.01,0.05,-0.51,9.84,0,0,0.01
718.58,83.63,-9.87,1.9,1.17,-0.04,-0.01,-0.01,0.04,-0.51,9.85,0,0,0.01
718.59,83.64,-9.87,1.89,1.16,-0.04,-0.01,-0.01,0.05,-0.52,9.85,0,0,0.01
718.6,83.63,-9.89,1.88,1.17,-0.04,-0.01,-0.01,0.05,-0.53,9.85,0,0,0.02
718.62,83.63,-9.9,1.84,1.15,-0.04,-0.01,0.01,0.04,-0.56,9.85,0,0,0.02
718.64,83.64,-9.92,1.83,1.12,-0.04,-0.01,0.02,0.02,-0.6,9.85,0,0,0.02
718.65,83.65,-9.9,1.83,1.08,-0.04,-0.01,0.03,0.01,-0.63,9.84,0,0,0.02
718.67,83.67,-9.9,1.82,1.05,-0.05,-0.01,0.03,-0.02,-0.65,9.84,0.01,0,0.03
718.68,83.68,-9.86,1.8,1.04,-0.05,-0.01,0.02,-0.05,-0.66,9.84,0.01,0,0.03
718.71,83.7,-9.85,1.79,1.02,-0.05,-0.01,0.02,-0.04,-0.66,9.83,0.01,0,0.02
718.72,83.72,-9.85,1.79,1.01,-0.05,-0.01,0.02,-0.03,-0.66,9.84,0.01,0,0.02
718.73,83.74,-9.87,1.81,1.02,-0.05,-0.01,0.02,-0.05,-0.66,9.84,0.02,-0.01,0.02
718.75,83.76,-9.89,1.82,1,-0.06,0,0.01,-0.07,-0.65,9.84,0.02,-0.01,0.01
718.76,83.79,-9.92,1.82,0.98,-0.06,0,0.02,-0.1,-0.65,9.84,0.02,-0.01,0.01
718.77,83.82,-9.92,1.82,0.96,-0.06,0,0.03,-0.09,-0.65,9.84,0.03,-0.02,0.01
718.79,83.87,-9.89,1.82,0.96,-0.06,0,0.03,-0.09,-0.66,9.82,0.03,-0.02,0.01
718.8,83.91,-9.87,1.81,1,-0.06,0.01,0.03,-0.06,-0.65,9.82,0.04,-0.03,0.02
718.82,83.96,-9.9,1.81,1.07,-0.06,0.01,0.04,0.01,-0.64,9.84,0.04,-0.02,0.04
718.83,83.99,-9.92,1.81,1.1,-0.07,0.01,0.03,0.05,-0.64,9.84,0.04,-0.02,0.04
718.86,84.04,-9.92,1.88,1.15,-0.07,0,0.04,0.09,-0.61,9.86,0.05,-0.02,0.04
