patient_id,Omega_X_T,Omega_Y_T,Omega_Z_T,powerX_ 1_T,powerX_ 2_T,powerX_ 3_T,powerX_ 4_T,powerX_ 5_T,powerX_ 6_T,powerY_ 1_T,powerY_ 2_T,powerY_ 3_T,powerY_ 4_T,powerY_ 5_T,powerY_ 6_T,powerZ_ 1_T,powerZ_ 2_T,powerZ_ 3_T,powerZ_ 4_T,powerZ_ 5_T,powerZ_ 6_T,Omega_X_C,Omega_Y_C,Omega_Z_C,powerX_ 1_C,powerX_ 2_C,powerX_ 3_C,powerX_ 4_C,powerX_ 5_C,powerX_ 6_C,powerY_ 1_C,powerY_ 2_T,powerY_ 3_C,powerY_ 4_C,powerY_ 5_C,powerY_ 6_C,powerZ_ 1_C,powerZ_ 2_C,powerZ_ 3_C,powerZ_ 4_C,powerZ_ 5_C,powerZ_ 6_C
1,0.38659793814432997,0.6443298969072165,0.38659793814432997,180633.5001,2715.300595103141,1142.9225943540057,2896.787766365125,4549.337417954804,1503.3402227969445,137928.05617777776,592.2077462768208,1551.3891937240248,837.96580301905,532.9458094899951,43.410209873653876,1336031.6040027777,93.79457950597795,404.85984323983894,370.6027455274423,1173.4516478373362,95.1570163949504,0.2577319587628866,0.38659793814432997,0.2577319587628866,45652.732224999985,2789.3741995566725,310.8279380440032,2230.771562709142,4061.1017929236214,3862.6582907490215,6081.92017777778,173.8603141720855,1040.2119707205416,73.48162920951287,141.90516353615465,10.216968774814402,1571939.2129,607.7472587401223,533.1614471632025,2633.837157531842,3055.9188336612015,173.842186118805
1,0.2306805074971165,0.2306805074971165,0.2306805074971165,673479.5529639993,10462.490522652786,3510.894302088129,115.13202199914242,7291.119139931175,757.1571599433926,116289.18414400004,638.6072279981738,4294.889621671134,1763.6046384883848,1281.9567701156006,76.8841439933944,2053139.3628839997,8762.250234731466,7226.117946329221,421.2362224047746,3830.7480445167917,923.8579653571245,0.2306805074971165,0.2306805074971165,0.2306805074971165,18265.522500000003,429.7817242701369,2668.592565999567,864.117963237596,5448.311354723402,1439.8460014473058,4290.25,10.590790834473598,1964.3017722199215,816.6736235892927,404.26171530472953,228.91636155757928,2954190.938176,109.41695637899609,2606.851615447419,10.729507629425019,5185.243034836748,25.2713127357812
1,0.27624309392265195,0.5524861878453039,0.27624309392265195,152588.67187599998,3723.0252061099577,859.7370965487328,18048.560908458752,6436.57886186373,1714.642390491777,129987.64944400001,903.7287240742461,3760.9316627264184,754.7157287230833,276.70292065183406,71.84555525587743,1781958.0100000002,309.98043342992173,381.8537498511747,3902.7992136810426,616.9577629055533,48.97469902083192,0.27624309392265195,0.5524861878453039,0.27624309392265195,55835.799616,2204.258116049525,431.22298257204477,11864.03089253822,6093.818683356673,2945.367392320939,3158.4399999999987,2490.292657939988,4199.07130069653,3488.940407133868,113.00989158931978,760.5220457452583,1902485.0416360002,860.1937449440381,304.16440291843713,12119.034786661392,1532.9322834040834,537.452090466378
10,0.45592705167173253,0.303951367781155,0.303951367781155,7734.323024999999,132.40479158227782,2385.2831103974945,1408.8393714547553,2654.3451951032207,1.6213468721443114,41024.47702499999,1738.1327367628985,991.3108626927741,218.82825670573123,85.37309484395259,31.995238769267093,1179511.8428444448,25.073131209907924,230.4582888814249,543.9416273313452,598.9853440063572,175.03135042357627,0.45592705167173253,0.303951367781155,0.303951367781155,100092.08604444441,2299.678511652767,6446.701374047227,2345.641231662318,1178.1313853640318,103.4620749417273,31843.212844444442,2009.7379383825696,753.4743034854736,535.8384570141991,105.25277723292015,182.90745132253667,973876.2120027776,2350.306948308907,2954.338341000911,2614.5454319576593,1978.834077142186,105.69018867727809
10,1.1764705882352942,0.3921568627450981,0.7843137254901962,198751.014225,13694.723097751861,208.92514493911256,2902.351579474628,3592.8695862534023,716.0909733391002,1616.1740027777773,11862.044262668956,238.14376754221564,1284.1051353588327,375.0314195625075,263.0688254500755,1184175.6126694444,9343.858371957158,1018.3222953358058,1491.3768739913498,1132.8593860321685,368.91498187089167,0.7843137254901962,0.26143790849673204,0.26143790849673204,57019.86813611115,1022.4020403044485,2254.446914675037,86.47022515051205,551.6549308224122,279.751105561042,13498.56694444444,1189.9350445207242,442.1697194506616,431.02790859320095,176.619567666338,75.7689270555466,1519684.8900249996,72.97595454927514,462.16727025574784,1289.0251563506715,711.3218766917252,26.04873612931934
10,0.3110419906687403,0.3110419906687403,0.3110419906687403,16945.270276000003,1092.6136721661603,1106.0319283735987,8757.065322814258,2558.6069950627098,571.0636552115828,40634.496399999996,2170.646982795141,124.17369320110191,92.87606895781583,44.2760211948878,169.8287544604676,1611533.769444,141.41587479211674,487.3393022610999,2015.9781528222666,710.2575911432604,507.8565605701429,0.3110419906687403,0.3110419906687403,0.3110419906687403,112975.30992400003,2252.397161093158,5227.0151078069875,5755.408449522306,3350.3361403361228,326.72792662476473,32123.392900000006,2863.9768309036717,61.0913252654612,845.1704235506775,58.827336510270605,49.85703491099032,1419057.5025639993,561.9864365809229,1888.1329676993785,9435.560395537746,1624.2909744571475,132.68424426347235
11,0.2205071664829107,0.2205071664829107,0.2205071664829107,367801.8177777774,20316.183303292855,1828.1891580922347,4362.500741810699,210.70568598241215,1349.0148704982564,5371.424100000001,11240.046983282831,1053.0132069793146,992.0209671432252,229.36581353212208,1696.1192652868085,1465290.0750694452,17894.01111483173,1216.5140385819539,162.22137134144825,1006.26631089008,984.3184528087434,0.2205071664829107,0.2205071664829107,0.2205071664829107,72009.03902500005,5800.613883285832,925.4194535187985,6008.66686219329,2088.728272776282,655.5945847730476,13754.989336111114,1225.4612924171474,1049.780989692431,2507.055290780474,280.1328449311361,2034.7043139675789,2094932.9874694431,34.546179389026115,544.8866245655842,2187.9393924158526,62.4889196534786,1025.169250397511
11,0.4983388704318936,0.4983388704318936,0.4983388704318936,37913.28217777777,2574.243077835776,2880.9443353461706,1860.8184168168075,295.7068004409793,774.2133184107965,40759.5721,1596.351242387584,1387.5483392184055,503.1244013695352,718.0880046773638,100.08523716832877,976799.4833361112,369.5927440950197,123.89295467723943,233.90959921448174,265.5415709659784,15.717675380361282,0.4983388704318936,0.1661129568106312,0.4983388704318936,104077.2121,1842.61809409123,7676.8314682435475,2279.4823802007577,738.5679526314983,322.90390425806373,1420.0336111111114,4676.258760943364,5658.787206905409,1561.2933506246466,2657.4497540932152,76.95070657928142,844386.3990249999,1284.2948915890954,3554.4312364612024,1546.1590181820336,1221.814887145281,19.009485115938464
11,0.33670033670033667,0.33670033670033667,1.01010101010101,24374.495211111112,588.8480360926303,962.1576505527551,4097.506233647294,31.63749747522439,173.37667304575646,43292.43133611112,120.40285429107607,2368.3033683758076,738.1958836616692,1008.5985613670008,127.84625140625417,975327.4241777778,43.16955047265349,2027.1234285654832,371.2225718463354,816.1746476617483,17.231516533644996,0.33670033670033667,0.33670033670033667,0.33670033670033667,111438.0178777778,271.2417008526289,9590.757146057693,5275.574263810889,221.19124276561325,277.6056066450774,1155.2068027777775,795.2310175954752,11410.943035564856,2053.9066774928983,2018.173938468741,263.61267387189673,860200.6009000001,84.54823792270903,6282.487667539828,1449.0584225952125,176.96357082497582,101.14516875973034
11,0.631911532385466,0.631911532385466,0.9478672985781991,211731.88721111108,9557.8249438507,2000.4504110748096,606.950593857781,384.5273103869757,1251.6089005570323,2782.9141777777772,1042.3218287599982,874.5265744019044,496.61008678633,530.001716786062,28.20338335538137,675884.0348027778,7311.284568853983,658.6938410069665,716.6582822749493,40.75178306210719,56.44770037960819,0.315955766192733,0.1579778830963665,0.315955766192733,56011.90000277777,2735.778789975303,448.31765782949697,86.81544682009633,125.05832608128517,184.84400728642916,3870.4988444444443,427.16286604586503,68.97129550470659,633.8482879420237,649.5563194039579,117.68812938011997,1008635.2284027777,528.865367296018,102.47525963039445,186.98017901749722,218.4943038979142,385.5700130454848
11,0.9671179883945842,0.3868471953578337,0.5802707930367506,25452.373443999975,1173.0792657670647,7.643382101082628,4342.713574958652,4.6960024734486465,1139.5182154553454,43740.37616400002,1202.124993277564,970.2119506664454,602.3667395135943,806.3263562216496,421.8494010240553,1056808.6721440004,657.6508232688813,1140.3011786470138,459.4863079711568,93.85420340208219,465.1117657081678,0.3868471953578337,0.3868471953578337,0.3868471953578337,109974.47737599991,9416.291279656622,462.1259544122186,5847.936363592021,33.6772445891341,490.8825329635221,15.61830400000009,2794.3379989748623,2438.8975281893463,2925.319796252897,1620.7747227725836,326.1850787799917,924720.717376,4908.7834026355995,1676.0489624116572,2670.028771897501,252.85589574728263,146.27840113964342
12,0.6067961165048543,0.3640776699029126,0.3640776699029126,44254.13444444443,209.09840865874895,2496.189622380891,280.4097634184279,3644.360465170077,217.94992687149812,15283.552711111117,1177.1862268404968,865.982572965435,16.988874874724317,188.8495257186178,69.45340227323004,1847556.0316694442,75.11805744509645,478.04813178393414,33.683486466404354,727.023354180728,8.810732409708661,0.4854368932038835,0.24271844660194175,0.24271844660194175,163733.52959999986,1558.3919720405993,5744.534842222838,466.7559501799186,3690.907350408593,109.20803952921547,10210.765669444445,473.6349842584557,209.02955127841724,101.00196526964173,943.4719399850327,261.15203190434346,1634864.8423361117,654.4443668821992,3305.4545504679145,212.0871296081179,3215.203641337397,205.78717827812824
12,0.23228803716608595,0.23228803716608595,0.5807200929152149,59075.733025,370.45409088720226,2021.1189278445606,741.3529308629529,1407.0182637088135,19.2899155274866,13813.692669444448,543.6739375481309,2780.720713882745,464.3637757668175,111.54728409226513,271.64731544677664,2001008.2848999992,89.25094524431438,366.45405615746137,204.75866720785262,447.2100293722431,14.302601230845129,0.23228803716608595,0.23228803716608595,0.23228803716608595,184388.65402500003,2709.329488322366,6468.590669291838,1009.10822686611,1698.4708933966647,51.971922627658486,12163.516469444443,199.05093568431286,612.9061391886123,493.8062398149179,168.59265084055852,561.3847181306633,1757025.3624694447,698.9247161065281,4349.356427694538,133.27943045501462,1787.263585103664,13.29411215962104
12,0.2570694087403599,0.2570694087403599,0.2570694087403599,49988.01639999999,60.4894607834067,2182.08660716128,3579.2966772981977,2666.068240596274,1.830807291718972,11750.921336111105,788.5986685014808,782.1265672402866,72.23936234250459,82.76548854703654,7.9811489131913405,1639897.9422250001,60.26762540975791,217.2653970471157,514.9823311294356,560.331307150775,100.8957354199357,0.2570694087403599,0.2570694087403599,0.2570694087403599,157660.61422499994,403.42864315072524,5901.532522578601,3438.765187839302,2263.779435249531,77.69343852595188,10351.36673611111,144.0679370066935,138.0766761246052,58.911324334177095,306.8681618038307,42.736362465489286,1433080.3328444448,268.33383847726674,2888.307022313677,1650.9196495310712,1647.4551094178435,204.5497330505665
12,0.23501762632197415,0.23501762632197415,0.4700352526439483,58561.580025,164.70000165231068,3484.970524688934,300.66061720446106,2157.16029444147,54.57505993489183,11338.345336111108,312.81858365742187,881.2184984685955,95.96732526582193,94.03576827434325,65.7599391945771,1955410.6896000004,84.44317890981071,515.4632871011343,155.6928363969878,752.648136878338,22.4728473906326,0.23501762632197415,0.23501762632197415,0.23501762632197415,175959.27562499998,1048.7359493732008,6770.0616388141425,267.81508970507133,2012.5690132110774,145.91938980394585,8177.584899999996,36.993186604264544,360.7693199444094,7.140944206848634,614.6183453709002,162.5675463910192,1718008.7638027775,387.494533634244,3665.977000517633,427.2506460802292,1746.0264473430525,120.14969666589002
13,0.40983606557377045,0.40983606557377045,0.6830601092896174,165578.46084444452,794.1752675996689,293.1578049296056,734.5885634827008,3949.9518581603465,2267.4353598688344,61332.99902500001,961.260225228038,390.80797808224315,305.8837994192757,625.3381219085513,806.2462153553824,1305698.5378027777,333.3077773369113,564.432294165559,151.19893853626522,301.41257641920976,271.37238525791315,0.6830601092896174,0.5464480874316939,0.27322404371584696,256893.5435111111,2729.4300010385646,4660.012859909959,3289.6698799376827,1402.03835096222,670.7825173367298,62661.77121111113,1911.5697015503947,1186.3957276784215,860.4404936203181,456.459142683948,585.5921989131914,1082990.5800027782,900.7324233627633,4948.309131824745,3600.152566798932,2112.809542722094,2344.9385892683963
13,0.35842293906810035,0.5376344086021505,0.35842293906810035,64359.461736111094,908.6544600262215,1042.5415700263918,543.4826346846373,1016.1422494950683,51.40899196655173,38881.92422500001,547.8255501297391,674.455461786945,411.648120397728,84.64017665123505,67.56990838644637,799694.9858777778,15.630782334001658,66.85664789895603,8.283964714816735,244.18299494237846,93.82511072016075,0.8960573476702509,0.35842293906810035,0.35842293906810035,18875.096177777774,752.32436645584,306.41767032025604,632.6771277759966,368.8275940152264,3.9020695249251807,48058.139136111095,1117.7404145297323,334.37909015310896,80.35013648316027,250.51320529160427,72.79339593358635,887564.9713777779,163.38612004020231,331.18865727791155,130.82198429572574,302.85685087969824,45.904319589546304
13,0.5580357142857142,0.4464285714285714,0.5580357142857142,1459078.7792111118,3194.3857464992852,24.26504531520176,81.42862673067226,56.59862654398699,255.29976289696063,38440.830677777754,429.00415244556797,26.18865706307234,42.295957120179594,27.969187570185124,7.087433884752215,321908.7168999999,1773.1617517311804,530.0765028514872,78.4954050295557,186.19362166867742,57.12105847415029,0.5580357142857142,0.33482142857142855,0.4464285714285714,218282.06937777792,1858.59908804259,1196.8446390753816,43.39142584430557,877.3739073071383,12.388246631918419,23720.620224999977,2003.9847497126943,9.411020307955203,68.06684630122157,73.94336321467969,4.073762272744255,1549232.451336111,687.6811862581601,2655.913630476551,13.401974436207857,1171.55772324584,22.331023684036243
13,0.32786885245901637,0.32786885245901637,0.32786885245901637,33131.887136111145,10.920146472610439,96.69672742430149,541.9543130191714,499.1789305076164,365.2725346343295,35548.58854444444,237.5638470726657,88.65554910038146,115.74824786940954,285.5996834513591,63.594762585777104,957377.4485444447,36.564233505801525,88.5903660618113,637.4405998591271,23.934008456707993,137.46477789089852,0.6557377049180327,0.8196721311475409,0.6557377049180327,70890.83751111114,15.723436493341081,2.977298589812472,73.73859104424115,299.5826271975899,319.98382166341423,12569.025802777784,224.98708946184396,480.73281165302956,382.76297373829476,71.45840958516483,12.010280524350913,853535.7768999996,201.20559768442325,92.91982984348799,1090.2575541233848,604.9182319519877,12.665502183476802
14,0.9433962264150942,0.4716981132075471,0.4716981132075471,37441.60500277778,556.3659401644131,6497.481558585023,507.3211686569162,2120.6695202970627,696.3751107562115,44656.1424,426.2277716648468,1903.2548548405898,137.49660785644622,103.05250759479627,65.05043771348213,470756.0802777778,49.706103476519395,3858.9484622776527,244.81453532366396,26.92691360555119,600.6897205849338,0.4716981132075471,0.4716981132075471,0.9433962264150942,61182.022500000014,723.0925207751211,17277.229932198472,135.8062563558113,265.5231921100969,65.22947908582356,6152.3106777777775,800.071038822362,1490.6351935158896,338.30466847234123,1463.9455901591573,25.63699701997524,426043.3983999999,199.8427468054974,11399.889419710673,448.6305269806816,691.4090701985494,286.3754822912472
14,0.5050505050505051,0.5050505050505051,1.2626262626262628,30417.10402499999,257.80940795727764,3518.17214231938,2255.345499135501,530.137494729143,86.74172447733895,28019.97006944444,297.4523786452667,109.39931908858513,22.883594384179137,93.3678225779134,226.90871951273874,406419.0001,103.48928431184036,3599.1147626942384,760.7425197942518,1010.7573413038722,619.2805265946447,0.5050505050505051,0.7575757575757576,0.5050505050505051,62015.11080277778,452.94131669582526,7207.0728808763515,457.5707165348463,596.1812139947773,170.99899443786563,603.6030027777776,253.68574967620066,101.79264634772514,136.54231745224854,683.5570039659452,330.0647888728907,373056.28027777775,11.830366375821038,3942.6622301606876,1047.3763727768253,805.384293954205,282.6488262273053
14,1.3986013986013988,1.0489510489510492,1.3986013986013988,23478.9221361111,282.581787617086,1026.7454889547564,121.4121183617061,174.64793763623965,49.43152594013798,6615.924469444443,9.38888669050865,213.86184832890643,40.85714218456294,19.27856663768045,162.0456964106973,207580.4721,785.1284611408616,150.6026739981213,20.494534960249897,51.01889974691055,101.69930628370999,1.7482517482517483,0.3496503496503497,0.6993006993006994,16156.104711111107,1774.6432949692435,137.99192919000635,248.79661051537744,710.1195096236661,496.3086401052313,368.8960444444443,43.867359639096044,28.411897712995085,49.52090952177347,175.19226646911235,91.71351211268852,191547.73446944452,1633.9117801115551,482.3499879967596,184.5135236651042,0.783642773490759,49.63465289544777
14,0.6944444444444444,0.4629629629629629,0.4629629629629629,39357.93080277777,959.4894685321344,4050.2985675545865,1423.557988764441,1872.685071599258,940.6858708382264,42281.640625,139.36180476450843,737.5281641601787,13.724505620449944,1004.5715042963094,298.1360724437955,501450.4573361111,365.6292436398669,4647.118381835055,198.74152889430562,1624.9335920093854,335.9415465669793,0.4629629629629629,0.4629629629629629,0.9259259259259258,63824.443224999995,1448.162874590159,10139.793097539145,4.560935136308542,3932.1988133042423,774.4755124952716,4117.3611111111095,67.43338629552564,693.8104273827286,11.971687905894585,3381.0327368415924,784.2820345517821,451158.5002777777,25.900422763783357,14188.269837029344,25.976573242379907,490.83739751787283,378.42127832057764
15,0.3322259136212624,0.3322259136212624,0.3322259136212624,89835.07562500001,865.1931850555716,1244.4433641834196,183.13987363724436,5841.924807378318,307.8855185731152,28197.126400000005,503.2708902445928,95.846480092725,653.0285009368872,432.0756180395169,334.2899051822741,878862.5005444443,107.01057368504404,738.1846525133676,241.79511308630205,304.0919489310083,7.984305291736424,0.4983388704318936,0.3322259136212624,0.3322259136212624,31719.016336111108,4244.818524268487,1689.3842843157622,49.94820092947058,6278.802295959747,77.6875199558984,11577.759999999998,1909.131018212269,378.08450124693593,680.5464774282812,458.8191211463213,132.8804978544518,835508.7304694445,2078.295973782937,193.25884644065533,392.8865842071822,634.3029219663347,144.35197430637726
15,0.4643962848297214,0.6191950464396285,0.30959752321981426,158227.337284,498.7794637006806,236.39704958750568,5992.068450490351,253.01479938995502,2632.5114293653846,30886.656515999992,792.0216774020571,1621.8092844676403,457.0159699861913,763.6845844764459,413.4084356792389,1504199.225764,318.5201599468733,340.2926221454222,1320.236064427484,328.87845401032496,268.59583554098566,1.08359133126935,0.30959752321981426,0.30959752321981426,52242.416356,7417.105853288759,1124.8232302631243,20850.242176024876,1086.4234769777704,1799.0348611010497,6517.6558239999995,1100.8713920564894,1780.5277654024762,1730.1076795255888,202.38790453984072,509.1919076321074,1460182.2244000002,368.25344816793404,1461.5630732611064,4525.114140681677,67.14109952079542,108.4407501739253
15,0.4665629860031104,0.6220839813374806,0.3110419906687403,97678.75129599996,1039.0458476318672,395.406411727129,8176.651943176551,2387.389055104056,811.7498239972791,49701.351844,1305.3391278477616,436.02492006885774,695.4037163206875,32.52071913119727,284.4412254792407,1501281.671824,8.440534557174761,143.03218384978368,1493.6068493577536,1164.1426653843941,516.490948059507,0.4665629860031104,0.4665629860031104,0.4665629860031104,47296.680484000004,13696.155847612896,23.460527689914166,13367.62567567834,3068.649910570133,1713.2146868364155,16535.902463999995,1970.5103333555387,886.7259528336834,1631.4155230646406,15.57655692715461,375.59144051834494,1384914.7269760002,1350.9671851744379,316.4932165907251,4941.834162715425,68.61340336938984,303.0280681782593
15,1.0,0.3333333333333333,1.0,77843.790025,4.565875757620126,828.9804352715554,456.9486648667355,1141.7618174966829,32.46641465356061,19365.969469444444,229.5418188962892,62.14130339649995,72.07066807202888,45.38136950255003,201.09617690949682,911117.9756250002,251.31953185905107,332.38182250031815,109.5467126073163,704.880717196317,137.46030333449605,0.5,0.3333333333333333,0.3333333333333333,11510.786469444443,2333.305676911038,1596.2639697900966,397.47856088003715,1122.4348334300357,67.47142800791437,3765.6632250000002,963.8407325195014,32.11316765433447,34.30826788513848,3.2705820348061407,411.22487444432994,894878.1604,489.7704700308988,1137.896817995508,143.78772490181456,199.89195628938577,41.388125262541244
16,0.7923930269413628,0.4754358161648177,0.31695721077654515,27762.224400000003,682.2396416482571,4133.5288630377845,1214.7119662784535,768.3956245061015,463.28955434705955,13072.492225000002,337.36747525539505,1620.6773583847325,91.85036724815457,155.07303006716614,36.90253413198786,1087205.911736111,204.03328386190896,25.73699947323454,32.053044739481535,252.9684692325889,168.00590256433327,0.4754358161648177,0.4754358161648177,0.31695721077654515,26842.999469444447,4539.830957703162,3565.1559946158964,609.9003771490733,689.9362673888179,678.2180201152395,25353.131377777783,138.194303674897,1193.7554509433821,183.80243370841336,221.7014919433307,338.992964658816,999030.235225,1967.4714622057018,1261.6616980766594,116.77427629168137,125.6124241472561,215.12461668347245
16,0.3546099290780142,0.3546099290780142,0.3546099290780142,44998.42980277778,406.41110645113315,4682.399882322534,505.38226259691425,3593.6187212881596,3449.033129301579,12078.009999999998,361.1305442651864,422.7961417354391,647.598827334112,491.7527857903286,186.85112228750748,832677.5418027776,447.7182525867484,691.2741045214133,149.22453475759994,53.8591898642578,103.24577506412223,0.5319148936170213,0.3546099290780142,0.3546099290780142,25109.04340277777,4045.0834860446403,3993.372262558442,1639.3995765692548,3630.3962050482533,3744.412360795483,19299.69254444445,98.06659086374708,513.4605632857192,37.21835550719676,443.5365224940527,658.4109746951409,772134.193136111,1289.0760075289172,5036.792339301951,182.701397002949,680.8250984675893,1017.7598959198036
16,0.5747126436781609,0.28735632183908044,0.43103448275862066,56071.08271111111,69.36744582727502,2075.1922888702584,1330.5473533014983,1580.0109355817403,422.18178964808914,5184.960044444443,98.70022502664105,4769.641212357041,912.3582231632959,1210.7973530779825,123.55005520328922,1296649.0770249998,14.817199407428351,36.23682201121492,228.3555898436625,311.3568803464678,1.4820024822238371,1.0057471264367814,0.28735632183908044,0.5747126436781609,81831.27713611111,2041.8297836619136,3641.3014680455894,2139.511704850415,1002.6342314291285,646.5194262236275,27396.318669444438,1382.5738848102694,3979.3740397628667,636.6843761908092,368.68886760625105,194.03832805513863,1130727.4005444448,1542.5325278169857,737.8526689389404,1053.27086991388,733.9963782519402,6.493686047795258
16,0.3726708074534161,0.3726708074534161,0.7453416149068322,54700.6340027778,157.1384630995086,914.617183901902,1898.4054561326982,1642.2524733001392,130.91974923923203,9477.996025,358.68519563453987,1024.6145235695174,226.647631448867,281.6191438656318,449.70587683875317,1750104.0972249988,25.711116016025844,0.04770952740576265,561.9993786039882,101.79950693830683,58.062596546422746,0.3726708074534161,0.3726708074534161,0.3726708074534161,109373.51361111109,3025.3209736509007,3948.2709046606733,1859.11634903144,1109.344093103626,125.60453747569382,22949.72506944445,533.4689308738175,926.8364464449826,62.42169510074621,557.4862624395416,364.26097475699925,1574451.9354694446,208.62519442297477,978.4959807785411,1815.0108764899076,867.9930543643577,676.1225718856929
17,0.5434782608695652,0.2717391304347826,0.2717391304347826,45995.95111111112,1712.0026623322944,1741.8012037195294,1018.6704490806254,8682.831209910084,121.22681580104565,110278.2333361111,858.8255619937589,1114.76547749003,150.1883635653715,297.0226998993263,655.7221862210525,1342365.5460250005,480.8575246642467,110.67119609906486,606.6754984562732,548.3292871224713,172.4580709145919,0.2717391304347826,0.2717391304347826,0.5434782608695652,34394.793402777774,8408.535496584123,672.3640189980079,604.3684275468427,7673.877548516811,498.30589808519574,4164.9813444444435,4259.176904563579,1200.0445359258845,1039.0092586125684,1027.5298974492025,1296.0329909317397,1309445.3760999998,2508.510116960592,240.40783980942317,1415.5614680353685,2682.120251126589,355.23519575576375
17,0.5571030640668524,0.2785515320334262,0.4178272980501393,52959.04980277778,431.39990066439753,1706.7247244412615,255.71082234501532,6770.171970729007,348.17875833421704,111566.02022499999,787.1718510770879,961.7646870657499,150.84324856621055,185.96157661440796,219.10116398814412,1252925.7667361111,408.61900361095866,67.35093085566164,504.9292397828625,525.7186891952218,167.14950435781134,0.2785515320334262,0.2785515320334262,0.2785515320334262,61239.751111111094,7746.801431165456,1771.3216285814578,149.8336447135517,8075.039401540098,179.31995995781065,2894.2606694444444,4677.350307952282,1166.6883305558488,862.7317910572474,1928.655783033369,470.0603783125479,1205399.0487111108,3231.035337205706,190.6425081099752,903.1816002536987,1210.2719291658855,32.533771771026224
17,0.2808988764044944,0.5617977528089888,0.4213483146067416,66148.41071111111,729.1884401319026,1041.3485774120647,1630.0475753701323,5680.597072214148,72.79907427367047,91720.14151111108,269.265937327414,700.3255147413178,115.05082586893006,541.5407844485189,250.15514300116814,1226973.4438027772,476.27269861815705,18.672936532474495,659.0303963589083,137.8821102073403,58.32822332897199,0.4213483146067416,0.1404494382022472,0.8426966292134832,44091.60040000001,5399.596904020798,1798.9080346230837,1229.2541426391945,2884.7781228691647,613.1438108203124,521.5133444444446,2543.1324722517825,1415.9044858419193,1183.0347007454463,500.65789286502337,441.73163369265933,1203207.8917361111,1937.793536797096,47.58684967758971,977.2606079730999,1297.559304850534,81.10861020516745
17,0.430416068866571,0.5738880918220947,0.860832137733142,79379.30587777778,95.38898763302015,1304.5950883162534,1608.2809975914909,5198.121780510067,297.7000248242095,102610.2411361111,224.66633631365235,442.7273034297352,47.02273018564879,46.884637303815694,237.70269815182832,1158213.614677778,583.6878264275581,45.89630426506538,249.23774399235293,48.852634915186215,77.10147176221314,0.430416068866571,0.5738880918220947,0.5738880918220947,37999.654225,3234.2972934491863,649.8625366599484,1902.5045583872002,4590.591486667707,1066.7326239413378,1617.916544444444,1783.2335722071507,1208.153253136682,184.87722757813484,685.154289866144,156.25694261363057,1159225.4667111114,1565.0135310226808,201.53151282168307,183.0287411497002,800.9929010003364,235.61022000483678
18,1.1160714285714284,0.4464285714285714,0.4464285714285714,11284.458802777775,409.5074232236013,4976.078591819057,382.5692499482273,740.2286573375652,294.0434798384128,5987.6644,1400.4379334182897,831.1018087024189,144.85789694355617,359.1165216670667,43.74534474344539,579311.265625,113.81611352880866,1216.674174362005,96.14790019867239,216.93153814724315,139.95502820382404,0.4464285714285714,0.4464285714285714,0.6696428571428571,48219.768100000016,892.1818076335144,4772.868437065898,289.5279600500418,341.81875812648036,260.79466194783805,14842.142802777782,2323.488032202371,1405.3996244470238,113.14790091282609,721.1696936428156,282.01858828714984,465355.9088999999,358.67805909536196,3658.4677526120377,515.6881521720052,613.5436665629238,288.1694128794081
18,1.1848341232227488,0.47393364928909953,1.4218009478672986,5556.460069444443,1322.1410894790824,2462.079617530809,197.40633812222157,444.6954334446799,71.46046459647037,6668.627802777777,2152.136181048919,1594.5655130196058,17.613803750272936,585.6799266477869,32.29811527185515,523107.4384694446,114.98965559429823,2324.5996099742188,148.6625130405319,125.79373772305887,49.965937513540204,1.1848341232227488,0.47393364928909953,0.7109004739336493,44724.495336111104,2494.200044455825,1519.4128296632725,542.7563993852477,390.13378055057774,123.31961905258373,18912.667211111104,4860.8007596537855,959.0741800037291,485.2067479385007,553.6276486915481,53.69465683202033,398230.4130250001,915.8596877465839,6250.198396760617,823.1219631706193,566.0989287279637,59.62946318081773
18,1.342281879194631,0.447427293064877,0.447427293064877,5613.0064,1991.56114452485,2367.875957957827,156.41996459563558,1253.97365676032,277.79313108352864,7048.609935999998,1492.4813396930986,3362.585422346994,114.54623526005905,123.72853660214541,486.6674662938703,859488.4513959998,349.2432501127518,1314.200126405508,292.6812767745591,1064.6829273328788,95.5818577155801,0.447427293064877,0.447427293064877,1.342281879194631,85502.43846399995,20423.13413616113,2029.0821446313382,189.10529978011274,1357.1600039593634,332.98506117103443,22826.375056,5854.893949398745,3632.984313609539,8.276894974253436,547.5056234941227,330.0140379870685,632129.944356,8146.919319356006,5393.086292412134,1113.525097805362,2677.6531780307896,124.84235958989277
18,0.4347826086956521,0.21739130434782605,0.6521739130434782,20581.728011111114,110.8894505198365,114.91852542944044,22.67195018133564,6.11096482458789,20.995905947546913,88.266025,41.00812541004449,46.68540034698096,25.961830534625243,10.494247129101417,6.307371368734802,223311.37840277771,867.0019200052571,194.0718896116746,2.0764369291970644,6.889895579051233,2.5365874250761284,0.4347826086956521,0.4347826086956521,0.8695652173913042,48823.32159999999,1376.3895975665191,4961.582884428697,1262.8447893901266,210.044638868121,759.8141365340786,33356.76080277778,566.7497856836882,7381.31599747544,793.4258930565413,1761.5984979771924,50.171308889203104,458019.8888027779,67.51259661657363,12379.140328029502,263.1920592089282,1612.3763382602972,50.713217525617985
19,0.3452243958573073,0.23014959723820486,0.3452243958573073,142056.12267777775,2654.377067642065,1233.7489260291402,242.4954899919239,1979.2961546856752,564.61123193122,14658.348469444445,503.13009535772386,27.940511483630694,7.804027021305601,91.27381286402945,350.32254424312083,1883509.2080999997,469.0182282622016,356.28441636801546,199.2295142977887,63.70629300071128,285.7861676962284,0.23014959723820486,0.4602991944764097,0.5753739930955122,736.4891361111112,2011.4510586578583,479.2193955130081,91.55339290296169,1352.2378207304414,1715.871841648271,84473.5472111111,36.19762009042192,92.82393653860623,18.83475528532918,210.9873327251606,73.41651527476053,1858296.0640444446,292.9215717181114,159.68714556499503,146.3495865192435,291.2226800195486,1026.6970069205845
19,0.3440366972477064,0.2293577981651376,0.3440366972477064,114970.72537777777,1082.9314739154104,1113.9755392482223,1070.3600302869424,41.45327201144026,286.92556715864043,7915.364336111111,252.34135833514208,191.20296030740138,350.17916884927035,384.5218630678381,60.982245289099744,1949434.9424694448,403.6863266101483,204.71524072470754,185.63402183276892,282.36511021927487,12.736064686782072,0.2293577981651376,0.2293577981651376,0.2293577981651376,917.9890027777777,30.829352112587877,499.0478970647773,2694.7905265412774,158.22902561368306,184.04655156785904,62084.85833611111,204.907278694956,404.133309533828,440.6963433530299,377.3053779804676,427.43039658449334,1916531.0574694443,18.885189606166964,65.9202001296652,1649.915985728135,311.4983745988871,158.02673475654305
19,0.5228758169934641,0.3921568627450981,0.26143790849673204,152232.6289,530.3466187825744,2366.300962301199,291.5607738638919,803.8130740965197,1787.586042080167,14436.022499999992,489.5611777460341,794.2203476976359,457.62992740228117,95.13860363616388,62.8644233332684,1414953.8653361103,180.20544309737784,245.2364310027996,157.799045062975,181.9759647945413,1046.786820013479,0.5228758169934641,0.3921568627450981,0.26143790849673204,332.5152249999995,380.36474984866805,2350.512653784552,1807.4235277946918,797.3930419423169,1263.333898999285,83322.6712111112,126.1517155093619,277.4043558328124,162.39049000227993,177.63640110920633,92.2251816758503,1426233.0625000005,101.05844596737968,221.91381141270625,214.40013929700405,1746.9022367997138,383.483356325272
2,0.34168564920273353,0.11389521640091117,0.5694760820045559,543815.2954694444,691.1285955326897,742.237476219693,7.983426809606836,1730.5933265809126,644.0567737527998,7051.52071111111,156.70919302695626,31.96931436866405,7.410632864410167,32.54651770212223,1.8545790708637693,1532994.7867361116,16.824456943831922,588.8526158589225,48.23255183867005,115.20418992800013,35.80830413347991,0.5694760820045559,0.11389521640091117,0.5694760820045559,54816.8569,285.7766949946909,65.14739032814089,61.853831832784415,1019.6803008103109,715.4090679477833,873.0055111111111,298.3836268733332,14.03440065244243,63.55184673542477,114.41842961047469,50.20097547972388,1955653.0795111111,292.7026910733288,350.9381692899166,74.89258449252547,3199.430668326728,404.8360167911755
2,0.34168564920273353,0.11389521640091117,0.5694760820045559,543815.2954694444,691.1285955326897,742.237476219693,7.983426809606836,1730.5933265809126,644.0567737527998,7051.52071111111,156.70919302695626,31.96931436866405,7.410632864410167,32.54651770212223,1.8545790708637693,1532994.7867361116,16.824456943831922,588.8526158589225,48.23255183867005,115.20418992800013,35.80830413347991,0.5694760820045559,0.11389521640091117,0.5694760820045559,54816.8569,285.7766949946909,65.14739032814089,61.853831832784415,1019.6803008103109,715.4090679477833,873.0055111111111,298.3836268733332,14.03440065244243,63.55184673542477,114.41842961047469,50.20097547972388,1955653.0795111111,292.7026910733288,350.9381692899166,74.89258449252547,3199.430668326728,404.8360167911755
2,1.2598425196850394,0.31496062992125984,1.2598425196850394,393511.5630249999,1499.4308174125865,431.13356776322564,974.3324873904376,439.10591036431555,441.9423626087603,221.91067777777772,1723.4364418553507,1035.3678979829604,306.5759460407386,31.568697387826475,12.879865977635195,470417.6569,3112.3216805558322,1188.2131269045078,973.9891067030883,195.66827194134282,74.03965772418248,1.1023622047244095,0.31496062992125984,0.47244094488188976,41139.332802777775,1455.4065024404877,700.0475286471678,310.6559591730939,6.700613062117098,540.9494380709396,28.355624999999993,211.71142283487328,76.12466854777618,343.3385773122606,229.1035054755255,49.995591803284256,1031863.1840444446,161.4953318381812,68.97517201074112,455.0836554457053,720.7936824402606,1372.8011369602998
20,0.29239766081871343,0.7309941520467835,0.5847953216374269,82721.42951111111,150.92841141129537,203.49343659928655,239.8426920049237,810.7596558637287,170.11784097618508,19673.802677777774,561.8124605252918,166.6277654618747,200.73917732734841,152.57557633737454,274.25118002709553,1227209.762025,0.4707781060762762,14.165866743582544,30.79662951758632,138.0928594785642,42.29627828200674,0.5847953216374269,0.7309941520467835,0.5847953216374269,13014.626669444444,2251.8972041438547,1031.5080050365352,146.93612518530855,1976.4246948233374,91.8663886427352,5308.336736111111,73.50918424973982,400.6500489930881,17.36394160480527,11.042790477012584,64.02980354040027,1223140.1485444445,281.52305811838994,85.81426898763027,36.41604684372757,104.27150413434946,70.7031685414352
20,0.23337222870478413,0.23337222870478413,0.46674445740956827,139664.14694444448,935.0701518794417,1017.2008479280273,531.129539134055,284.1204790462143,194.48549020484865,45127.21300277778,158.18336849144987,811.318072713439,243.38363589212787,357.4168160680704,200.08085657264982,1879965.4840027778,80.56324167818234,7.424847990618674,303.2299481463249,124.53083758772634,167.82806140541243,0.23337222870478413,0.23337222870478413,0.23337222870478413,27959.184100000013,4341.820610640082,1543.0792641674855,2476.639333041086,204.02937580433564,1667.5568233489596,23820.321136111103,165.01257524309185,1502.3106985504958,268.1774303933375,64.01811718153513,216.26765508370607,1835844.3377777773,335.94148830308166,420.94701209144483,618.7931835246734,515.9155359901381,320.3882975706125
20,0.2518891687657431,0.3778337531486146,0.6297229219143576,127659.71702499998,337.24368877226385,719.7208147462251,1769.3644988300352,715.7256481409411,30.51635633216624,20260.20113611111,534.7596436979546,117.3635353170843,110.02036467532437,321.03747582824104,175.2915209806451,1643959.9089000002,90.12367196980044,101.20112258069966,224.6911363741239,136.7138326077182,115.06663323660311,0.2518891687657431,0.3778337531486146,0.2518891687657431,13273.344100000002,4502.927175561035,864.4284936996573,5650.3563531643595,2557.544685808614,258.99993852585993,7719.086736111109,781.993702611163,203.27174788999392,194.2446028348374,121.07420551611217,170.34595177939042,1610424.4506250003,193.98663279607277,119.07131207705508,293.1785224755282,473.7190477896334,360.325938441
20,0.28735632183908044,0.5747126436781609,1.0057471264367814,90931.39733611108,1153.4566560922085,118.537822908198,1261.7646752885794,414.9173613441302,1107.3110636759293,20044.42446944444,1188.5159549468465,76.30800985662614,154.45359822051898,576.0301809256855,212.3344900553107,1280903.3329,271.3464764633107,415.24120310955044,233.0922679331056,546.6528883042704,265.7928451379284,0.7183908045977011,0.28735632183908044,0.28735632183908044,5213.562025000002,11803.34214807863,989.8628599550938,4374.187339673406,649.0781764798415,1004.6217009299356,9892.62313611111,1387.64498907589,535.9418150911324,133.363739666202,245.02739810763504,24.356438222353752,1234091.404011112,366.8836046200439,900.3021645560299,396.73717972465835,387.02388121914976,147.36390434667751
21,0.5008347245409015,0.667779632721202,1.001669449081803,8501.147336111111,1009.2063012779425,4441.286190304926,88.65611121545754,2748.4112129192017,107.54829176626006,4729.083669444444,339.5159043805574,1487.1663257987425,84.7608094427273,79.59559801895072,16.49170412559443,982675.69,57.71603305000363,1624.2498689369802,40.8084419158241,609.0641987217374,393.4542099650752,0.667779632721202,0.667779632721202,0.333889816360601,189592.02780277774,435.1146512199268,10749.144023483746,793.7704881018991,566.4415133279782,67.8265242573617,2331.602177777778,3.835345671535521,163.597013912957,55.197605780755474,149.57078678481085,14.136968073728653,701568.1760111111,335.27698049825136,10665.317915476227,1084.6897747365483,732.1168037746121,60.8368297421774
21,0.35650623885918004,0.35650623885918004,0.5347593582887701,10.562499999999995,131.53539257153102,715.0301825339395,292.5478285528695,258.6616753015709,361.1535599276415,11144.32111111111,188.23425710350736,641.8621628851469,127.60620716408552,59.28811104063097,148.14701250545122,894496.655802778,162.9569027536082,328.5931575024601,322.739407177257,130.58900232177407,76.81605025796706,0.35650623885918004,0.35650623885918004,0.5347593582887701,201699.7920999999,1047.609063256477,1727.4758130281339,11.555608774062067,307.39444471767996,304.06685643193055,4652.376736111112,149.41412052951742,213.8034479103401,116.63560928659963,61.30488011352694,40.7887309818692,607981.4720027779,288.4733138252683,5280.1808008231965,37.71827558962522,16.78954217351702,167.03902520836493
21,0.7518796992481203,0.37593984962406013,1.1278195488721803,3658.6368444444443,1419.190613525445,1365.9810568328858,678.721455542588,224.29538451138396,658.6447489124876,4446.222400000001,1150.4590133402482,909.6295521678798,88.22242946342924,163.98087969231034,60.88497296456426,813883.6440249999,62.82491990540345,212.97435554622083,606.680540781257,50.64598585906606,11.733624693895532,0.37593984962406013,0.37593984962406013,1.1278195488721803,166014.14433611115,1343.0906914091684,3354.4747483355736,1235.7835169462128,2182.367869563985,398.85875634973627,1821.2978777777773,512.3178099686128,168.72810743851153,25.71775052681511,159.3358447775441,42.142110146479354,550460.1248999999,432.64260546067567,6848.848273989876,457.37717932976136,369.2084433558523,53.06395568377385
21,0.5190311418685121,1.0380622837370241,0.3460207612456747,2470.4213444444445,684.180591956431,601.2594028764818,527.5177094759034,958.713740745516,104.84045685284964,3575.4420250000003,526.4343948714496,2199.1559745794634,96.43558368346513,84.58327721720396,10.412587100600584,959110.1000694445,63.50411915125639,473.9876099346738,4.584032048638095,763.7659130939994,47.18910058232395,0.3460207612456747,0.6920415224913494,0.3460207612456747,193457.75946944449,468.0427966531919,4777.08752917373,580.9672282526998,450.33595933530546,20.1697567682373,1146.1610249999999,54.20891291286422,313.40036144772307,86.84012468245892,275.85033579813523,52.370993464020486,663388.5301777777,107.28317770856361,7877.009608595157,493.33893301145355,118.8151999167151,72.15835814041579
22,0.30165912518853694,0.4524886877828054,0.6033182503770739,67134.53734444443,6121.900113913039,400.1272201999247,1318.3962128866601,921.4038907732796,1452.4627106936816,48824.05813611111,61.738659762061346,1082.9565952411501,293.7151738913472,11.359067364339209,53.97818794187082,1059485.9381777782,1511.3309610466688,444.6828702303281,439.9881732245585,361.0811480551019,29.040124513160897,0.30165912518853694,0.4524886877828054,0.30165912518853694,59417.312544444445,3195.2337471436394,357.3016151709684,444.72716071190337,114.4981351733676,2127.0752343836575,30739.44004444444,498.4372448269881,538.4416534209503,70.84830420825892,159.8053527279877,525.889806419749,1055626.1040111112,1393.6440744407114,1016.1154685218895,1212.5983347976191,48.05080205126177,1920.0528233091804
22,0.40322580645161293,0.8064516129032259,0.8064516129032259,36723.973224999994,16.59656482244327,1424.8894060002751,71.19902096139123,4587.801196347453,142.87520658710926,24561.1584,362.52097419033214,142.22346322477338,26.221339415087613,217.5011694010405,100.21273488095808,513749.6760111111,1019.8836665152319,276.68520833604236,40.226917530217854,414.0740055124733,30.758515977593277,1.4112903225806452,0.40322580645161293,0.40322580645161293,34527.214224999996,4132.433718994978,812.0971290201177,507.83067281293154,853.9245334164045,181.4965403584056,22107.724844444445,169.87409655732964,888.0030351335099,10.772034869273444,135.042548974945,63.21746072795789,587765.0000694444,1600.7732763225379,751.2953773778523,5.534963181120359,685.5845205658006,219.95608901621867
22,1.1933174224343674,1.6706443914081144,0.7159904534606205,48295.19013611111,1409.4050527247741,832.7140280851877,2658.423824693753,287.62789696316116,330.36995395391426,11973.830624999999,40.09049510257969,135.90675764481577,142.78579111816288,64.42014025271185,40.179469943680566,320233.3784027778,23.571286884408114,73.39562644595152,48.1920651128626,312.5873990320213,91.78905821295993,0.954653937947494,0.477326968973747,0.477326968973747,9352.824100000002,418.65219595833724,2839.6665724160353,1931.944029571996,505.89297257233727,583.9261176167299,13023.754802777776,388.4979767591993,387.13075283146463,116.9991547537478,150.8497282988599,80.57744437151973,425586.6169,599.433325920834,2421.5565930498965,1533.075689905776,231.09026341490852,370.71725335874856
22,1.282051282051282,0.5494505494505494,0.9157509157509157,683256.538711111,445.93797243505844,190.86141680302822,26.415124625886783,6.4877926108936625,27.792544220968225,22704.964669444445,15.891367658784278,6.859084292155883,0.5364929209583369,2.2577271647192125,9.537616460134569,289788.42240000004,1.312734280519989,0.1095505217473323,1.8773058834967409,5.0485002409019275,8.393609789108355,0.7326007326007326,0.3663003663003663,0.9157509157509157,8707.378177777777,1194.2513876379082,754.4291519877386,5590.996242066195,1236.6982974456287,322.9075129093266,10902.14417777778,13.697781338428971,84.15744501566498,129.31237283427407,21.35748868593507,153.8391028879092,743650.3970027778,115.8610187277272,19.92679639759288,2082.5316015794947,389.3558487190223,41.542930918350876
23,0.0,0.0,0.0,1616356.2495999946,8.077935669463161e-28,2.0194839173657902e-28,5.048709793414476e-29,5.048709793414476e-29,4.543838814073028e-28,4881.816900000009,7.099748146989106e-30,3.1554436208840472e-30,7.888609052210118e-31,7.888609052210118e-31,3.1554436208840472e-30,5885.9583999999995,3.865418435582958e-29,7.099748146989106e-30,7.099748146989106e-30,1.9721522630525295e-31,7.888609052210118e-31,0.2418379685610641,0.8464328899637243,0.2418379685610641,13011.964899999999,665.7529533666439,544.574993750553,4614.703096221281,407.1772442802189,387.5585117599208,1256.1117361111114,585.3539661790952,1458.7363993636454,790.6294088239983,179.5867164911648,418.1307960596378,1754816.843025001,7.439664694028711,22.721133961550695,1565.4166065513161,75.20527488399004,129.23351864203372
23,0.7314524555903866,0.3134796238244514,1.044932079414838,1215951.700804,13431.366792466508,11548.055757239908,2372.455967690037,672.4948178017715,392.99492253447215,2108.6464,7458.2418227664075,3042.4543218607596,1008.2558507473384,880.6208816204614,2.0269100436746124,1338218.6305959998,52632.78616720495,3974.743014265766,3060.7176094589586,1840.4500823539088,580.7917662110083,0.4179728317659352,0.8359456635318704,0.2089864158829676,2475.6595360000015,8057.974005401028,6732.889642483924,805.5213708284045,10104.995161694327,411.61161832819147,660.2844160000003,1726.6899983892533,1641.8541711372854,1317.1704728583109,321.0638876855881,315.7076685353179,3413448.3927040007,26.664971972656954,1159.2884455466033,93.67216231315967,1718.6250979031959,106.7814575772329
23,0.20020020020020018,0.3003003003003003,0.20020020020020018,73235.1844,1096.9244942651449,1277.395578816405,1042.680780784909,180.17478004162726,113.46984732676304,22211.43122499999,36.402053669445216,84.83974424502236,56.091983356683976,78.60353299851808,31.46242647929176,2642082.2843361115,38.28139367448806,65.31243764928723,46.67808018776258,61.252099287452225,31.728054043150586,0.5005005005005004,0.10010010010010009,0.20020020020020018,120316.48444444437,190.8613004588373,1896.4606956220325,1445.419632164561,128.15880514542522,133.2296118826933,1383.2200694444448,19.974079419603434,356.34876152926563,185.185877427829,15.145059848498747,85.78017352813025,2505266.392011111,2.501052875539161,453.08472457556815,841.1033165333826,38.6194498347731,241.62877122176047
23,0.2695417789757412,0.4043126684636118,0.2695417789757412,42840.7204,1393.6421028396408,292.9379737244121,62.36921376302326,749.6828908006356,88.21354980633203,15762.8025,581.4905651635769,85.93588750584502,53.523987684617445,111.12017211552208,13.2576592267112,1442437.0302249996,69.69295675817459,28.92555378625488,78.8133696183614,44.258502011925124,10.212838349636812,0.4043126684636118,0.4043126684636118,0.4043126684636118,75025.77506944445,1450.1291850346809,465.7253894439255,176.08845350995003,678.3566538273307,68.23661251638035,17.029377777777764,693.6600043451294,364.6113833328256,127.16846449880987,392.4602907439743,20.376373327758586,1356378.5653444447,141.96976473476403,83.57287108620591,118.34838269222672,358.85971126890024,35.652610292020135
3,0.48484848484848486,0.24242424242424243,0.6060606060606061,382055.8513777778,4049.225919279047,2060.689082746314,2136.4194474147685,258.3010588517404,954.7768722674331,11931.557002777767,304.21956938037255,334.8184402875839,336.278823455328,185.36017782150068,94.78012166714007,1467118.4875111117,1601.3304334246045,16.98637370125924,1770.950266744063,388.4893198591197,222.72349323730114,0.36363636363636365,0.24242424242424243,0.24242424242424243,73135.089225,1315.0077895324732,4122.4027514002155,2395.8806699959378,72.38289286800297,3021.7859035056076,113808.39602499986,608.2910690063761,905.8966137593965,1031.8892466895127,1082.4659974905992,656.7097597586842,1686721.2584694442,142.14195000262046,1046.2008044560212,1304.7099837549085,88.69441677467678,674.1017704428978
3,0.2631578947368421,0.2631578947368421,0.2631578947368421,358247.737444,2095.0595850583973,2282.5378038617837,1786.3800461716492,0.5854038034296012,572.0056250574376,33377.82841600001,2413.8794555929894,664.8526559820104,2609.283556706429,2474.9859544398014,612.1166897952389,2017110.0625,754.9507333806015,99.92403562339527,30.106735333410022,327.0254412115045,721.8872275826773,0.2631578947368421,0.2631578947368421,0.2631578947368421,72582.82574400002,6152.363534597266,7469.299966630037,615.2831242921791,445.24766252196895,484.05088838619577,177534.13710399996,3066.669826490331,2141.339265983243,1974.1915090364182,281.531360642017,1251.8740045785396,2076123.647376,1436.9429699890989,2676.2590760431194,856.6742377559627,978.3472703503093,4.511026087832331
3,0.5457025920873124,0.2728512960436562,0.2728512960436562,212278.276011111,2167.670820364301,1007.2199025645202,3040.8287075838784,12.214535288255265,597.4881959968185,23930.543025,373.99321748443174,1218.6758752209362,256.1307330616634,47.70138528460422,228.64831549740663,1317307.1076000005,378.71604318335426,13.05148591127212,561.4808708438209,210.79032213683908,71.82838263220356,0.2728512960436562,0.2728512960436562,0.2728512960436562,42371.47787777777,10259.573168576722,1652.4602331532753,3184.7444324426533,140.3833927182442,535.2223522652154,108100.67217777783,427.70891214547584,1544.1047214097127,164.19319856136312,75.57114674351705,705.2734592715738,1322051.5380250001,1457.968789563624,1270.6053831938223,1899.9132940016705,372.5155225334005,614.1281396388961
4,0.4519774011299435,0.6779661016949152,0.22598870056497175,60847.075583999984,8771.128515796376,11835.802132676003,507.0279648981139,10659.227512881193,6185.782932691585,7866.980415999999,3522.0541786957006,2472.2703834255226,190.7279065829607,2660.2084746299097,1328.2371653304676,3078263.2320040003,109.34871476320741,2170.109278485032,803.1198288528085,4552.10211327993,354.03621362959586,0.22598870056497175,0.22598870056497175,0.22598870056497175,247737.1438240001,14251.054158392068,20110.12611418587,1449.921933102711,13517.733086102386,9417.764484655638,360.54414399999996,4851.137647457835,7668.828323467448,722.8850079689914,8291.738975343917,2712.913866602461,2662595.008516,2551.487663172484,7330.132727998029,1763.173095845704,5786.100279193439,329.0608348879782
4,0.4291845493562232,0.4291845493562232,0.4291845493562232,20839.32840277778,456.79375150407867,6887.8692696055405,779.8103654529046,362.56553918465386,180.28894843906994,19632.68027777777,868.0403950399668,50.761279055505725,194.34100410298214,87.60164765583247,219.52420374425873,596624.932225,270.3460218616569,1458.5388451002405,3.032941967731892,48.06160923974657,111.87064252083606,0.4291845493562232,0.4291845493562232,0.4291845493562232,35288.87484444445,1739.031949083369,6357.04369123297,682.1414505278094,679.8640538543965,82.66044663241996,15865.921600000001,512.5203394487622,1274.522429213868,154.13981639156194,122.26435889123434,352.7907013271838,541786.7771361112,1341.9137754727353,2708.333630035867,216.36220703425857,89.35424631371626,120.9882291132784
5,0.3184713375796178,0.3184713375796178,1.1146496815286624,158657.49466944448,1722.7690091242453,326.93713632431627,1.2052231535037368,1624.2860667183315,340.2844682194402,54351.151111111096,435.4739506629047,200.5898558588777,39.337005074534204,51.7903134830327,88.52008299307477,907335.626736111,636.1395640727699,128.3222815159131,151.17721754962207,353.7029085688892,23.06185108358108,0.7961783439490445,0.3184713375796178,0.3184713375796178,95766.52313611114,4603.377278445308,386.84021128585835,246.97118355715406,1024.8833193408323,163.75009156476642,28343.967211111118,3753.6857461423747,228.96300921286968,1.5749389146570265,46.090096091417934,11.34509713863494,909957.0069444446,2878.7482945868114,228.41758288793997,915.8823714060619,1356.2605189565875,186.67884503563948
5,0.48,0.32,0.48,132326.18777777776,1977.821973155227,1451.05368607526,79.66683933386481,1451.2822044414334,750.8529552225536,55383.34667777778,499.69237841251174,32.63844721148749,302.85805195361456,17.523358366430347,15.05599529564319,949988.106711111,214.4578525433018,62.04369527561917,8.042370110107875,217.18130427972451,6.668424158485112,0.48,0.64,0.32,74375.28933611112,4739.72115270945,1840.3385552613681,94.47302095807075,1857.610177224124,154.48888708906296,15860.044011111111,808.5953046423448,233.22083229821806,307.92930442158155,160.81386334315707,29.53858131443016,981975.2961777779,2115.0846605411384,940.4331546544681,360.41976465173616,318.4276108956117,31.874606934420555
5,0.5464480874316939,0.5464480874316939,0.5464480874316939,84745.03210000001,186.69329545430347,3325.8048844752316,3659.1201635965367,1843.063539642028,964.0661795880212,41316.66022499999,782.5383198601791,738.4516351102276,44.63329722631199,423.5692331374504,165.2194439246975,728009.965225,181.3159307574648,860.0087568759621,664.8691037935166,683.9640367648838,120.02520867031947,0.36429872495446264,0.7285974499089253,0.36429872495446264,83913.53680277774,2027.182086069773,7019.945639635799,5232.091215951974,1065.211608854134,685.716808469764,21712.022500000006,1169.7260497689715,799.9272187315116,956.683112432519,85.58870423123946,359.73336527197387,653596.7921777779,2609.354493137693,3937.824506218652,3435.0492135909353,747.0169516437119,215.79820873214504
6,0.31695721077654515,0.31695721077654515,0.31695721077654515,102473.61322500001,65.27497836481969,49.81498628244204,310.8340892491405,527.888113651103,842.6460760534125,24415.104177777775,230.5819615348335,171.99203296374998,211.31580089497805,12.574548614123993,159.52046343562336,988400.5002777779,53.9955552657715,31.9101520039342,379.0416672755026,40.738329573267265,3.533683267068033,0.31695721077654515,0.31695721077654515,0.31695721077654515,118278.67361111112,583.2637090163287,647.3755892621905,715.9805721537654,1134.0360698240302,549.853775351273,16427.548899999998,184.2470983753399,222.76831291557795,542.8441452271493,218.25503065571198,18.036570834770295,938405.5221777778,147.3696915856322,224.48872309488598,1483.513829668123,708.6591874636276,573.2433249338246
6,0.31201248049922,0.31201248049922,0.31201248049922,127045.90922500004,215.57265456106668,1212.819343173404,1913.9401413304709,4197.4726931941395,2553.134708674708,26269.386136111123,1535.2610705036057,54.877524671491756,105.08464428195572,159.94808710396148,65.78693692542188,982014.9344444445,286.26332481882514,76.7360983275958,796.1087340275319,996.038268788364,31.969533673139825,0.31201248049922,0.31201248049922,0.31201248049922,110448.76780277773,310.8643388180698,2827.1930000163525,2666.7172263555226,2853.4900296552664,1618.0704301411179,23898.58340277777,79.7228919937523,17.07291085725741,456.1267366366318,175.79123716447953,107.79279423758018,947212.3183361114,691.447915011921,2790.598154862908,1694.6142498800418,4474.957717670314,684.3823434589141
6,0.5199306759098786,0.34662045060658575,0.5199306759098786,83468.98810000002,266.91527132707154,246.52373071430384,752.5050157009006,1477.3372023900743,254.52594683026243,29731.530136111112,138.95424301171087,1334.7902476349989,248.93125306104608,1035.2009231253755,326.4615837873041,877934.6436694445,182.29650796625563,257.1276725094624,205.21609312457835,56.35136394453615,94.49281858087205,0.5199306759098786,0.6932409012131715,0.5199306759098786,107601.49404444442,898.9094010198246,35.811108850685315,150.96298659043484,813.6989078378163,280.3787468332299,39529.39240000001,2525.7313296384186,2336.6523728146567,272.5950588852227,1316.3763192621445,440.76544324457535,771929.1740250001,1561.0114272878884,1400.6974042535387,1520.3617216629862,2714.5667643312913,201.9266593955239
6,0.5084745762711864,0.3389830508474576,0.5084745762711864,124215.363364,1891.1411764836434,3017.2924625941405,2775.0779011033896,446.8061955747132,760.068286723456,40412.25678400002,265.82706370842493,2580.8102887011187,2392.9318076375694,252.8275170051088,1197.9225516592646,1324598.4317440002,124.85842524153284,66.98691602353023,3305.288261795384,209.0156865676683,72.15810439587571,0.5084745762711864,0.6779661016949152,0.3389830508474576,127270.5625,3041.505092549097,2696.163756587928,2284.9342960718195,244.5117999856313,111.68083757509949,47207.121984,5503.925933891411,5101.886246913381,2247.4617865918754,1300.7417448122787,2952.2310583711715,1206557.2523560005,2406.1899058971144,2689.76182536762,12410.890512365138,2648.7374715843434,2218.16643898702
7,0.41237113402061853,0.41237113402061853,0.41237113402061853,65217.24187777778,1382.4511210731084,5227.926796069494,308.39848726627247,220.84888481928323,520.7402239769897,16588.152024999996,1936.0688495762822,640.5591864391006,80.11446506958963,60.798520108290965,4.020365909259748,590843.3200111112,309.7438989233275,919.4589250531234,209.026396763942,230.5046756938382,130.9016557106831,0.41237113402061853,0.41237113402061853,1.2371134020618557,156916.33604444444,2994.958797921316,5349.350474607216,388.176547441656,756.7185534371796,680.268983862864,65.52902499999998,1296.3032155915168,1805.5383562072448,68.86256014113033,4.033359269992378,7.937216623165565,451232.3884694445,2072.9698459836554,3743.849536157728,164.2054491612039,92.61677231155655,121.44657009075206
7,0.42016806722689076,0.42016806722689076,0.42016806722689076,60962.079025000014,379.09333945888454,9485.579433255487,965.1120904544292,240.0805878998273,210.9828323532024,13885.087225000001,382.1598714855905,1486.4722447540385,113.22670025956764,32.288933985771344,67.71805794944359,595726.6944444447,212.4106184198014,1421.7592243072268,317.2237424477249,174.46536869208327,91.60926600323448,0.42016806722689076,0.21008403361344538,0.6302521008403361,210223.77833611105,3718.919314260506,8632.379370250355,1360.0604215618484,2140.3108108579518,334.0160657780428,1173.2908444444452,1298.1396330519474,2862.841184170471,9.491787719381461,158.39212013308259,15.753805063698302,361341.2469444446,3845.82603617274,10559.653701747739,505.29868094093695,1154.4264537104846,51.32000335714112
7,0.41580041580041577,0.41580041580041577,0.41580041580041577,68085.33466944445,55.265289050088406,14071.633359766889,73.13656763113396,1927.8777486456295,774.7125184155911,15031.168669444447,1973.2121698696476,1848.118566356089,574.4685725331411,668.5620852912791,189.838900705009,606326.9689000001,80.07889832606091,3043.100494077057,556.7346085264878,788.3983592704526,122.50146001767114,0.41580041580041577,1.2474012474012472,0.41580041580041577,134569.1400111111,1009.6212264071718,18519.333907685235,411.9456400232168,2625.433018525146,975.0880025324238,504.67622500000016,1855.6594202718327,1429.3139012507077,741.5312279666331,398.045593707817,166.74292346541287,482830.4196000002,130.8376890826366,6082.325084738269,690.6137041543935,1098.8863571196023,193.47460065463216
7,0.4310344827586207,0.4310344827586207,0.4310344827586207,60478.28587777779,2333.4831528263912,1751.496302710648,396.631318930369,324.8426431656778,13.047376180299219,15599.177344444446,3229.86219905879,1195.811250039844,211.70537979080737,118.11402436900315,142.15411154263901,561715.2738777779,264.97270887119555,1516.5695868123348,91.5689589782643,7.410862916289838,14.197428270429766,0.4310344827586207,0.646551724137931,1.293103448275862,116208.2647111111,4167.412103297119,1579.831290293309,14.443732229620903,762.3056528534702,313.5256444877502,659.6336111111109,2935.526056162713,1155.7861564632888,285.8549646811833,90.25534994833818,237.26678897254942,460464.0306250001,2061.954287858142,4258.161962395791,155.79359243060114,895.8515464126406,229.28927783904058
8,0.375,0.25,0.375,66330.972304,2998.853876311219,1318.6569876104372,4390.737523920158,1265.2158212029613,3211.645745402343,126448.515216,1405.705645070078,837.3747129109252,3032.662374339685,77.08015763230154,3219.2711071991903,2404341.752836,141.96145565205666,44.43510385679883,1069.8605432686213,135.5546836266646,1286.184742347097,0.5,0.25,0.25,58991.665924,1558.6075484875932,629.1772248202029,7736.844358347106,1685.806755519353,4586.430887344521,11686.907236000003,2238.8960388834607,433.1121290047852,9473.2029852437,349.2507399989033,2699.888546230798,2392930.5481000002,9.675171883310808,442.29618486890024,954.8271828616438,160.60710927772527,414.9290896924607
8,0.4166666666666667,0.9722222222222223,0.5555555555555556,36011.387777777774,668.4834509252722,4963.793720032257,1677.5436469678293,6578.953389582026,125.10213266774221,62929.903402777774,1634.1764831797957,646.5692898140758,906.443929400928,1194.6232876634238,30.39462607142818,1360415.0890027778,10.527861734571013,83.13492884383798,867.0541303963216,579.0116200019633,233.0461684099725,0.5555555555555556,0.2777777777777778,0.2777777777777778,75391.43062500002,1388.6043015260987,7459.751188517004,2436.720933800751,8895.922636634043,421.2314345447101,44.66694444444441,192.9169258616671,748.7330221692647,3109.845458579252,3906.2810317347535,61.2619301462122,1263256.1095111112,1425.4792103568752,4017.9793515221672,1174.4275636725713,3016.3318390241316,762.2150789274361
8,0.45662100456621,0.30441400304414,0.91324200913242,20659.750224999996,304.976174879109,3092.232106483255,2310.1223041886797,1542.7983378176175,188.40189420578378,54728.70340277779,554.6782641596905,786.8790254386198,210.10638991162796,318.08735430362447,160.99113779878732,1109360.1384694437,136.75328201633258,10.11112230130615,322.44709929903104,29.36506324473198,445.25862374888425,0.30441400304414,0.30441400304414,0.30441400304414,72680.56537777773,405.9641914066392,4074.787685533204,3195.7639463041796,2387.0292642385,551.1975000691339,17.7241,243.37840907593494,789.3106787074535,1729.381984812205,374.66136989342533,99.05745404582264,1052067.3280111111,664.4176563823115,1520.3066830016187,1620.084514063198,810.152476911225,98.91755456269844
8,0.6993006993006993,0.2331002331002331,0.9324009324009324,670788.3002777777,2676.2263037405164,1985.7609560684507,3905.540949095814,2463.0213705260526,420.2366803206603,235.9296,3114.9408805265057,974.2009820019566,332.60584614929365,873.1971556735728,29.608828565187654,906031.1138777776,6274.817999827589,3057.6962917553774,380.4259588020946,9.047667529751438,258.15622729808143,0.5827505827505828,0.11655011655011654,0.2331002331002331,24431.774044444446,1130.1759000466711,1145.8187519742173,3656.9396365549587,1664.3646141389484,344.0028522773413,277.833336111111,1536.229161489114,277.2873831359223,481.0542515244475,1206.120977467853,173.52996955611547,1912495.3849000002,164.90545498672063,45.824601227126855,1505.2769232185724,991.7749077259169,18.398063451510865
9,0.5046257359125316,0.5046257359125316,0.16820857863751051,340838.00817777787,20727.28156692619,7438.851236784291,548.3832133896557,646.5088375050916,245.9958457215029,16142.973025000001,1283.773270116412,4133.383185916287,197.53451851028564,2333.5344276062806,1.7858019523477997,3256394.6873361124,7898.678968352816,4033.4736677391747,891.6603015992056,2043.5803955716754,192.03489359688368,0.16820857863751051,0.08410428931875526,0.16820857863751051,131960.24934444443,839.3195322025475,1690.8960698099331,937.6570745409463,417.26992945357273,180.29540072937846,2564.5784027777777,515.6077359821136,3719.174304998863,260.8747909963165,3482.132657459085,101.52428866244495,3668233.636011111,90.11379007839322,2444.744830969098,38.1212319715745,1453.8248076167297,100.24951357126179
9,0.27434842249657065,0.9602194787379973,0.27434842249657065,53481.1876,928.686978858639,1068.4525093478499,153.46570994560605,345.3313870523771,214.08647975817294,5475.2600250000005,4338.042286304922,17.990533267693237,89.54893056536444,683.0038434501457,249.63005548005077,1403723.3948027773,214.07420435317894,204.6992387009417,86.32269696782888,813.3789719158456,254.99431919984795,0.27434842249657065,0.27434842249657065,0.27434842249657065,61365.1984,1557.8092843280826,818.1683112955116,104.11049189261256,220.60852170393713,237.88933542333695,701.6318027777776,1535.6393970882682,360.91476353621795,165.19815900283157,777.7882605445498,465.64735513622725,1355753.6156694444,599.3454293245652,681.342964820872,385.5008868835503,252.89345105294228,112.8167896612937
9,0.9602194787379973,0.5486968449931413,0.27434842249657065,193802.4529,11316.198287304283,536.8069839892747,8410.153704068603,5280.725645474427,1736.4452538798698,2576.4084027777776,2808.1304757012435,230.9413855111574,659.3032391695971,206.16477104924354,72.9591181596978,1035313.0333444445,11189.318895776558,2319.8794155793344,1508.3565045104328,288.9465725392478,237.09341978123643,0.27434842249657065,0.6858710562414266,0.27434842249657065,51566.840277777796,2180.4938601721606,5436.841132932125,3373.828280242894,4188.00237709137,3133.9281359114075,150.10333611111125,1249.3960636718748,238.56019654227632,3713.0648066635176,505.6541483411683,1133.123075655375,1309773.4321777779,992.6029053700607,490.46788232852276,5325.40661067843,733.1229622717304,728.7557119561953
