3.62,-72.04,9.36,0.15,1.86,-0.04,-0.02,0,1.18,-0.25,9.75,0,0,0
3.63,-72.03,9.35,0.16,1.86,-0.04,-0.02,0,1.19,-0.25,9.74,0,0,0
3.64,-72.02,9.36,0.16,1.87,-0.04,-0.02,-0.01,1.17,-0.24,9.74,0,0,0
3.66,-72.01,9.36,0.15,1.86,-0.04,-0.02,-0.01,1.16,-0.26,9.75,0,0,0
3.67,-72.02,9.37,0.14,1.85,-0.04,-0.02,-0.01,1.13,-0.28,9.76,-0.01,0,0
3.68,-72.03,9.36,0.13,1.86,-0.04,-0.02,-0.01,1.13,-0.29,9.76,0,0,0
3.7,-72.04,9.37,0.12,1.86,-0.04,-0.02,0,1.15,-0.29,9.75,0,0,0.01
3.71,-72.05,9.37,0.13,1.86,-0.04,-0.02,0,1.16,-0.28,9.75,0,0,0.01
3.73,-72.05,9.36,0.13,1.85,-0.04,-0.02,0,1.16,-0.28,9.75,0,0,0
3.74,-72.04,9.36,0.13,1.86,-0.04,-0.02,0,1.16,-0.28,9.75,0,0,0
3.76,-72.04,9.35,0.13,1.87,-0.04,-0.02,0,1.14,-0.27,9.74,0,0,0
3.77,-72.04,9.34,0.13,1.87,-0.04,-0.02,0,1.15,-0.27,9.73,0,0,0
3.78,-72.04,9.34,0.14,1.86,-0.04,-0.02,0,1.15,-0.28,9.74,0,0,0
3.8,-72.03,9.35,0.15,1.87,-0.05,-0.02,0,1.16,-0.29,9.75,0,0,0
3.81,-72.03,9.36,0.15,1.87,-0.05,-0.02,0,1.16,-0.29,9.75,0,0,0
3.83,-72.02,9.39,0.14,1.88,-0.05,-0.02,0,1.17,-0.28,9.78,0,0,0
3.84,-72.01,9.5,0.12,1.91,-0.05,-0.02,-0.01,1.21,-0.28,9.84,0,0,-0.01
3.86,-72,9.56,0.12,1.92,-0.04,-0.01,-0.04,1.21,-0.3,9.87,0,0,-0.02
3.87,-71.98,9.64,0.13,1.93,-0.03,-0.01,-0.08,1.22,-0.35,9.95,0,0,-0.04
3.88,-71.94,9.73,0.06,1.96,-0.03,0,-0.18,1.22,-0.5,10.02,0.01,0,-0.11
3.9,-71.91,9.67,-0.06,1.99,-0.05,0,-0.24,1.14,-0.74,10.05,0.03,0,-0.19
3.91,-71.92,9.58,-0.09,1.98,-0.07,0,-0.26,1.07,-0.85,10,0.05,0,-0.23
3.92,-71.94,9.39,-0.05,1.99,-0.09,0,-0.26,0.91,-0.8,9.85,0.07,0.01,-0.21
3.94,-72,9.3,0.03,1.99,-0.1,-0.01,-0.23,0.81,-0.69,9.77,0.07,0.01,-0.17
3.95,-72.13,9.25,0.08,1.99,-0.11,-0.02,-0.21,0.72,-0.51,9.66,0.07,0.01,-0.13
3.97,-72.23,9.18,0.06,1.95,-0.12,-0.03,-0.23,0.85,-0.39,9.61,0.07,0.01,-0.07
3.98,-72.28,9.19,-0.04,1.95,-0.12,-0.04,-0.25,1.03,-0.33,9.62,0.07,0.02,-0.06
4,-72.24,9.2,0,1.94,-0.1,-0.05,-0.26,1.27,-0.22,9.62,0.07,0.02,-0.14
4.02,-72.16,9.19,0.21,1.89,-0.09,-0.05,-0.24,1.33,-0.2,9.61,0.07,0.03,-0.22
4.04,-72.13,9.17,0.4,1.86,-0.11,-0.05,-0.22,1.25,-0.23,9.59,0.05,0.05,-0.28
4.05,-72.2,9.14,0.61,1.76,-0.13,-0.05,-0.21,1.06,-0.29,9.54,0.03,0.07,-0.31
4.06,-72.49,9.14,0.86,1.6,-0.17,-0.03,-0.18,0.82,-0.25,9.49,0,0.11,-0.29
4.08,-72.78,9.18,0.98,1.54,-0.2,-0.03,-0.15,0.67,-0.18,9.5,-0.03,0.14,-0.26
4.09,-73.19,9.23,0.98,1.56,-0.23,-0.01,-0.09,0.63,-0.12,9.56,-0.07,0.18,-0.17
4.11,-73.57,9.23,0.87,1.66,-0.25,0,-0.01,0.66,-0.09,9.63,-0.11,0.2,-0.09
4.12,-73.87,9.24,0.87,1.75,-0.25,0.01,0.06,0.77,0.02,9.64,-0.16,0.23,0.03
4.14,-74.13,9.25,0.92,1.77,-0.24,0.01,0.11,0.9,0.1,9.65,-0.19,0.24,0.07
4.16,-74.22,9.25,0.94,1.79,-0.23,0.02,0.13,0.98,0.12,9.67,-0.21,0.25,0.08
4.18,-74.37,9.27,0.85,1.85,-0.22,0.01,0.15,1.03,0.09,9.7,-0.24,0.26,0.06
4.19,-74.42,9.26,0.7,1.94,-0.21,0.01,0.16,0.96,0.07,9.69,-0.25,0.26,0.02
4.2,-74.55,9.24,0.51,2.04,-0.17,0,0.18,0.72,-0.12,9.65,-0.28,0.25,-0.06
4.22,-74.71,9.23,0.43,2.07,-0.15,0,0.19,0.58,-0.24,9.62,-0.29,0.25,-0.08
4.23,-74.85,9.19,0.38,2.06,-0.13,0,0.19,0.47,-0.32,9.57,-0.29,0.25,-0.08
4.25,-75.09,9.1,0.38,2.05,-0.1,0.01,0.21,0.4,-0.39,9.52,-0.3,0.25,-0.06
4.26,-75.25,9.08,0.39,2.02,-0.08,0.03,0.22,0.45,-0.4,9.56,-0.31,0.25,-0.03
4.28,-75.34,9.11,0.41,2,-0.09,0.03,0.23,0.55,-0.37,9.66,-0.3,0.24,0.01
4.29,-75.44,9.16,0.41,1.98,-0.09,0.03,0.23,0.64,-0.34,9.75,-0.29,0.22,0.02
4.3,-75.43,9.25,0.42,1.95,-0.11,0.03,0.24,0.82,-0.29,9.88,-0.26,0.2,0.06
4.32,-75.37,9.34,0.4,1.91,-0.11,0.02,0.25,1,-0.22,9.99,-0.23,0.16,0.08
4.33,-75.29,9.41,0.38,1.87,-0.09,0,0.26,1.13,-0.13,10.05,-0.19,0.12,0.1
4.34,-75.15,9.44,0.37,1.84,-0.08,-0.01,0.26,1.24,-0.03,10.08,-0.15,0.07,0.12
4.36,-75.04,9.49,0.36,1.84,-0.06,-0.03,0.25,1.32,0.03,10.11,-0.11,0.02,0.11
4.37,-74.86,9.53,0.33,1.86,-0.04,-0.05,0.25,1.31,0.04,10.03,-0.07,-0.01,0.06
4.38,-74.64,9.52,0.24,1.84,-0.01,-0.06,0.23,1.06,-0.09,9.8,-0.05,-0.01,-0.08
4.4,-74.57,9.49,0.13,1.83,0.01,-0.05,0.2,0.84,-0.46,9.73,-0.08,-0.01,-0.17
4.41,-74.58,9.51,-0.03,1.84,0.01,-0.04,0.16,0.61,-1,9.8,-0.11,-0.01,-0.17
4.42,-74.65,9.56,-0.17,1.85,0,-0.04,0.12,0.52,-1.18,9.87,-0.1,-0.01,-0.14
4.44,-74.7,9.59,-0.25,1.86,0,-0.03,0.1,0.47,-1.23,9.9,-0.08,-0.01,-0.11
4.45,-74.79,9.63,-0.39,1.86,-0.01,-0.02,0.08,0.45,-1.19,9.89,-0.06,0,-0.08
4.46,-74.88,9.67,-0.58,1.79,0.01,0.01,0.04,0.57,-1.11,9.85,-0.05,0.01,-0.06
4.48,-74.92,9.76,-0.68,1.73,0.03,0.03,-0.02,0.76,-1.14,9.86,-0.05,0.02,-0.04
4.49,-74.88,9.92,-0.66,1.61,0.07,0.07,-0.1,0.96,-1.09,9.89,-0.03,0.04,-0.01
4.51,-74.84,10,-0.57,1.53,0.09,0.09,-0.14,1.12,-1.05,9.84,-0.02,0.05,-0.01
4.52,-74.81,10.09,-0.42,1.45,0.09,0.14,-0.19,1.21,-1.01,9.8,-0.01,0.07,0
4.53,-74.74,10.12,-0.17,1.3,0.07,0.2,-0.2,1.31,-0.95,9.77,-0.01,0.08,0
4.54,-74.65,10.17,-0.07,1.22,0.04,0.23,-0.19,1.37,-0.93,9.72,0,0.09,-0.02
4.56,-74.43,10.23,-0.04,1.11,-0.07,0.39,-0.18,1.61,-0.94,9.58,-0.01,0.14,-0.08
4.57,-74.12,10.2,-0.12,0.97,-0.11,0.5,-0.23,1.82,-1.01,9.56,-0.02,0.15,-0.12
4.58,-73.68,9.89,-0.04,0.93,-0.18,0.62,-0.27,2.08,-1.17,9.53,-0.03,0.18,-0.22
4.6,-73.28,9.46,-0.01,0.78,-0.25,0.7,-0.24,2.18,-1.22,9.32,-0.03,0.2,-0.29
4.61,-72.69,8.96,-0.15,0.54,-0.36,0.78,-0.16,2.05,-1.27,9.05,-0.04,0.23,-0.42
4.63,-72.47,9.14,-0.26,0.54,-0.42,0.81,-0.09,1.9,-1.37,9.16,-0.05,0.24,-0.44
4.64,-72.24,9.45,-0.43,0.75,-0.45,0.84,-0.01,1.69,-1.42,9.38,-0.06,0.26,-0.44
4.66,-72.06,9.71,-0.33,1.06,-0.47,0.86,0.07,1.49,-1.42,9.54,-0.05,0.27,-0.42
4.67,-71.85,9.83,-0.01,1.5,-0.5,0.89,0.13,0.98,-1.34,9.82,-0.05,0.39,-0.16
4.7,-71.23,9.13,0.35,2.8,-0.44,0.93,0.34,-0.55,-0.65,9.78,-0.07,0.44,0.07
4.71,-71.55,9.38,0.4,3.19,-0.4,0.94,0.42,-0.75,-0.29,9.84,-0.1,0.47,0.16
4.73,-71.26,9.69,0.44,3.53,-0.37,0.97,0.46,-0.92,-0.05,9.96,-0.11,0.51,0.21
4.74,-71.34,9.74,0.36,3.89,-0.33,1.02,0.44,-0.97,0.02,10.07,-0.11,0.54,0.2
4.75,-71.11,9.62,0.27,4.18,-0.31,1.05,0.41,-0.94,-0.04,10.12,-0.1,0.55,0.16
4.76,-70.74,9.43,0.16,4.53,-0.27,1.09,0.34,-0.93,-0.13,10.07,-0.09,0.55,0.09
4.78,-69.82,9.04,-0.06,4.93,-0.26,1.14,0.25,-1.04,-0.39,9.89,-0.06,0.5,-0.07
4.79,-69.22,8.68,-0.23,5.16,-0.25,1.18,0.2,-1.25,-0.68,9.82,-0.04,0.47,-0.15
4.81,-68.41,8.49,-0.42,5.29,-0.26,1.2,0.19,-1.43,-0.94,9.84,-0.04,0.43,-0.18
4.82,-67.93,8.22,-0.63,5.27,-0.25,1.22,0.21,-1.58,-1.28,9.9,-0.04,0.4,-0.15
4.83,-67.3,8.06,-0.78,5.16,-0.24,1.22,0.23,-1.6,-1.5,9.91,-0.04,0.38,-0.09
4.85,-66.41,8.08,-0.88,5.14,-0.24,1.22,0.24,-1.48,-1.55,9.9,-0.04,0.36,0.02
4.86,-66.07,8.13,-0.92,5.16,-0.23,1.22,0.23,-1.35,-1.5,9.89,-0.04,0.36,0.08
4.87,-65.16,8.11,-0.88,5.18,-0.22,1.23,0.2,-1.15,-1.35,9.87,-0.03,0.34,0.15
4.88,-64.65,8.05,-0.91,5.21,-0.23,1.23,0.19,-1.02,-1.27,9.86,-0.02,0.32,0.16
4.89,-63.91,7.95,-0.95,5.24,-0.23,1.24,0.17,-0.91,-1.21,9.86,-0.01,0.29,0.14
4.91,-62.96,7.81,-1.04,5.3,-0.23,1.24,0.14,-0.79,-1.16,9.88,0.02,0.26,0.08
4.92,-62.13,7.69,-1.03,5.4,-0.22,1.23,0.1,-0.82,-1.15,9.88,0.04,0.23,0.02
4.93,-61.11,7.53,-0.93,5.6,-0.21,1.23,0.08,-0.93,-1.1,9.87,0.07,0.2,-0.04
4.95,-59.88,7.4,-0.79,5.77,-0.19,1.22,0.05,-1.11,-1.03,9.83,0.1,0.17,-0.06
4.97,-59.04,7.37,-0.76,5.9,-0.18,1.22,0.02,-1.21,-0.99,9.81,0.1,0.15,-0.06
4.97,-58.55,7.32,-0.71,6.08,-0.17,1.21,0,-1.31,-0.89,9.78,0.11,0.13,-0.05
4.99,-57.3,7.05,-0.54,6.36,-0.13,1.21,-0.03,-1.51,-0.71,9.73,0.11,0.09,-0.01
5.01,-56.1,6.83,-0.49,6.61,-0.1,1.19,-0.03,-1.67,-0.62,9.76,0.1,0.07,0
5.02,-55.28,6.71,-0.52,6.87,-0.06,1.18,-0.03,-1.72,-0.58,9.74,0.1,0.04,0.02
5.04,-54.44,6.65,-0.44,6.97,-0.03,1.17,-0.02,-1.73,-0.54,9.72,0.09,0.02,0.04
5.05,-53.8,6.55,-0.37,7.06,-0.01,1.16,-0.01,-1.7,-0.49,9.69,0.08,0,0.07
5.06,-52.25,6.29,-0.32,7.13,0,1.14,0.01,-1.54,-0.36,9.67,0.04,-0.03,0.09
5.08,-51.31,6.21,-0.42,7.17,0.02,1.12,0.02,-1.45,-0.35,9.65,0.04,-0.04,0.09
5.09,-50.16,6.18,-0.41,7.15,0.04,1.1,0.03,-1.26,-0.33,9.66,0.01,-0.07,0.09
5.11,-48.8,6.08,-0.43,7.2,0.07,1.06,0.02,-1.18,-0.36,9.69,0,-0.09,0.08
5.12,-47.88,6.03,-0.53,7.32,0.07,1.04,0.01,-1.1,-0.41,9.72,0,-0.1,0.07
5.14,-47.01,6.02,-0.59,7.43,0.09,1.01,0.02,-1.09,-0.51,9.74,-0.02,-0.11,0.08
5.15,-45.92,6.01,-0.6,7.39,0.09,0.99,0.04,-1.04,-0.67,9.77,-0.04,-0.12,0.12
5.16,-44.97,6.01,-0.69,7.35,0.08,0.95,0.04,-0.97,-0.77,9.78,-0.04,-0.12,0.15
5.17,-44.01,5.92,-0.84,7.37,0.07,0.92,0.04,-0.75,-0.94,9.81,-0.04,-0.13,0.16
5.19,-43.56,5.85,-0.89,7.38,0.06,0.9,0.05,-0.66,-0.99,9.8,-0.03,-0.13,0.17
5.2,-42.42,5.83,-0.87,7.4,0.06,0.85,0.06,-0.41,-0.92,9.78,-0.02,-0.12,0.17
5.21,-41.2,5.89,-0.77,7.44,0.05,0.8,0.04,-0.24,-0.8,9.77,-0.01,-0.11,0.14
5.24,-40.32,5.85,-0.62,7.4,0.03,0.74,-0.01,-0.15,-0.72,9.74,-0.01,-0.1,0.12
5.25,-39.52,5.85,-0.52,7.44,0.01,0.7,-0.02,-0.09,-0.6,9.73,-0.02,-0.09,0.1
5.26,-38.93,5.83,-0.47,7.46,0,0.65,-0.04,-0.04,-0.55,9.75,-0.03,-0.07,0.09
5.28,-38.47,5.81,-0.45,7.46,0,0.62,-0.04,-0.03,-0.5,9.75,-0.04,-0.05,0.09
5.29,-37.85,5.77,-0.41,7.46,0.01,0.57,-0.04,0.03,-0.52,9.74,-0.05,-0.02,0.09
5.3,-37.26,5.64,-0.34,7.48,0,0.5,-0.06,0.13,-0.58,9.71,-0.06,0,0.09
5.32,-36.42,5.49,-0.64,7.6,-0.01,0.39,-0.09,0.13,-0.66,9.66,-0.08,0.05,0.06
5.34,-36.06,5.43,-0.74,7.77,0.01,0.33,-0.07,0,-0.72,9.7,-0.09,0.07,0.03
5.36,-35.83,5.4,-0.74,7.85,0.02,0.3,-0.06,-0.18,-0.79,9.77,-0.09,0.09,0.02
5.37,-35.68,5.36,-0.69,7.94,0.03,0.26,-0.04,-0.36,-0.86,9.8,-0.1,0.11,0.03
5.38,-35.56,5.28,-0.62,8,0.04,0.22,0,-0.41,-0.91,9.8,-0.1,0.14,0.06
5.39,-35.5,5.11,-0.65,8.01,0.03,0.16,0,-0.39,-0.9,9.75,-0.1,0.15,0.08
5.41,-35.41,5.04,-0.72,8.08,0.02,0.12,0,-0.37,-0.88,9.71,-0.1,0.16,0.07
5.42,-35.35,5.1,-0.77,8.13,0.02,0.08,0.02,-0.44,-0.95,9.74,-0.11,0.17,0.05
5.43,-35.39,5.16,-0.81,8.19,0.02,0.05,0.02,-0.56,-1.06,9.78,-0.11,0.18,0.03
5.45,-35.54,5.12,-0.74,8.28,0.02,-0.01,0.03,-0.71,-1.14,9.82,-0.1,0.2,0.03
5.47,-35.74,4.98,-0.72,8.37,0,-0.05,0.02,-0.86,-1.1,9.77,-0.09,0.2,0.03
5.48,-35.84,4.67,-0.77,8.4,-0.01,-0.09,-0.01,-1.04,-1.05,9.62,-0.09,0.19,0.02
5.5,-35.97,4.51,-0.86,8.49,-0.02,-0.1,-0.04,-1.19,-0.98,9.54,-0.09,0.18,0
5.51,-36.05,4.39,-0.99,8.69,-0.01,-0.12,-0.04,-1.54,-1.14,9.57,-0.12,0.16,-0.06
5.52,-36.19,4.38,-0.98,8.82,-0.01,-0.13,-0.02,-1.65,-1.36,9.66,-0.14,0.14,-0.07
5.53,-36.37,4.45,-0.95,8.91,-0.01,-0.14,0,-1.73,-1.48,9.7,-0.14,0.1,-0.06
5.56,-36.79,4.68,-1.17,8.78,-0.01,-0.16,-0.01,-1.65,-1.6,9.7,-0.12,0.08,-0.05
5.57,-37,4.9,-1.32,8.67,-0.01,-0.17,-0.02,-1.49,-1.62,9.79,-0.1,0.07,-0.08
5.59,-37.25,5.11,-1.36,8.62,0,-0.17,-0.02,-1.39,-1.61,9.85,-0.1,0.08,-0.16
5.61,-37.6,5.37,-1.17,8.58,-0.01,-0.16,-0.01,-1.25,-1.66,10.01,-0.09,0.09,-0.23
5.62,-37.88,5.53,-1.03,8.51,-0.02,-0.15,-0.04,-1.19,-1.65,10.04,-0.08,0.1,-0.23
5.64,-38.33,5.61,-0.89,8.41,-0.02,-0.13,-0.1,-1.14,-1.54,9.94,-0.03,0.1,-0.23
5.66,-38.56,5.59,-0.82,8.4,-0.03,-0.12,-0.14,-1.13,-1.45,9.91,-0.01,0.1,-0.24
5.67,-38.75,5.55,-0.77,8.4,-0.03,-0.11,-0.17,-1.2,-1.41,9.86,0,0.1,-0.24
5.68,-38.97,5.51,-0.72,8.38,-0.03,-0.09,-0.18,-1.24,-1.4,9.8,0.01,0.09,-0.25
5.69,-39.15,5.55,-0.68,8.36,-0.04,-0.07,-0.19,-1.23,-1.36,9.78,0.02,0.09,-0.25
5.7,-39.35,5.55,-0.63,8.37,-0.05,-0.05,-0.21,-1.29,-1.4,9.78,0.03,0.09,-0.28
5.72,-39.61,5.54,-0.54,8.38,-0.05,-0.01,-0.22,-1.37,-1.31,9.74,0.02,0.09,-0.25
5.74,-39.8,5.57,-0.4,8.4,-0.07,0.02,-0.22,-1.41,-1.27,9.85,0.02,0.09,-0.22
5.75,-39.93,5.59,-0.41,8.42,-0.07,0.05,-0.25,-1.44,-1.22,9.85,0.02,0.09,-0.19
5.76,-40.04,5.57,-0.43,8.42,-0.08,0.09,-0.26,-1.43,-1.15,9.81,0.04,0.09,-0.19
5.78,-40.11,5.54,-0.41,8.43,-0.08,0.12,-0.25,-1.43,-1.11,9.79,0.05,0.09,-0.2
5.79,-40.18,5.55,-0.32,8.38,-0.08,0.17,-0.2,-1.48,-1.11,9.82,0.06,0.09,-0.2
5.81,-40.22,5.64,-0.21,8.32,-0.07,0.21,-0.19,-1.51,-1.1,9.83,0.06,0.09,-0.16
5.82,-40.31,5.7,-0.14,8.28,-0.08,0.24,-0.19,-1.49,-1.1,9.81,0.06,0.1,-0.12
5.83,-40.34,5.73,-0.07,8.24,-0.09,0.28,-0.21,-1.36,-1.03,9.77,0.06,0.11,-0.08
5.84,-40.32,5.71,0,8.19,-0.11,0.31,-0.25,-1.21,-0.91,9.7,0.05,0.11,-0.07
5.86,-40.23,5.66,-0.02,8.17,-0.12,0.34,-0.28,-1.08,-0.82,9.62,0.06,0.11,-0.09
5.87,-40.12,5.6,-0.05,8.18,-0.13,0.37,-0.29,-1.04,-0.8,9.62,0.05,0.12,-0.13
5.89,-39.83,5.52,-0.06,8.23,-0.14,0.41,-0.31,-1.09,-0.85,9.65,0.04,0.12,-0.14
5.9,-39.6,5.48,-0.04,8.24,-0.15,0.45,-0.31,-1.13,-0.89,9.66,0.04,0.12,-0.15
5.92,-39.46,5.43,-0.04,8.23,-0.15,0.47,-0.3,-1.13,-0.87,9.66,0.04,0.12,-0.14
5.93,-39.19,5.38,0.01,8.2,-0.16,0.49,-0.3,-1.08,-0.85,9.67,0.04,0.13,-0.14
5.94,-38.75,5.29,0.09,8.23,-0.2,0.51,-0.32,-1.1,-0.92,9.7,0.03,0.14,-0.14
5.96,-38.43,5.08,0.05,8.26,-0.22,0.52,-0.34,-1.16,-0.89,9.65,0.02,0.13,-0.11
5.98,-38.16,5,0.03,8.3,-0.24,0.53,-0.35,-1.19,-0.86,9.61,0.02,0.12,-0.08
5.99,-37.87,4.93,0.06,8.31,-0.26,0.54,-0.33,-1.15,-0.8,9.59,0.01,0.11,-0.06
6,-37.55,4.86,0.06,8.31,-0.27,0.55,-0.34,-1.09,-0.74,9.58,0.01,0.1,-0.04
6.01,-37.18,4.79,0.06,8.29,-0.28,0.55,-0.34,-1.03,-0.71,9.56,0,0.09,-0.04
6.03,-36.7,4.69,0.08,8.3,-0.29,0.55,-0.32,-0.98,-0.7,9.57,-0.01,0.09,-0.04
6.04,-36.37,4.64,0.14,8.3,-0.3,0.55,-0.32,-0.91,-0.72,9.59,-0.01,0.08,-0.04
6.05,-35.94,4.57,0.2,8.3,-0.32,0.54,-0.33,-0.86,-0.75,9.56,-0.01,0.08,-0.04
6.07,-35.58,4.51,0.15,8.34,-0.33,0.54,-0.35,-0.86,-0.69,9.49,0,0.06,-0.07
6.08,-35.11,4.45,0.06,8.38,-0.33,0.53,-0.35,-0.88,-0.71,9.49,0,0.06,-0.09
6.09,-34.53,4.47,0.08,8.41,-0.33,0.51,-0.35,-0.91,-0.78,9.54,-0.01,0.06,-0.1
6.11,-34.27,4.47,0.08,8.43,-0.33,0.51,-0.35,-0.93,-0.82,9.56,-0.01,0.06,-0.1
6.12,-33.76,4.43,0.06,8.57,-0.34,0.5,-0.35,-0.95,-0.85,9.59,-0.03,0.08,-0.1
6.14,-33.34,4.33,0.05,8.49,-0.34,0.48,-0.33,-0.96,-0.8,9.6,-0.04,0.1,-0.11
6.14,-33,4.31,0.04,8.56,-0.35,0.45,-0.33,-0.99,-0.8,9.59,-0.05,0.11,-0.11
6.16,-32.76,4.24,0.01,8.69,-0.35,0.43,-0.34,-1.07,-0.82,9.63,-0.06,0.13,-0.12
6.17,-32.53,4.13,-0.06,8.81,-0.35,0.41,-0.34,-1.19,-0.89,9.66,-0.07,0.15,-0.13
6.18,-32.35,4.01,-0.14,8.89,-0.34,0.39,-0.33,-1.33,-0.99,9.67,-0.08,0.17,-0.13
6.2,-32.06,3.76,-0.23,8.97,-0.34,0.36,-0.3,-1.49,-1.1,9.64,-0.1,0.18,-0.12
6.22,-31.87,3.61,-0.36,9.02,-0.35,0.35,-0.29,-1.49,-1.15,9.6,-0.1,0.18,-0.12
6.23,-31.65,3.51,-0.46,9.07,-0.34,0.34,-0.26,-1.47,-1.12,9.56,-0.11,0.17,-0.13
6.24,-31.38,3.46,-0.49,9.08,-0.33,0.33,-0.2,-1.52,-1.08,9.56,-0.11,0.17,-0.14
6.26,-31.2,3.42,-0.49,9.12,-0.33,0.32,-0.15,-1.67,-1.15,9.57,-0.12,0.17,-0.14
6.26,-31.1,3.43,-0.53,9.2,-0.32,0.32,-0.11,-1.78,-1.22,9.61,-0.13,0.18,-0.14
6.28,-31,3.42,-0.55,9.29,-0.3,0.32,-0.06,-1.91,-1.3,9.65,-0.13,0.18,-0.11
6.29,-30.93,3.38,-0.57,9.33,-0.29,0.32,-0.04,-1.98,-1.3,9.64,-0.14,0.19,-0.08
6.3,-30.74,3.26,-0.59,9.35,-0.29,0.33,-0.01,-2.04,-1.31,9.63,-0.13,0.18,-0.05
6.32,-30.64,3.19,-0.63,9.43,-0.29,0.34,0.02,-2.05,-1.25,9.59,-0.13,0.17,-0.05
6.34,-30.51,3.21,-0.66,9.42,-0.29,0.35,0.03,-2.04,-1.21,9.55,-0.12,0.16,-0.05
6.35,-30.62,3.22,-0.66,9.41,-0.29,0.36,0.03,-2.09,-1.2,9.56,-0.13,0.16,-0.06
6.36,-30.51,3.21,-0.62,9.41,-0.29,0.37,0.03,-2.14,-1.27,9.53,-0.14,0.16,-0.06
6.38,-30.23,3.13,-0.72,9.46,-0.3,0.39,0.02,-2.14,-1.43,9.54,-0.14,0.16,-0.07
6.39,-29.99,3.06,-0.83,9.41,-0.31,0.4,0.02,-2.07,-1.54,9.54,-0.15,0.16,-0.06
6.4,-29.82,3.08,-0.95,9.37,-0.31,0.41,0.01,-2.02,-1.53,9.52,-0.15,0.15,-0.05
6.42,-29.48,3.03,-1.03,9.32,-0.31,0.42,0.05,-1.95,-1.54,9.47,-0.15,0.15,-0.06
6.43,-29.25,3.01,-1.06,9.3,-0.3,0.42,0.06,-1.94,-1.6,9.47,-0.17,0.15,-0.04
6.45,-29.07,3.01,-1.09,9.28,-0.28,0.43,0.08,-1.9,-1.63,9.5,-0.17,0.15,-0.03
6.46,-28.91,3.06,-1.09,9.25,-0.27,0.43,0.09,-1.84,-1.59,9.5,-0.16,0.16,0
6.47,-28.69,3.05,-1.16,9.2,-0.25,0.42,0.09,-1.71,-1.54,9.51,-0.16,0.16,0.01
6.49,-28.46,2.92,-1.19,9.17,-0.23,0.41,0.1,-1.62,-1.53,9.51,-0.16,0.17,0
6.5,-28.22,2.79,-1.32,9.25,-0.21,0.39,0.11,-1.68,-1.55,9.48,-0.15,0.18,-0.01
6.51,-27.97,2.72,-1.37,9.36,-0.19,0.38,0.12,-1.89,-1.62,9.49,-0.14,0.19,-0.03
6.53,-27.87,2.56,-1.43,9.48,-0.16,0.37,0.15,-2.23,-1.77,9.55,-0.14,0.2,-0.01
6.54,-27.6,2.37,-1.52,9.65,-0.13,0.37,0.18,-2.45,-1.91,9.57,-0.14,0.21,0.03
6.56,-27.48,2.28,-1.62,9.72,-0.1,0.37,0.23,-2.56,-2,9.58,-0.13,0.21,0.09
6.57,-27.38,2.21,-1.68,9.75,-0.08,0.36,0.27,-2.49,-2.01,9.61,-0.12,0.21,0.13
6.58,-27.26,2.16,-1.68,9.81,-0.06,0.36,0.31,-2.46,-1.98,9.59,-0.11,0.21,0.15
6.6,-27.04,2.1,-1.64,9.83,-0.05,0.36,0.33,-2.56,-1.96,9.57,-0.1,0.2,0.16
6.62,-27.08,2.07,-1.6,9.87,-0.04,0.36,0.36,-2.72,-1.95,9.56,-0.09,0.2,0.17
6.63,-26.91,2.03,-1.48,9.91,-0.02,0.38,0.41,-2.85,-1.92,9.56,-0.08,0.2,0.21
6.64,-26.78,2.01,-1.41,9.89,-0.01,0.39,0.43,-2.85,-1.84,9.53,-0.08,0.19,0.25
6.65,-26.72,1.96,-1.33,9.79,0.01,0.41,0.46,-2.72,-1.76,9.47,-0.07,0.19,0.28
6.67,-26.51,2.08,-1.3,9.68,0.01,0.43,0.45,-2.51,-1.73,9.46,-0.06,0.18,0.3
6.69,-26.32,2.14,-1.31,9.64,0.01,0.44,0.44,-2.42,-1.78,9.48,-0.04,0.18,0.31
6.7,-26.16,2.17,-1.32,9.6,0.02,0.46,0.43,-2.37,-1.85,9.5,-0.02,0.17,0.32
6.71,-25.99,2.07,-1.32,9.58,0.02,0.48,0.41,-2.35,-1.86,9.47,0,0.16,0.33
6.72,-25.73,1.9,-1.4,9.63,0.01,0.49,0.4,-2.32,-1.88,9.43,0.02,0.13,0.33
6.74,-25.42,1.89,-1.5,9.65,0.02,0.5,0.41,-2.33,-1.9,9.44,0.03,0.11,0.32
6.75,-25.15,2.11,-1.46,9.63,0.01,0.52,0.42,-2.3,-2,9.5,0.04,0.11,0.3
6.76,-25.01,2.22,-1.35,9.65,0.01,0.52,0.43,-2.4,-2.04,9.61,0.06,0.11,0.32
6.77,-24.8,2.15,-1.17,9.62,0.01,0.55,0.42,-2.57,-1.68,9.49,0.07,0.16,0.38
6.79,-24.57,1.94,-1.14,9.7,0.04,0.58,0.44,-2.36,-1.38,9.55,0.07,0.17,0.39
6.8,-24.3,1.98,-1.13,9.69,0.05,0.59,0.46,-2.13,-1.28,9.54,0.1,0.18,0.38
6.82,-23.95,2.12,-1.06,9.64,0.07,0.6,0.47,-1.95,-1.33,9.55,0.1,0.2,0.38
6.83,-23.67,2.25,-1.05,9.6,0.07,0.62,0.45,-2,-1.42,9.62,0.11,0.22,0.36
6.84,-23.51,2.18,-1.1,9.66,0.07,0.64,0.42,-2.26,-1.53,9.66,0.12,0.25,0.36
6.86,-23.41,2.03,-1.15,9.78,0.06,0.66,0.4,-2.39,-1.51,9.65,0.12,0.27,0.36
6.87,-23.18,1.72,-1.23,9.94,0.07,0.7,0.4,-2.58,-1.35,9.68,0.11,0.29,0.39
6.88,-22.98,1.61,-1.29,10.06,0.09,0.74,0.43,-2.61,-1.22,9.74,0.09,0.31,0.41
6.89,-22.74,1.53,-1.28,10.14,0.13,0.77,0.44,-2.56,-1.15,9.8,0.08,0.35,0.44
6.91,-22.18,1.49,-1.31,10.1,0.15,0.83,0.45,-2.46,-1.45,9.97,0.06,0.41,0.42
6.93,-22.08,1.46,-1.35,10.08,0.14,0.85,0.45,-2.5,-1.59,10,0.05,0.43,0.43
6.94,-21.61,1.4,-1.42,10.02,0.12,0.86,0.47,-2.43,-1.74,10,0.04,0.47,0.46
6.95,-21.43,1.45,-1.45,9.98,0.1,0.86,0.52,-2.25,-1.73,10,0.03,0.5,0.49
6.96,-21.16,1.61,-1.41,9.91,0.1,0.85,0.59,-2.02,-1.65,10.02,0.02,0.57,0.51
6.99,-20.72,2.04,-1.22,9.68,0.11,0.82,0.74,-1.22,-1.34,9.97,0,0.65,0.5
7,-20.51,2.46,-1.09,9.45,0.11,0.78,0.81,-0.69,-1.29,9.99,0,0.73,0.48
7.01,-20.53,2.95,-1.06,9.28,0.09,0.74,0.84,-0.32,-1.28,10.02,0,0.83,0.45
7.02,-20.65,3.46,-1.12,9.17,0.07,0.71,0.82,-0.18,-1.33,10.1,0.01,0.93,0.4
7.03,-20.92,4,-1.22,9.17,0.03,0.68,0.74,-0.04,-1.41,10.37,0.03,1.03,0.34
7.05,-21.46,4.39,-1.33,9.3,0,0.68,0.63,0.06,-1.4,10.66,0.04,1.14,0.27
7.06,-22.59,4.63,-1.4,9.99,-0.11,0.64,0.32,0.23,-1.31,11.52,0.1,1.38,0.08
7.08,-23.33,4.42,-1.32,10.38,-0.12,0.59,0.2,0.16,-0.91,11.8,0.15,1.54,-0.06
7.1,-23.96,4.2,-1.19,10.58,-0.11,0.48,0.11,-0.11,-0.73,12.06,0.16,1.67,-0.11
7.11,-24.61,4.3,-1.03,10.73,-0.07,0.31,0.05,-0.26,-0.54,12.32,0.14,1.77,-0.1
7.12,-25.87,4.58,-0.75,10.81,0.01,0.09,0.02,-0.43,0.08,12.71,0.09,1.95,0.07
7.14,-27.77,5.12,-0.14,10.81,0.19,-0.2,0.09,-0.43,0.64,13.2,-0.04,2.14,0.38
7.15,-30.47,5.88,1.29,10.78,0.47,-0.55,0.39,-0.32,1.39,13.89,-0.23,2.34,0.6
7.17,-32.46,6.6,2.35,10.94,0.67,-0.72,0.69,-0.53,1.45,14.16,-0.33,2.41,0.75
7.18,-35.28,6.82,3.12,11.13,0.93,-0.77,0.9,-0.71,1.43,14.16,-0.43,2.5,0.9
7.19,-36.96,5.86,3.01,10.95,1.03,-0.75,0.79,-0.76,1.56,13.61,-0.5,2.56,0.96
7.2,-38.74,4.25,2.22,10.63,1.04,-0.79,0.49,-1.35,1.29,12.6,-0.55,2.58,0.9
7.22,-40.46,2.74,0.97,10.77,0.92,-0.89,0.09,-2.64,0.67,11.5,-0.62,2.49,0.62
7.23,-42.79,0.64,-0.15,11.23,0.74,-1.07,-0.24,-4.05,-0.81,10.27,-0.71,2.3,0.16
7.25,-44.24,0.04,-0.76,11.44,0.57,-1.22,-0.35,-4.78,-1.43,9.33,-0.66,2.04,-0.04
7.26,-45.81,-0.04,-1.01,11.59,0.42,-1.37,-0.36,-5.51,-2.38,8.42,-0.5,1.79,-0.3
7.28,-47.65,0.32,-1.11,11.62,0.23,-1.48,-0.3,-6.02,-2.87,7.5,-0.37,1.6,-0.54
7.3,-49.9,0.64,-1.26,11.84,0.09,-1.53,-0.28,-6.81,-3.31,6.32,-0.17,1.32,-0.63
7.31,-52.77,0.67,-1.43,12.31,-0.05,-1.53,-0.33,-7.41,-3.36,5.48,0.05,0.94,-0.56
7.33,-54.47,0.33,-1.45,12.36,-0.07,-1.53,-0.39,-7.58,-3.06,5.17,0.12,0.53,-0.45
7.34,-55.78,-0.02,-1.46,12.21,-0.07,-1.57,-0.48,-7.42,-2.79,5.01,0.18,0.14,-0.4
7.35,-56.8,-0.73,-1.57,11.85,-0.05,-1.65,-0.61,-6.86,-2.07,4.56,0.39,-0.38,-0.46
7.37,-57.24,-0.97,-1.5,11.47,-0.03,-1.71,-0.71,-6.74,-1.74,4.4,0.51,-0.68,-0.55
7.38,-57.38,-1.28,-1.45,11.03,-0.02,-1.79,-0.8,-6.51,-1.48,4.07,0.68,-1.44,-0.95
7.4,-57.12,-1.29,-1.11,10.33,-0.04,-1.93,-0.84,-6.67,-1.93,3.94,0.93,-1.77,-1.15
7.41,-56.85,-1.15,-0.89,10.14,-0.09,-1.97,-0.86,-6.98,-2.37,3.96,1.09,-2.08,-1.29
7.42,-56.47,-1.15,-0.73,10,-0.13,-1.98,-0.87,-7.26,-2.72,4.02,1.2,-2.29,-1.34
7.43,-56.09,-1.17,-0.61,9.83,-0.17,-1.97,-0.88,-7.57,-3.04,4.06,1.31,-2.5,-1.34
7.45,-55.39,-1.23,-0.45,9.43,-0.23,-1.9,-0.9,-7.98,-3.17,3.87,1.48,-2.9,-1.18
7.46,-54.69,-1.22,-0.34,9.18,-0.28,-1.82,-0.94,-8.12,-2.76,3.53,1.55,-3.11,-1
7.47,-53.9,-1.23,-0.32,9.09,-0.31,-1.75,-0.98,-8.14,-2.18,3.26,1.55,-3.39,-0.73
7.48,-52.75,-1.38,-0.19,8.86,-0.34,-1.59,-1.01,-8.15,-1.65,3.22,1.54,-3.8,-0.36
7.5,-50.82,-1.71,-0.02,8.46,-0.4,-1.37,-1.04,-8.25,-1.28,3.54,1.54,-4.13,-0.13
7.52,-48.45,-1.87,-0.08,8.33,-0.41,-1.19,-1.02,-8.13,-1.14,3.84,1.54,-4.38,0.07
7.53,-46.47,-2.1,-0.09,8.16,-0.39,-1,-0.96,-7.87,-0.9,4.06,1.47,-4.6,0.32
7.54,-43.86,-2.17,-0.13,7.93,-0.35,-0.79,-0.84,-7.56,-0.69,4.38,1.36,-4.82,0.59
7.55,-40.87,-2.21,-0.09,7.73,-0.28,-0.56,-0.68,-6.94,-0.49,4.88,1.23,-5.01,0.79
7.56,-36.97,-2.26,0.07,7.66,-0.23,-0.34,-0.51,-6.46,-0.19,5.48,1.05,-5.17,0.96
7.58,-32.1,-2.34,0.42,7.64,-0.18,-0.07,-0.33,-5.8,0.14,6.31,0.81,-5.34,1.15
7.59,-27.36,-2.35,0.7,8,-0.1,0.14,-0.08,-5.09,0.43,7.01,0.64,-5.48,1.23
7.61,-22.8,-1.85,1.08,8.39,0.02,0.29,0.18,-3.86,0.82,8.08,0.45,-5.53,1.29
7.62,-18.47,-0.2,1.99,8.36,0.2,0.37,0.5,-2.22,0.88,8.94,0.32,-5.35,1.28
7.63,-14.38,2.71,3.69,8.11,0.24,0.37,0.81,-0.53,0.62,9.8,0.11,-5.1,1.26
7.64,-11.16,6.63,4.08,8.03,-0.06,0.17,1.12,1.11,-0.06,10.41,-0.13,-4.33,1.28
7.66,-9.68,9.57,1.53,7.61,-0.55,0,1.37,1.62,-0.96,10.79,-0.22,-3.64,1.36
7.67,-9.6,11.88,-0.42,7.17,-0.91,-0.09,1.49,2.47,-2.77,10.74,-0.18,-2.68,1.43
7.68,-10.25,13.95,-1.9,7.22,-1.18,-0.07,1.56,4.51,-3.07,10.53,-0.09,-1.39,1.47
7.7,-10.78,13.09,-3.32,8.47,-0.96,0.04,1.44,5.37,-1.82,10.91,-0.2,-0.79,1.39
7.71,-11.34,8.38,-3.22,9.1,-0.31,0.33,0.74,4.26,-0.73,10.06,-0.36,-0.04,0.7
7.73,-11.52,6.01,-2.52,8.5,-0.08,0.5,0.36,3.05,-0.86,8.67,-0.54,0.5,-0.53
7.74,-11.72,3.79,-0.6,8.57,0.06,0.78,-0.02,2.52,-1.39,9.47,-0.61,0.68,-0.96
7.76,-11.03,3.36,1.4,11.1,0.09,0.97,-0.32,3.29,-0.39,11.61,-0.67,0.71,-0.66
7.77,-10.39,4.04,2.73,13.31,0.04,0.98,-0.47,3.73,1.65,13.48,-0.71,0.91,-0.39
7.79,-10.09,5.35,2.47,15.23,-0.23,0.83,-0.4,3.89,2.82,14.49,-0.8,1.1,-0.59
7.8,-11.16,4.79,-1.21,16.25,-0.28,0.54,-0.34,-0.39,1.48,16.4,-0.81,1.53,-1.14
7.83,-13.08,1.01,-2.14,13.15,0.33,0.5,-0.79,-4.2,-1.19,13.92,-0.21,1.62,-1.03
7.84,-14.62,-2.72,-1.07,11.15,0.53,0.54,-0.91,-5.38,-1.04,9.83,-0.06,1.61,-0.62
7.86,-14.6,-4.07,0.2,9.43,0.46,0.61,-0.61,-4.89,-0.58,8.51,-0.32,1.51,-0.5
7.87,-15.13,-3.82,0.38,8.94,0.3,0.68,-0.34,-4.17,-1.29,8.77,-0.42,1.39,-0.41
7.88,-14.79,-3.16,0.11,8.92,0,0.88,0.13,-3.95,-2.4,9.33,-0.29,1.2,-0.23
7.89,-14.35,-2.52,-0.19,9.22,-0.2,1.07,0.53,-3.93,-2.83,9.4,-0.2,1.06,-0.08
7.91,-13.67,-1.68,-0.32,9.43,-0.33,1.15,0.83,-3.87,-2.86,9.26,-0.28,0.95,0.13
7.92,-13.62,-0.33,-0.53,9.47,-0.44,1.19,1.17,-2.95,-2.31,9.37,-0.5,0.82,0.8
7.94,-12.32,2.69,-1.14,9.86,-0.38,1.1,1.38,2.61,-0.79,10.28,-0.25,0.86,0.72
7.96,-11.85,3.45,-1.35,9.71,-0.27,1.01,1.4,2.92,-1.25,10.03,-0.12,0.9,0.51
7.97,-11.6,4.35,-1.74,9.27,-0.13,0.92,1.43,2.08,-1.98,9.67,-0.14,0.94,0.51
7.99,-11.77,4.46,-1.93,9,-0.08,0.89,1.41,1.28,-2.61,9.61,-0.13,1,0.58
8,-12.36,3.92,-2.11,8.94,-0.05,0.88,1.26,1.27,-2.58,9.53,-0.1,1.04,0.67
8.01,-12.46,3.58,-2.18,9.03,-0.03,0.87,1.05,1.36,-2.46,9.52,-0.1,1.06,0.71
8.02,-12.72,3.31,-1.99,9.1,0.01,0.84,0.78,1.3,-2.04,9.56,-0.07,1.1,0.67
8.04,-12.77,2.96,-1.62,9.1,0.02,0.82,0.47,1.12,-1.73,9.55,-0.06,1.13,0.49
8.05,-13.05,1.88,-1.08,9.16,-0.02,0.79,0.02,0.03,-1.56,9.48,-0.03,1.15,0.4
8.07,-13.09,1.17,-1.08,9.33,-0.06,0.78,-0.15,-0.71,-1.65,9.42,-0.03,1.16,0.34
8.08,-13.36,0.7,-1.2,9.46,-0.09,0.79,-0.21,-1.27,-1.76,9.37,-0.04,1.14,0.29
8.09,-13.35,0.45,-1.24,9.5,-0.11,0.8,-0.21,-1.61,-1.89,9.37,-0.05,1.13,0.3
8.1,-13.59,0.34,-1.25,9.53,-0.12,0.81,-0.21,-1.77,-1.9,9.41,-0.05,1.12,0.3
8.11,-13.45,0.27,-1.26,9.67,-0.15,0.83,-0.2,-1.96,-1.88,9.45,-0.05,1.1,0.29
8.13,-13.83,0.32,-1.19,9.79,-0.17,0.85,-0.24,-1.97,-1.8,9.5,-0.05,1.07,0.28
8.14,-14,0.19,-1.24,9.79,-0.18,0.85,-0.26,-1.77,-1.78,9.52,-0.04,1.04,0.21
8.15,-13.82,0.36,-1.07,9.78,-0.21,0.87,-0.06,-1.97,-1.52,9.63,-0.05,1.01,0.12
8.18,-13.98,0.69,-0.66,9.83,-0.23,0.89,0.08,-1.7,-1.2,9.79,-0.06,1.04,0.16
8.2,-14.11,0.97,-0.64,9.92,-0.23,0.89,0.15,-1.43,-0.93,9.97,-0.06,1.06,0.17
8.21,-14.2,1.27,-0.67,10.02,-0.22,0.89,0.19,-1.38,-0.85,10.07,-0.06,1.09,0.17
8.23,-14.44,1.42,-0.75,10.1,-0.19,0.88,0.21,-1.24,-0.82,10.15,-0.06,1.16,0.18
8.24,-14.77,1.51,-0.84,10.08,-0.15,0.87,0.23,-1.14,-1.03,10.14,-0.05,1.22,0.18
8.26,-15.06,1.52,-0.78,10.04,-0.14,0.86,0.25,-1.26,-1.06,10.14,-0.05,1.27,0.17
8.27,-15.39,1.36,-0.69,10.01,-0.15,0.83,0.3,-1.26,-1.01,10.11,-0.04,1.34,0.19
8.28,-15.67,1.35,-0.76,9.96,-0.18,0.78,0.34,-1.11,-1.02,10.14,-0.04,1.39,0.2
8.29,-15.99,1.64,-0.84,9.89,-0.2,0.73,0.39,-0.68,-1.13,10.29,-0.02,1.46,0.18
8.3,-16.38,2.21,-0.83,9.71,-0.25,0.63,0.44,-0.23,-1.17,10.39,-0.01,1.56,0.14
8.32,-17.56,3.31,-1.07,9.45,-0.3,0.51,0.48,0.15,-1.27,10.65,0.02,1.68,0.1
8.34,-18.56,4.34,-1.17,9.34,-0.3,0.4,0.47,0.42,-1.08,10.81,0.05,1.83,0.11
8.35,-19.85,4.99,-1.12,9.23,-0.29,0.33,0.44,0.77,-0.8,10.94,0.05,1.98,0.18
8.36,-21.77,5.79,-0.83,9.06,-0.23,0.2,0.38,1.19,-0.45,11.21,0.04,2.15,0.22
8.37,-23.06,6.42,-0.65,8.78,-0.19,0.09,0.32,1.42,-0.18,11.7,0.01,2.33,0.27
8.39,-25.04,6.7,-0.88,8.6,-0.17,-0.01,0.34,1.58,-0.06,12.44,-0.01,2.53,0.31
8.4,-27.34,7.9,0.08,8.84,-0.06,-0.15,0.56,1.42,0.54,13.16,-0.06,2.72,0.35
8.41,-30.38,8,0.89,9.78,0.11,-0.28,0.66,0.74,1.61,14.31,-0.17,2.94,0.48
8.42,-32.93,7.97,1.96,11.12,0.43,-0.48,0.8,-0.02,2.7,14.9,-0.27,3.06,0.61
8.44,-36.53,7.83,3.91,12.3,0.95,-0.68,0.94,-1.51,3.63,16.3,-0.47,3.17,0.74
8.45,-39.08,6.57,4.16,12.44,1.09,-0.71,0.67,-1.49,2.75,16.65,-0.52,3.25,0.75
8.46,-40.87,4.15,2.59,12.05,1.13,-0.71,0.06,-1.62,1.8,15.46,-0.49,3.26,0.6
8.48,-43.17,0.52,-0.39,11.76,1.01,-0.85,-0.64,-2.97,0.43,12.46,-0.48,3.05,0.4
8.49,-44.09,-0.99,-1.71,12.77,0.91,-1.1,-0.81,-3.37,-1.1,11,-0.48,2.75,0.02
8.51,-44.94,-0.8,-2.11,13.7,0.89,-1.38,-0.71,-3.78,-2.51,9.92,-0.41,2.49,-0.29
8.52,-46.11,-0.15,-2.29,14.12,0.86,-1.55,-0.58,-4.64,-3.28,8.8,-0.31,2.08,-0.67
8.53,-47.67,0.64,-2.2,14.3,0.75,-1.71,-0.43,-5.86,-3.74,7.92,-0.21,1.7,-0.86
8.54,-49.7,0.89,-1.62,14.29,0.66,-1.73,-0.39,-7.91,-4.82,7.21,0.02,1.27,-0.98
8.56,-52.33,0.51,-0.86,14.33,0.51,-1.7,-0.4,-9.47,-5.15,6.41,0.17,1.06,-0.9
8.57,-55.27,-0.31,-0.64,14.33,0.36,-1.69,-0.43,-10.49,-4.81,5.12,0.22,0.53,-0.4
8.59,-56.87,-1.34,-0.92,14.14,0.26,-1.7,-0.46,-10.53,-4.11,4.23,0.27,-0.03,0.09
8.6,-58.11,-2.4,-1.07,13.69,0.2,-1.71,-0.41,-10.34,-3.57,3.64,0.35,-0.54,0.4
8.61,-58.94,-3.79,-1.43,12.6,0.11,-1.84,-0.24,-9.32,-2.29,2.24,0.69,-1.6,0.61
8.64,-59.19,-3.95,-1.15,11.5,0.06,-1.92,-0.16,-8.74,-2.03,1.72,0.84,-1.97,0.53
8.65,-58.79,-3.63,-0.91,10.65,0.01,-1.96,-0.18,-8.01,-2.21,1.42,1.01,-2.53,0.32
8.66,-58.41,-3.42,-0.82,9.85,-0.05,-1.97,-0.29,-7.5,-2.31,1.28,1.12,-2.92,0.22
8.67,-57.72,-3.3,-0.89,9.06,-0.09,-1.98,-0.41,-6.99,-2.06,1.09,1.19,-3.33,0.25
8.69,-56.63,-3.15,-1,8.21,-0.13,-1.97,-0.56,-6.52,-1.28,0.88,1.21,-3.63,0.34
8.7,-55.64,-3.02,-0.94,7.8,-0.17,-1.92,-0.68,-6.34,-0.7,0.96,1.21,-3.93,0.31
8.71,-53.91,-3.14,-0.86,7.4,-0.22,-1.8,-0.81,-6.36,-0.31,1.26,1.23,-4.29,0.07
8.73,-52.33,-3.37,-0.73,7.21,-0.24,-1.7,-0.9,-6.23,-0.17,1.44,1.25,-4.49,-0.13
8.74,-50.06,-3.65,-0.48,6.99,-0.23,-1.54,-1.03,-5.97,0.1,1.63,1.23,-4.73,-0.35
8.75,-47.32,-3.94,-0.16,6.79,-0.22,-1.36,-1.11,-5.76,0.43,2.04,1.17,-4.96,-0.55
8.76,-43.1,-4.2,0.11,6.52,-0.27,-1.09,-1.15,-5.86,0.65,2.92,1.11,-5.26,-0.77
8.78,-39.68,-4.28,0.04,6.58,-0.33,-0.85,-1.07,-6.51,0.4,4.13,1.11,-5.58,-1
8.79,-34.77,-4,-0.32,7.15,-0.38,-0.48,-0.72,-7.24,-0.36,5.86,1.15,-5.72,-1.03
8.8,-29.15,-3.66,-0.77,7.9,-0.35,-0.05,-0.2,-8.37,-1.29,7.89,1.22,-5.87,-0.6
8.82,-24.19,-3.32,-0.57,8.67,-0.16,0.3,0.18,-8.44,-2.21,8.82,1.23,-5.93,-0.12
8.83,-20.1,-2.67,0.07,9.13,0.11,0.44,0.37,-6.42,-2.4,8.83,1.17,-5.96,0.67
8.84,-16.6,-0.46,2.01,9.15,0.52,0.38,0.53,-3.36,-1.29,8.54,0.83,-5.74,1.52
8.85,-11.7,4.68,5.53,8.46,0.38,0.1,0.69,-0.69,-0.05,9.13,0.11,-5.34,1.9
8.87,-8.35,9.35,2.51,7.29,-0.61,-0.26,1.17,-0.3,-2.78,10.47,-0.49,-3.92,2.18
8.89,-9.73,13.77,-2.41,6.44,-1.25,-0.38,1.73,1.89,-4.71,10.08,-0.44,-3,2.49
8.9,-11.19,15.9,-4.29,7.47,-1.26,-0.36,1.93,5.05,-4.46,10.18,-0.48,-1.75,2.9
8.92,-11.03,14.19,-4.26,8.65,-0.86,-0.25,1.65,7.61,-2.44,11.99,-0.62,-0.84,2.77
8.93,-11.85,9.22,-3.08,9.02,-0.3,0.01,0.88,7.09,-0.36,11.9,-0.66,-0.2,1.97
8.94,-11.44,5.93,-1.74,8.26,0.01,0.29,0.27,5.16,0.89,9.57,-0.68,0.31,-0.1
8.96,-11.42,4.48,-0.57,7.78,0.06,0.49,0,3.33,0.59,8.68,-0.59,0.58,-1.07
8.97,-11.5,3.43,0.79,9.02,0.09,0.68,-0.32,1.32,1.25,9.18,-0.51,0.75,-1.42
8.98,-11.02,2.47,2.84,12.67,0.16,0.93,-0.68,2.09,1.17,12.08,-0.66,0.93,-1.16
9,-10.49,4.38,3.79,15.1,-0.17,0.91,-0.67,2.81,2.24,14.41,-0.79,1.21,-1.1
9.01,-11.12,5.51,0.98,16.66,-0.49,0.74,-0.5,0.89,3.31,16.84,-0.87,1.58,-1.44
9.03,-12.34,4.35,-0.63,16.18,-0.34,0.66,-0.62,-1.77,1.37,17.07,-0.64,1.72,-1.68
9.04,-13.14,1.88,-1.5,14.19,-0.01,0.63,-0.97,-4.03,-0.52,15.56,-0.19,1.79,-1.46
9.05,-14.75,-1.58,-1.62,11.57,0.39,0.63,-1.03,-5.17,-0.73,10.92,0.18,1.8,-0.82
9.07,-15.69,-2.44,-0.75,9.78,0.49,0.59,-0.62,-3.9,-1.3,8.47,-0.19,1.77,-0.43
9.08,-16.37,-1.93,-0.39,8.41,0.36,0.61,-0.17,-2.16,-2.55,8.74,-0.15,1.69,-0.03
9.1,-16.08,-1.38,-0.77,7.97,0.15,0.68,0.14,-1.78,-3.38,9.24,0.06,1.47,0.09
9.11,-16.02,-0.42,-0.97,8.18,-0.17,0.85,0.63,-2.52,-3.45,8.93,0.01,1.39,0.18
9.12,-16.29,0.07,-0.79,8.68,-0.3,0.9,0.85,-2.48,-2.21,9.14,0.01,1.34,0.41
9.14,-16.13,0.08,-0.61,9.64,-0.41,0.89,0.96,-1.23,-1.44,9.51,0.05,1.28,0.61
9.15,-15.92,0.3,-0.57,10.21,-0.39,0.83,0.95,-1.06,-0.62,9.74,0.04,1.23,0.57
9.16,-16.05,0.82,-0.43,10.52,-0.31,0.76,0.96,-1.48,-0.28,10.1,0.05,1.2,0.56
9.17,-16.12,1.15,-0.55,10.6,-0.22,0.71,0.96,-1.48,-0.37,10.17,0.1,1.19,0.55
9.18,-16.5,1.12,-0.79,10.47,-0.1,0.68,0.89,-1.74,-0.37,9.92,0.07,1.17,0.53
9.2,-16.72,1.09,-0.99,10.15,-0.02,0.68,0.77,-2.19,-0.92,9.84,0.08,1.14,0.51
9.21,-17.16,1.22,-1.07,9.91,0.02,0.7,0.63,-2.24,-1.13,9.61,0.05,1.1,0.5
9.22,-17.58,1.21,-1.14,9.79,0.05,0.72,0.47,-2.27,-1.34,9.58,0.04,1.04,0.47
9.24,-18.16,1.22,-1.01,9.54,0.04,0.78,0.25,-2.05,-1.47,9.58,0.04,1,0.38
9.27,-18.34,1.5,-0.77,9.4,-0.02,0.85,0,-1.43,-0.99,9.49,0.05,0.92,0.29
9.28,-18.36,1.68,-0.65,9.34,-0.05,0.86,-0.09,-1.27,-0.88,9.5,0.06,0.9,0.24
9.29,-18.35,1.96,-0.6,9.28,-0.08,0.87,-0.2,-1.02,-0.7,9.51,0.07,0.89,0.15
9.3,-18.37,2.25,-0.54,9.23,-0.1,0.87,-0.32,-0.79,-0.52,9.47,0.07,0.89,0.03
9.32,-18.37,2.43,-0.58,9.14,-0.14,0.86,-0.51,-0.65,-0.49,9.5,0.08,0.9,-0.05
9.33,-18.48,2.48,-0.67,9.13,-0.15,0.85,-0.59,-0.5,-0.54,9.58,0.09,0.93,-0.11
9.34,-18.29,2.47,-0.8,9.13,-0.17,0.84,-0.66,-0.29,-0.71,9.7,0.11,1,-0.23
9.36,-18.46,2.57,-1.12,9.29,-0.24,0.75,-0.74,0.05,-1.04,9.97,0.14,1.05,-0.29
9.38,-18.6,2.63,-1.06,9.46,-0.27,0.68,-0.67,0.1,-1.14,10.12,0.16,1.1,-0.33
9.39,-18.77,2.96,-0.82,9.53,-0.28,0.61,-0.58,0.21,-0.97,10.29,0.17,1.19,-0.33
9.4,-19.2,3.58,-0.47,9.64,-0.28,0.52,-0.43,0.58,-0.58,10.6,0.16,1.29,-0.28
9.41,-19.65,4.39,-0.14,9.63,-0.26,0.43,-0.31,1.1,-0.17,10.89,0.14,1.41,-0.23
9.43,-20.54,5.48,0.25,9.33,-0.23,0.32,-0.2,1.88,0.34,11.23,0.12,1.56,-0.18
9.44,-21.46,6.62,0.62,8.8,-0.21,0.2,-0.12,2.77,0.72,11.51,0.1,1.75,-0.15
9.45,-22.83,7.9,0.94,8.18,-0.16,0.03,-0.05,3.45,0.93,11.73,0.08,1.96,-0.15
9.47,-25.06,8.97,1.18,7.8,-0.05,-0.15,-0.08,3.64,0.98,12.09,0.07,2.24,-0.14
9.48,-27.23,9.4,1.31,7.78,0.04,-0.26,-0.13,3.33,0.97,12.84,0,2.52,-0.1
9.5,-31.1,9.93,1.91,8.7,0.33,-0.52,-0.35,2.51,1.08,13.86,-0.09,2.73,-0.03
9.51,-34.44,9.38,2,9.34,0.48,-0.62,-0.6,1.7,0.91,14.85,-0.13,2.87,-0.03
9.53,-36.76,7.86,1.78,10.12,0.56,-0.66,-0.93,1.16,0.65,14.89,-0.16,2.96,-0.07
9.54,-39.04,5.05,0.75,10.89,0.54,-0.72,-1.47,0.73,0.37,13.85,-0.19,2.93,-0.33
9.55,-40.18,3.76,-0.71,11.24,0.48,-0.79,-1.92,0.04,0.15,12.73,-0.22,2.85,-0.71
9.57,-42.23,1.43,-4.33,11.61,0.31,-0.87,-2.31,-2.67,-2.15,10.22,-0.1,2.64,-1.46
9.58,-45.26,-0.55,-6.24,12.04,0.08,-1.07,-1.97,-5.14,-6.44,7.76,0.24,2.32,-2.24
9.61,-46.53,-0.54,-6.43,12.64,-0.1,-1.09,-1.61,-5.28,-7.76,7.12,0.45,1.89,-2.32
9.63,-49.56,0.25,-6.26,12.58,-0.25,-1.06,-1.38,-6.97,-7.5,5.46,1.2,1.47,-2.13
9.65,-51.55,0.58,-5.72,12.35,-0.27,-1.05,-1.44,-7.76,-7.21,4.74,1.41,1.12,-1.96
9.66,-54.49,0.31,-5.17,11.99,-0.31,-1,-1.64,-8.31,-6.33,3.84,1.68,0.65,-1.7
9.68,-56.23,-0.84,-4.95,11.58,-0.38,-0.97,-1.83,-7.95,-5.6,3.38,1.92,0.2,-1.53
9.69,-57.5,-2.15,-4.81,11.14,-0.48,-0.98,-1.91,-7.31,-5.06,3.09,2.23,-0.45,-1.52
9.72,-57.34,-2.58,-4.3,10.58,-0.58,-0.99,-1.94,-6.81,-4.99,3.15,2.45,-0.91,-1.59
9.73,-55.62,-2.36,-3.36,9.87,-0.78,-0.96,-2.22,-6.16,-5.02,3.5,2.79,-1.59,-1.73
9.75,-54.72,-2.39,-3.18,9.6,-0.88,-0.94,-2.41,-6.08,-4.95,3.71,2.92,-1.84,-1.85
9.76,-52.93,-2.65,-3.05,9.19,-1.01,-0.91,-2.75,-5.96,-4.37,3.84,3.06,-2.18,-2.1
9.77,-51.36,-2.87,-2.93,9.07,-1.09,-0.88,-2.98,-5.69,-3.54,3.92,3.13,-2.5,-2.48
9.78,-48.47,-3.15,-2.59,9.12,-1.19,-0.81,-3.38,-5.09,-2.88,4.3,3.23,-2.83,-3.08
9.8,-45.62,-3.32,-2.18,9.29,-1.2,-0.71,-3.68,-4.57,-2.55,4.95,3.32,-3.04,-3.59
9.82,-42.27,-3.36,-1.46,9.42,-1.15,-0.59,-3.91,-4.06,-2.45,5.87,3.43,-3.22,-4.18
9.83,-38.18,-3.14,-0.3,9.59,-1.05,-0.42,-4.14,-3.66,-2.42,7.27,3.57,-3.34,-4.95
9.84,-33.35,-2.58,0.86,9.8,-0.97,-0.19,-4.4,-3.43,-3.07,8.8,3.69,-3.36,-5.71
9.85,-29.81,-1.96,1.98,9.87,-0.83,-0.07,-4.66,-3.35,-3.59,9.87,3.76,-3.31,-6.13
9.86,-25.35,-0.99,4.03,9.83,-0.61,-0.08,-5.11,-3.2,-3.89,11.44,3.84,-3.15,-6.66
9.88,-22.6,1,5.83,9.68,-0.41,-0.18,-5.46,-3.86,-3.46,12.1,3.77,-2.92,-6.74
9.89,-21.35,3.68,6.56,9.3,-0.44,-0.22,-5.61,-5.32,-2.6,11.82,3.55,-2.71,-6.63
9.91,-22.5,7.93,5.97,9.04,-0.75,-0.22,-5.13,-9.67,-4.39,9.55,2.47,-2.27,-5.63
9.93,-25.9,8.89,3.82,8.25,-1.26,-0.17,-4.38,-12.01,-5.86,7.65,1.41,-1.57,-3.74
9.94,-29.68,6.57,-0.14,9.41,-1.48,-0.17,-3.6,-13.44,-6.32,7.36,0.85,-1.05,-2.63
9.95,-31.82,3.73,-1.95,10.36,-1.32,-0.15,-3.08,-13.99,-6.49,7.31,0.22,-0.34,-1.24
9.96,-33.99,-1.25,-3.39,10.83,-1.03,-0.07,-2.05,-9.91,-4.65,7.6,-0.14,0.12,-0.12
9.97,-32.55,-6.92,-4.86,10.5,-0.47,0.1,-0.85,-3.22,-1.53,8.79,-0.45,0.23,0.97
9.99,-29.41,-5.62,-4.03,10.03,-0.01,0.05,-0.17,-0.26,-1.37,10.63,-0.58,0.25,0.94
10,-27.29,-1.01,-0.79,9.63,0.41,-0.02,0.4,-0.3,-0.87,11.21,-0.46,0.34,0.29
10.01,-26.64,1.4,0.65,9.56,0.4,-0.05,0.58,-0.86,-0.62,11.01,-0.45,0.37,0.02
10.02,-26.82,4.22,2.13,9.73,0.2,-0.03,0.72,-1.83,-0.7,10.65,-0.46,0.43,-0.3
10.03,-28.22,5.22,1.96,9.53,-0.3,0.07,0.52,-3.25,-0.73,10.03,-0.43,0.45,-0.49
10.03,-28.22,5.22,1.96,9.53,-0.3,0.07,0.52,-3.25,-0.73,10.03,-0.43,0.45,-0.49
10.06,-29.1,3.66,0.7,9.75,-0.59,0.14,0.21,-3.62,-0.76,9.85,-0.41,0.45,-0.55
10.08,-30.07,3.09,-0.04,10.31,-0.68,0.13,-0.22,-3.87,-0.67,9.89,-0.47,0.39,-0.44
10.09,-30.87,3.42,-0.19,10.36,-0.68,0.15,-0.5,-3.41,-0.52,10.31,-0.45,0.37,-0.41
10.12,-31.2,3.39,-0.49,10.31,-0.66,0.18,-0.64,-2.89,-0.39,10.45,-0.4,0.37,-0.42
10.14,-31.37,3.27,-0.42,10.13,-0.65,0.23,-0.81,-2.54,-0.33,10.4,-0.36,0.36,-0.48
10.15,-31.43,3.11,-0.13,9.83,-0.71,0.26,-1.01,-2.39,-0.44,10.35,-0.32,0.35,-0.56
10.16,-31.5,2.9,-0.19,9.59,-0.83,0.28,-1.13,-2.41,-0.63,10.26,-0.28,0.35,-0.63
10.18,-31.26,2.21,-0.74,9.79,-0.99,0.34,-1.31,-2.84,-0.99,9.81,-0.2,0.32,-0.77
10.19,-31.02,1.79,-0.75,10.06,-1.01,0.39,-1.3,-3.16,-1,9.62,-0.18,0.3,-0.8
10.21,-30.67,1.46,-0.48,10.29,-0.97,0.44,-1.25,-3.52,-0.78,9.46,-0.16,0.26,-0.79
10.22,-30.63,1.43,-0.42,10.32,-0.97,0.45,-1.24,-3.64,-0.69,9.45,-0.15,0.24,-0.77
10.24,-30.1,1.31,-0.39,10.3,-0.88,0.46,-1.13,-3.87,-0.36,9.55,-0.14,0.19,-0.67
10.26,-30.14,1.31,-0.39,10.3,-0.88,0.46,-1.13,-3.84,-0.31,9.58,-0.13,0.18,-0.65
10.27,-29.83,1.32,-0.45,10.23,-0.83,0.45,-1.08,-3.84,-0.31,9.58,-0.13,0.18,-0.63
10.29,-29.64,1.45,-0.59,10.14,-0.79,0.45,-1.03,-3.63,-0.19,9.71,-0.12,0.16,-0.56
10.3,-29.3,1.72,-0.75,9.96,-0.73,0.43,-0.97,-3.39,-0.19,9.76,-0.11,0.15,-0.51
10.32,-28.95,2.16,-0.81,9.81,-0.69,0.41,-0.96,-2.88,-0.39,9.74,-0.08,0.14,-0.48
10.34,-28.73,2.41,-0.75,9.77,-0.67,0.4,-0.98,-2.59,-0.52,9.74,-0.07,0.14,-0.5
10.36,-28.49,2.52,-0.67,9.74,-0.67,0.39,-1.01,-2.48,-0.59,9.77,-0.05,0.14,-0.51
10.37,-28.4,2.58,-0.61,9.71,-0.67,0.38,-1.04,-2.47,-0.6,9.78,-0.04,0.14,-0.51
10.38,-28.29,2.67,-0.57,9.69,-0.67,0.36,-1.12,-2.5,-0.53,9.77,-0.01,0.14,-0.51
10.4,-28.08,2.65,-0.61,9.68,-0.67,0.36,-1.14,-2.36,-0.39,9.77,0.01,0.14,-0.5
10.42,-27.83,2.51,-0.66,9.64,-0.64,0.35,-1.19,-2.12,-0.18,9.7,0.04,0.17,-0.52
10.43,-27.19,2.31,-0.65,9.62,-0.61,0.37,-1.23,-2.06,-0.2,9.68,0.07,0.21,-0.59
10.45,-26.81,2.05,-0.75,9.59,-0.6,0.37,-1.27,-2.25,-0.29,9.58,0.1,0.23,-0.64
10.46,-26.54,1.73,-0.91,9.59,-0.59,0.36,-1.27,-2.55,-0.43,9.36,0.11,0.26,-0.65
10.48,-26.33,1.5,-1.04,9.57,-0.56,0.37,-1.23,-2.83,-0.5,9.3,0.11,0.28,-0.64
10.5,-25.9,1.46,-0.93,9.79,-0.5,0.36,-1.07,-2.77,-0.34,9.55,0.13,0.29,-0.58
10.51,-25.71,1.73,-0.8,9.91,-0.46,0.35,-0.99,-2.71,-0.26,9.69,0.13,0.3,-0.57
10.52,-25.63,1.78,-0.77,9.95,-0.44,0.34,-0.96,-2.73,-0.25,9.82,0.14,0.32,-0.55
10.54,-25.6,1.94,-0.74,9.95,-0.41,0.3,-0.96,-2.73,-0.28,9.94,0.16,0.35,-0.54
10.56,-25.64,1.92,-0.94,10.05,-0.37,0.27,-0.99,-2.78,-0.33,9.94,0.19,0.37,-0.55
10.57,-25.7,1.78,-1.14,10.1,-0.34,0.25,-1,-2.88,-0.4,9.88,0.21,0.39,-0.58
10.58,-25.8,1.66,-1.37,10.13,-0.27,0.22,-0.98,-2.78,-0.38,9.84,0.26,0.42,-0.6
10.6,-25.8,1.7,-1.43,10.02,-0.22,0.2,-0.95,-2.48,-0.36,9.94,0.29,0.44,-0.63
10.61,-25.77,2,-1.42,9.86,-0.16,0.19,-0.91,-1.97,-0.3,10.23,0.32,0.56,-0.74
10.64,-26.42,4.41,-0.51,9.43,-0.01,0.02,-0.85,-0.18,-0.33,11.65,0.31,0.75,-0.72
10.66,-26.39,4.84,-0.4,9.37,0,-0.02,-0.86,0.16,-0.36,12.01,0.28,0.84,-0.71
10.67,-27.43,5.84,-0.08,9.28,0.03,-0.16,-0.93,0.67,-0.6,12.56,0.25,1.05,-0.77
10.68,-29.11,6.69,0.08,9.36,0.04,-0.38,-1.09,0.83,-0.97,12.75,0.25,1.3,-0.99
10.7,-31.56,6.52,-0.35,9.43,-0.07,-0.61,-1.49,-0.09,-1.28,11.82,0.35,1.46,-1.34
10.73,-31.63,6.52,-0.35,9.43,-0.07,-0.61,-1.49,-0.77,-1.64,11.01,0.44,1.48,-1.57
10.74,-34,5.54,-1.39,9.67,-0.2,-0.72,-1.98,-2.3,-2.12,9.01,0.65,1.43,-2.06
10.75,-36.86,3.73,-2.52,9.79,-0.32,-0.76,-2.46,-4.13,-2.84,7.54,0.87,1.29,-2.48
10.77,-38.69,2.49,-3.2,9.91,-0.39,-0.77,-2.67,-4.57,-3.16,6.78,1.04,1.16,-2.68
10.78,-39.47,1.33,-3.85,10.07,-0.47,-0.78,-2.82,-4.44,-3.24,6.55,1.13,1.06,-2.81
10.8,-40.39,-0.21,-4.77,10.39,-0.55,-0.74,-2.9,-3.32,-2.93,6.12,1.44,0.68,-3.25
10.81,-40.57,-0.84,-5.03,10.47,-0.58,-0.72,-2.88,-2.63,-2.7,5.98,1.63,0.39,-3.67
10.82,-40.22,-1.26,-5.2,10.54,-0.59,-0.72,-2.86,-2.24,-2.8,5.92,1.75,0.18,-4.11
10.84,-39.03,-1.7,-5.23,10.62,-0.58,-0.7,-2.81,-2.13,-3.37,6.04,1.9,-0.15,-4.83
10.85,-38.07,-1.74,-5.11,10.61,-0.58,-0.69,-2.76,-2.65,-3.98,6.21,1.96,-0.26,-5.03
10.87,-36.72,-1.28,-4.62,10.7,-0.58,-0.63,-2.64,-3.82,-4.4,6.34,2.07,-0.5,-5.19
10.9,-36.31,-0.91,-3.87,10.76,-0.57,-0.53,-2.62,-6.54,-5.05,6.78,2.23,-0.82,-5.1
10.91,-35.1,-0.95,-2.49,10.67,-0.57,-0.38,-2.7,-8.46,-5.63,7.25,2.34,-0.99,-4.86
10.93,-35.05,-1.05,-1.81,10.59,-0.58,-0.31,-2.74,-9.19,-5.77,7.32,2.39,-1.11,-4.64
10.93,-34.79,-1.24,-1.28,10.46,-0.62,-0.26,-2.77,-9.44,-5.76,7.29,2.42,-1.16,-4.51
10.93,-34.79,-1.24,-1.28,10.46,-0.62,-0.26,-2.77,-9.44,-5.76,7.29,2.42,-1.16,-4.51
10.93,-34.79,-1.24,-1.28,10.46,-0.62,-0.26,-2.77,-9.44,-5.76,7.29,2.42,-1.16,-4.51
10.98,-34,-2.37,0.17,9.91,-0.77,-0.12,-3.01,-9.61,-4.58,6.67,2.47,-1.43,-3.82
10.99,-33.83,-2.56,0.4,9.8,-0.82,-0.09,-3.11,-9.49,-4.21,6.54,2.47,-1.48,-3.69
11,-31.53,-2.69,1.91,9.71,-0.89,0.06,-3.52,-9.02,-2.97,6.18,2.42,-1.62,-3.4
11.01,-30.71,-1.85,3.33,9.72,-0.87,0.19,-3.83,-8.04,-0.76,5.66,2.29,-1.83,-3.22
11.04,-28.36,1.65,3.91,8.32,-1.01,0.4,-2.88,-5.53,-1.39,8.6,1.68,-1.95,-3.29
11.05,-28.23,5.07,2.41,9.02,-0.89,0.41,-2.14,-8.35,-1.55,9.17,0.98,-1.18,-2.57
11.06,-32.22,-1.64,-0.12,10.05,-0.62,0.52,-1.73,-12.52,-1.76,7.43,0.26,-0.18,-0.09
11.08,-29.55,-5.82,-1.04,10.32,-0.46,0.61,-1.09,-0.72,0.02,10.51,-0.15,-0.16,0.72
11.09,-23.36,5.58,0.81,10.39,0.37,0.51,0.97,0.6,0.34,10.91,-0.05,0.04,0.11
11.1,-24.03,6.75,1.47,8.92,0.1,0.37,-0.06,-0.66,-0.84,10.11,-0.05,0.15,-0.44
11.12,-25.41,4.45,-0.47,9.26,-0.27,0.36,-0.67,-1.45,-1.12,9.99,-0.09,0.19,-0.49
11.13,-26.26,3.23,-0.9,9.71,-0.34,0.42,-0.76,-2.29,-1.31,10.27,-0.07,0.24,-0.46
11.14,-26.34,2.4,-1.15,9.96,-0.33,0.45,-0.7,-2.52,-1.25,10.12,-0.05,0.28,-0.4
11.15,-25.78,1.33,-1.49,9.99,-0.26,0.47,-0.49,-2.52,-1.39,9.89,-0.05,0.32,-0.31
11.18,-25.32,1.1,-1.45,10.11,-0.23,0.47,-0.36,-2.83,-1.63,9.76,-0.02,0.34,-0.31
11.19,-25.03,1.11,-1.4,10.16,-0.22,0.49,-0.29,-3.08,-1.61,9.58,0,0.31,-0.33
11.21,-24.75,1.13,-1.2,10.07,-0.23,0.54,-0.3,-3.28,-1.46,9.5,0.02,0.29,-0.34
11.22,-24.65,1.18,-1.06,10.08,-0.24,0.56,-0.31,-3.46,-1,9.68,0.03,0.28,-0.35
11.23,-24.56,1.22,-0.9,10.16,-0.26,0.59,-0.32,-3.64,-0.7,9.83,0.05,0.27,-0.37
11.24,-24.35,1.03,-0.41,10.43,-0.25,0.66,-0.34,-3.83,-0.24,9.61,0.09,0.28,-0.31
11.26,-23.96,0.64,-0.15,10.35,-0.22,0.73,-0.35,-3.69,-0.34,9.46,0.07,0.27,-0.28
11.28,-23.51,0.53,-0.21,10.19,-0.2,0.76,-0.36,-3.63,-0.45,9.43,0.07,0.26,-0.28
11.29,-23.29,0.51,-0.27,10.11,-0.2,0.78,-0.39,-3.76,-0.7,9.5,0.07,0.25,-0.29
11.3,-22.99,0.43,-0.44,10.13,-0.2,0.81,-0.43,-3.84,-0.71,9.49,0.07,0.21,-0.29
11.34,-21.56,-0.04,-0.69,10.41,-0.17,0.89,-0.49,-4.13,-0.69,9.61,0.06,0.19,-0.29
11.35,-20.9,-0.38,-0.83,10.58,-0.14,0.92,-0.49,-4.22,-0.67,9.79,0.07,0.17,-0.26
11.37,-19.94,-0.77,-1.16,10.77,-0.07,0.94,-0.36,-4.02,-0.65,9.92,0.08,0.16,-0.18
11.38,-19.28,-0.47,-1.14,10.64,0.01,0.95,-0.23,-3.62,-0.57,9.93,0.07,0.17,-0.11
11.39,-18.56,0.39,-0.93,10.33,0.11,0.95,-0.03,-2.64,-0.49,9.97,0.06,0.23,0.01
11.41,-17.38,2.01,-0.57,9.56,0.2,0.91,0.24,-0.46,-0.54,10.11,0.07,0.33,0.08
11.42,-16.71,3.92,-0.35,8.88,0.18,0.85,0.37,1.42,-0.64,10.22,0.1,0.52,0.03
11.45,-17.4,5.42,-0.76,9.19,-0.02,0.74,0.18,1.45,-0.91,11.11,0.23,1.03,-0.13
11.47,-18.14,4.44,-1.17,10.25,-0.11,0.69,-0.11,0.64,-0.86,11.68,0.32,1.37,-0.31
11.48,-18.87,3.34,-1.42,11.12,-0.12,0.59,-0.35,0.06,-0.77,11.92,0.35,1.37,-0.31
11.5,-19.41,2.84,-1.28,11.36,-0.07,0.45,-0.46,-0.36,-0.58,12.17,0.4,1.51,-0.34
11.51,-19.72,2.83,-1.16,11.36,-0.04,0.37,-0.48,-0.42,-0.44,12.24,0.41,1.6,-0.32
11.53,-20.45,3.11,-0.85,11.17,0.02,0.18,-0.49,-0.33,-0.26,12.28,0.41,1.68,-0.29
11.53,-21.12,3.48,-0.61,10.92,0.06,0.02,-0.47,-0.22,-0.09,12.3,0.4,1.74,-0.23
11.55,-22.28,4.03,-0.24,10.55,0.14,-0.19,-0.42,-0.06,0.21,12.37,0.37,1.83,-0.19
11.56,-23.77,4.63,0.19,10.31,0.23,-0.41,-0.35,0.21,0.76,12.62,0.29,1.99,-0.03
11.58,-26.92,5.37,1.32,10.56,0.4,-0.81,-0.16,0.43,1.34,13.15,0.1,2.23,0.22
11.59,-29.12,6.25,2.01,10.75,0.51,-0.97,0,0.09,1.05,13.65,-0.01,2.35,0.4
11.61,-32.91,6.74,2.74,10.54,0.6,-0.94,0.09,-0.75,0.34,13.6,-0.09,2.45,0.46
11.62,-35.3,4.6,2.34,10.29,0.53,-0.85,-0.17,-1.39,0.1,12.67,-0.11,2.46,0.36
11.63,-37.61,1.9,0.64,10.48,0.29,-0.89,-0.76,-2.45,-0.04,10.87,-0.21,2.36,0.06
11.65,-40.05,0.03,-0.79,11.36,0.1,-1.16,-1.38,-3.84,-0.61,9.52,-0.33,2.23,-0.22
11.66,-41.47,-0.66,-1.43,11.43,0,-1.37,-1.35,-4.32,-1.14,8.76,-0.35,1.99,-0.6
11.69,-43.08,-0.61,-1.65,11.58,-0.1,-1.51,-1.03,-5.2,-1.78,8.08,-0.28,1.74,-0.92
11.71,-45.88,-0.22,-1.68,11.97,-0.15,-1.5,-0.78,-6.63,-2.51,7.08,-0.07,1.53,-1
11.72,-46.79,-0.16,-1.61,12.19,-0.15,-1.45,-0.67,-7,-2.58,6.62,0.04,1.36,-0.96
11.74,-48.89,-0.28,-1.51,12.38,-0.13,-1.38,-0.62,-7.24,-2.6,6.06,0.13,1.13,-0.91
11.75,-50.89,-1.17,-1.57,12.27,-0.07,-1.42,-0.75,-7.1,-2.39,5.54,0.19,0.65,-0.84
11.76,-51.98,-1.84,-1.49,11.69,0,-1.57,-0.91,-6.95,-1.73,5.02,0.29,0.28,-0.88
11.78,-52.28,-2.06,-1.37,11.12,0.01,-1.74,-0.97,-6.94,-1.33,4.74,0.36,-0.02,-0.99
11.8,-52.71,-1.99,-1.25,10.89,-0.01,-1.84,-0.94,-6.96,-1.08,4.5,0.44,-0.31,-1.15
11.82,-53.21,-1.42,-1.06,10.45,-0.14,-2,-0.76,-7.18,-1.29,4.28,0.59,-0.87,-1.55
11.84,-53.7,-1.22,-0.91,10.05,-0.23,-2,-0.77,-7.49,-1.94,4.26,0.72,-1.29,-1.79
11.85,-53.92,-1.24,-0.83,9.31,-0.39,-1.88,-0.91,-8.26,-3.43,3.92,1.13,-2.11,-1.49
11.88,-53.36,-1.42,-0.65,8.89,-0.44,-1.72,-1.01,-8.32,-3.42,3.8,1.2,-2.33,-1.3
11.89,-52.57,-1.52,-0.45,8.64,-0.47,-1.53,-1.03,-8.33,-3.01,3.64,1.28,-2.69,-0.95
11.91,-51.18,-1.74,-0.3,8.57,-0.45,-1.32,-1.01,-8.16,-2.44,3.55,1.3,-3.04,-0.63
11.92,-50.17,-1.92,-0.16,8.42,-0.41,-1.2,-1,-8.12,-2.15,3.57,1.3,-3.24,-0.47
11.93,-48.36,-1.95,0.35,8.1,-0.28,-0.96,-0.97,-8.14,-1.98,3.62,1.3,-3.38,-0.32
11.94,-47.05,-1.87,0.5,8.05,-0.25,-0.82,-0.93,-8.24,-1.79,3.71,1.3,-3.58,-0.22
11.95,-44.56,-2.03,0.49,7.89,-0.23,-0.52,-0.76,-8.19,-1.56,3.83,1.3,-3.89,0.04
11.97,-41.6,-2.21,0.29,7.85,-0.21,-0.35,-0.51,-7.77,-1.22,3.92,1.26,-4.17,0.33
11.98,-37.54,-2.16,0.1,8.35,-0.2,-0.09,-0.02,-6.69,-0.48,4.14,1.09,-4.48,0.63
11.99,-34.92,-2.01,-0.22,8.82,-0.12,0.1,0.39,-6.02,-0.06,4.37,0.95,-4.61,0.73
12,-31.48,-0.93,0.27,8.93,0.14,0.21,0.96,-5.47,0.42,4.94,0.76,-4.78,0.74
12.02,-27.02,2.19,1.99,8.53,0.24,0.16,1.49,-5.05,0.7,6.63,0.46,-5.07,0.56
12.03,-24.6,6.6,3.11,8.05,-0.05,0,1.7,-5.02,0.3,8.03,0.33,-5.22,0.44
12.05,-23.55,8.04,2.77,7.76,-0.27,-0.05,1.73,-4.84,0.04,8.47,0.3,-5.25,0.44
12.06,-22.49,10.09,1.79,7.32,-0.64,-0.13,1.73,-3.74,-0.39,9.33,0.22,-5.22,0.55
12.07,-21.41,12.77,0.11,6.88,-1.13,-0.23,1.65,-1.81,-0.71,10.11,0.08,-5.01,0.81
12.08,-20.94,14.59,-2.29,7.37,-1.4,-0.28,1.49,0.02,-1.45,10.77,-0.07,-4.56,1.01
12.1,-19.21,12.29,-3.37,8.74,-0.88,-0.08,0.81,1.25,-1.63,11.05,-0.28,-3.56,1.35
12.11,-18.07,8.89,-3.01,9.07,-0.37,0.21,0.17,2.1,-2.41,10.61,-0.38,-2.87,1.48
12.12,-15.71,6.3,-2,8.66,-0.09,0.45,-0.25,4.49,-2.41,9.7,-0.33,-1.68,1.65
12.14,-13.62,4.38,-0.93,7.83,0.02,0.68,-0.68,5.64,-1.15,10.24,-0.4,-0.54,1.56
12.15,-12.41,3.34,-0.39,8,0.01,0.81,-0.89,5.38,-0.34,10.77,-0.47,-0.12,1.19
12.17,-10.87,2.72,-0.02,8.57,0,0.9,-1.01,3.97,0.57,9.67,-0.54,0.39,-0.15
12.18,-8.99,1.94,1.47,11.33,0,1.12,-1.19,2.35,0.19,8.47,-0.55,0.67,-1.32
12.19,-8.13,3.66,3.28,13.67,-0.08,1.04,-1.04,1.2,-0.09,9.13,-0.45,0.77,-1.57
12.21,-7.94,4.99,2.55,15.06,-0.28,0.87,-0.88,2.15,-0.06,11.05,-0.54,0.76,-1.41
12.22,-7.77,4.25,-0.74,15.36,-0.29,0.71,-0.66,2.81,1.65,13.14,-0.6,0.82,-0.84
12.23,-6.94,-0.6,-2.58,12.28,0.46,0.64,-0.42,1.18,2.14,15.04,-0.67,1.27,-1.06
12.26,-6.77,-2.58,-1.08,10.75,0.64,0.67,-0.1,-2.1,-0.93,14.26,-0.34,1.43,-1.06
12.27,-8.75,-3.07,0.19,9.55,0.51,0.7,0.25,-3.96,-2.08,11,0.01,1.46,-0.7
12.29,-10.09,-2.81,0.41,9.11,0.37,0.75,0.47,-3.9,-1.39,9.27,-0.17,1.38,-0.33
12.3,-10.66,-2.28,0.53,8.74,0.17,0.86,0.75,-3.32,-1.54,9.24,-0.32,1.23,-0.05
12.31,-11.32,-1.47,0.58,8.68,-0.04,0.97,1.03,-2.73,-1.64,9.35,-0.23,1.03,0.24
12.32,-11.65,-0.22,0.41,8.86,-0.24,1,1.28,-1.65,-1.84,9.09,-0.27,0.9,0.54
12.33,-11.46,1.67,-0.07,9.05,-0.43,0.95,1.45,-0.56,-1.56,9.24,-0.34,0.87,0.76
12.34,-11.49,2.59,-0.62,9.3,-0.49,0.92,1.41,0.71,-1.21,9.75,-0.37,0.88,0.81
12.36,-11.35,2.76,-0.93,9.49,-0.49,0.9,1.36,1.54,-1.25,10.12,-0.3,0.9,0.7
12.37,-11.02,2.63,-1.44,9.79,-0.38,0.84,1.26,2.09,-1.4,10.15,-0.13,0.9,0.6
12.39,-10.55,2.66,-1.75,9.62,-0.21,0.72,1.35,1.31,-1.92,9.52,-0.09,0.94,0.53
12.4,-10.74,3.02,-1.85,9.31,-0.1,0.67,1.4,1.02,-2.09,9.5,-0.1,0.97,0.57
12.41,-11,3.14,-1.81,9.21,-0.07,0.66,1.34,0.95,-2.12,9.53,-0.1,1,0.61
12.44,-11.52,2.7,-1.71,9.23,-0.02,0.67,1.05,0.83,-2.02,9.56,-0.06,1.01,0.62
12.45,-11.79,2.44,-1.61,9.39,0,0.65,0.76,0.49,-1.75,9.55,-0.04,1.02,0.55
12.47,-12.11,1.82,-1.25,9.43,0.01,0.63,0.31,-0.17,-1.62,9.55,-0.03,1.03,0.48
12.48,-12.47,1.21,-1.05,9.47,-0.03,0.61,0.01,-0.7,-1.61,9.52,-0.02,1.02,0.44
12.49,-12.85,0.49,-1,9.66,-0.07,0.61,-0.1,-1.48,-1.56,9.5,0.02,0.96,0.4
12.52,-13.35,-0.19,-0.88,9.88,-0.1,0.64,-0.09,-2.39,-1.41,9.48,0.02,0.9,0.4
12.54,-13.33,-0.53,-0.86,10.08,-0.12,0.68,-0.02,-2.78,-1.32,9.56,0.01,0.83,0.42
12.55,-13.56,-0.58,-0.84,10.15,-0.11,0.7,0,-2.91,-1.28,9.6,0.01,0.78,0.43
12.57,-13.75,-0.78,-0.87,10.28,-0.11,0.73,0.05,-3.1,-1.24,9.63,0,0.73,0.43
12.59,-13.5,-0.97,-0.88,10.31,-0.1,0.75,0.09,-3.12,-1.27,9.62,0,0.69,0.42
12.6,-13.31,-0.87,-0.86,10.25,-0.09,0.77,0.17,-2.93,-1.31,9.6,-0.02,0.65,0.43
12.61,-13.05,-0.47,-0.83,10.11,-0.08,0.79,0.23,-2.6,-1.28,9.6,-0.03,0.62,0.44
12.62,-13.22,-0.35,-0.82,10.06,-0.09,0.79,0.25,-2.12,-1.28,9.64,-0.04,0.61,0.44
12.63,-12.83,0.69,-0.79,9.77,-0.1,0.8,0.32,-1.5,-1.25,9.67,-0.04,0.61,0.43
12.64,-12.73,1.35,-0.81,9.61,-0.12,0.8,0.33,-0.96,-1.19,9.69,-0.04,0.61,0.41
12.66,-12.56,1.84,-0.87,9.54,-0.13,0.79,0.32,-0.28,-1.18,9.74,-0.04,0.64,0.35
12.67,-12.46,2.43,-1.03,9.48,-0.15,0.77,0.27,0.21,-1.23,9.78,-0.04,0.7,0.28
12.68,-12.63,2.74,-1.08,9.44,-0.15,0.75,0.2,0.36,-1.26,9.79,-0.04,0.76,0.23
12.69,-12.74,2.78,-1.05,9.44,-0.15,0.73,0.13,0.31,-1.27,9.8,-0.04,0.81,0.19
12.7,-12.8,2.68,-1.05,9.53,-0.16,0.71,0.06,0.07,-1.25,9.84,-0.04,0.87,0.15
12.71,-13.18,2.35,-1.01,9.74,-0.16,0.68,-0.03,-0.41,-1.05,9.93,-0.04,0.96,0.15
12.73,-13.59,1.93,-0.91,9.78,-0.15,0.64,-0.09,-0.55,-0.82,9.95,-0.02,1.04,0.17
12.74,-13.8,1.72,-0.86,9.75,-0.15,0.62,-0.09,-0.45,-0.74,9.99,-0.02,1.1,0.17
12.75,-14.07,1.66,-0.9,9.71,-0.18,0.58,-0.04,-0.19,-1,10.09,0.01,1.23,0.11
12.77,-14.54,1.78,-1.08,9.7,-0.21,0.53,0.11,-0.51,-1.34,10.19,0.02,1.32,0.07
12.78,-14.96,1.77,-1.22,9.74,-0.22,0.5,0.23,-0.76,-1.39,10.17,0.03,1.37,0.06
12.8,-15.84,1.86,-1.42,9.81,-0.21,0.45,0.35,-0.98,-1.41,10.14,0.03,1.51,0.1
12.82,-17.04,2.06,-1.48,9.87,-0.19,0.4,0.39,-1.19,-1.28,10.24,0.03,1.57,0.11
12.83,-18.31,2.1,-1.54,9.82,-0.16,0.37,0.36,-1.36,-1.2,10.46,0.05,1.68,0.1
12.85,-19.29,2.29,-1.67,9.8,-0.13,0.35,0.34,-1.4,-1.19,10.68,0.07,1.74,0.07
12.86,-20.58,2.63,-1.72,9.98,-0.11,0.33,0.33,-1.24,-1.23,11.09,0.09,1.83,0.02
12.88,-21.37,2.97,-1.69,10.18,-0.1,0.3,0.32,-0.86,-1.05,11.5,0.1,1.9,-0.05
12.89,-22.77,3.54,-1.52,10.59,-0.05,0.17,0.3,-0.28,-0.52,12.12,0.09,2.02,-0.11
12.9,-24.21,4.36,-0.85,10.81,0.09,-0.08,0.33,0.41,0.4,12.69,0.04,2.13,-0.1
12.91,-25.63,5.41,0.64,10.82,0.36,-0.44,0.46,1.11,1.65,13.29,-0.07,2.27,0.03
12.92,-27.87,6.5,2.23,10.71,0.61,-0.76,0.73,1.34,2,13.46,-0.11,2.31,0.07
12.94,-30.9,8.49,4.77,10.56,1.08,-1.12,1.27,1.12,4.09,14.67,-0.49,2.62,0.35
12.96,-35.29,8.04,5.33,10.34,1.29,-1.09,0.88,-0.62,3.65,14.36,-0.73,2.77,0.33
12.98,-37.79,5.53,3.35,10.21,1.26,-1.02,0.3,-1.92,2.65,13.81,-0.81,2.82,0.28
12.99,-40.57,3.38,1.28,10.51,1.17,-1.04,-0.2,-4.37,0.59,12.49,-0.78,2.85,0.2
13,-43.32,1.4,-0.39,11.82,1.01,-1.04,-0.66,-5.62,-1.09,11.16,-0.75,2.46,-0.11
13.02,-45.77,-0.92,-1.4,13.66,0.84,-1.19,-0.93,-5.36,-3.2,9.57,-0.74,1.94,-0.22
13.04,-47.46,-1.09,-1.89,13.48,0.65,-1.53,-0.58,-5.58,-3.6,7.91,-0.44,1.45,-0.37
13.05,-48.65,-0.51,-1.6,12.98,0.47,-1.72,-0.27,-6.22,-4.11,7.35,-0.26,1.27,-0.54
13.07,-50.23,-0.1,-1.12,13.05,0.29,-1.76,-0.16,-7.45,-4.91,6.66,0.08,1.04,-0.77
13.08,-51.1,-0.05,-0.96,13.23,0.2,-1.76,-0.15,-8.24,-5.11,6.1,0.28,0.87,-0.86
13.1,-53.39,-0.2,-1.06,13.69,-0.01,-1.71,-0.17,-9.27,-4.79,5.03,0.39,0.53,-0.79
13.11,-56.82,-1.76,-1.82,13.24,-0.04,-1.72,-0.27,-9.66,-4.14,3.71,0.5,-0.27,-0.38
13.13,-58.17,-2.92,-1.94,11.98,0.04,-1.79,-0.25,-8.94,-3.21,2.72,0.78,-1.06,-0.06
13.15,-58.46,-3.49,-1.68,10.93,0.1,-1.86,-0.19,-8.45,-2.92,2.21,0.93,-1.59,-0.03
13.16,-58.4,-3.44,-1.29,10.12,0.12,-1.9,-0.12,-7.78,-2.88,1.81,1.08,-2.08,-0.09
13.18,-57.52,-2.11,-0.53,8.36,-0.07,-1.88,-0.31,-6.43,-2.59,1.4,1.31,-2.99,-0.08
13.21,-56.74,-1.66,-0.36,7.83,-0.22,-1.79,-0.6,-6.1,-2.17,1.57,1.37,-3.34,-0.05
13.22,-55.62,-1.59,-0.32,7.67,-0.36,-1.66,-0.82,-6.14,-1.78,1.97,1.41,-3.66,-0.11
13.24,-53.63,-1.83,-0.35,7.6,-0.5,-1.47,-0.96,-6.41,-1.41,2.52,1.44,-3.95,-0.24
13.25,-52.48,-2.06,-0.36,7.62,-0.57,-1.33,-1.01,-6.56,-1.27,2.86,1.44,-4.11,-0.32
13.27,-49.3,-2.39,-0.3,7.62,-0.62,-1.06,-1.11,-6.77,-1,3.44,1.4,-4.37,-0.38
13.28,-46.55,-2.37,-0.22,7.49,-0.62,-0.92,-1.13,-6.8,-0.83,4.08,1.33,-4.59,-0.37
13.29,-42.58,-2.3,-0.55,7.57,-0.6,-0.62,-0.98,-6.73,-0.8,5.23,1.24,-4.87,-0.26
13.31,-38.11,-2.16,-0.91,7.98,-0.54,-0.4,-0.73,-6.59,-0.94,6.61,1.15,-4.98,-0.12
13.32,-34.29,-2.15,-1.18,8.35,-0.43,-0.17,-0.43,-6.55,-0.89,7.58,1.06,-5.06,0.09
13.33,-30.95,-2.09,-1.25,8.79,-0.27,0.06,-0.06,-6.33,-0.95,8.51,0.95,-5.16,0.41
13.34,-25.81,-1.47,-0.49,9.28,-0.03,0.29,0.41,-5.3,-1.74,9.32,0.87,-5.28,0.88
13.36,-19.96,0.94,1.47,9.24,0.24,0.35,0.89,-2.7,-1.47,9.23,0.66,-5.24,1.47
13.38,-16.48,3.38,3.22,8.62,0.27,0.26,1.1,-1.21,-0.51,9.08,0.37,-5.06,1.8
13.39,-14.14,6.23,4.38,7.95,0.07,0.07,1.15,0.41,0.32,9.11,-0.18,-4.69,1.99
13.41,-12.14,9.33,2.56,7.35,-0.57,-0.19,1.21,1.47,-1.16,9.84,-0.57,-3.31,1.98
13.43,-11.87,13.5,-2.7,6.99,-1.38,-0.39,1.48,4.99,-3.65,10.48,-0.56,-2.29,2.18
13.44,-11.36,13.71,-3.21,7.61,-1.39,-0.43,1.43,6.21,-3.2,10.49,-0.5,-1.68,2.26
13.45,-11.9,9.13,-3.22,9.08,-0.74,-0.17,0.75,5.98,-0.85,11.05,-0.49,-0.5,1.69
13.47,-12.07,7.12,-2.67,8.89,-0.47,-0.01,0.39,4.65,0.15,10.22,-0.5,-0.11,0.79
13.49,-12.2,5.26,-1.56,8.22,-0.25,0.23,-0.07,3.18,0.63,9.23,-0.55,0.2,-0.09
13.5,-12.62,4.6,-1,7.89,-0.22,0.37,-0.24,1.06,0.27,8.52,-0.51,0.67,-0.93
13.51,-13.71,3.42,-0.33,8.16,-0.23,0.6,-0.42,-0.47,0.09,8.65,-0.48,0.83,-1.1
13.53,-14.31,2.38,0.05,9.51,-0.2,0.86,-0.62,0.35,-0.61,9.98,-0.58,0.88,-1.16
13.54,-13.27,1.73,0.76,11.28,-0.1,1.07,-0.76,2.46,0.61,11.82,-0.76,0.82,-0.24
13.56,-12.23,4.02,3.23,13.65,-0.07,1.06,-0.86,3.33,4.18,14.5,-0.63,1.12,-0.67
13.58,-12.14,6.13,2.42,14.81,-0.34,0.88,-0.95,2.28,3.57,14.85,-0.65,1.33,-1.33
13.6,-13.03,4.78,-0.81,14.79,-0.3,0.77,-1.15,-0.02,1.18,14.6,-0.48,1.52,-1.77
13.61,-13.48,3.81,-1.74,14.36,-0.16,0.74,-1.24,-1.02,-0.08,14.07,-0.3,1.57,-1.78
13.62,-14.6,-0.85,-2.3,11.37,0.43,0.71,-1.24,-3.36,-2.75,10.91,0.45,1.58,-1.4
13.63,-15.78,-2.69,-1.29,9.85,0.47,0.71,-0.97,-4.6,-2.92,8.24,0,1.46,-0.91
13.65,-16.61,-3.01,-1.04,9.44,0.43,0.71,-0.74,-4.99,-3.15,8.25,-0.23,1.4,-0.69
13.66,-16.14,-3.53,-0.96,8.93,0.29,0.74,-0.43,-5.04,-3.38,8.81,-0.36,1.25,-0.09
13.68,-15.19,-3.56,-1.05,9.12,0,0.88,0.55,-3.66,-3.26,9.39,-0.33,1,0.58
13.7,-14.83,-2.07,-0.82,9.41,-0.11,0.91,1.1,-2.2,-2.22,9.42,-0.3,0.93,0.92
13.71,-13.84,-0.78,-0.62,9.46,-0.17,0.9,1.36,-0.8,-1.22,9.73,-0.27,0.89,0.83
13.74,-12.1,0.77,-0.39,9.89,-0.26,0.84,1.38,0.01,-1.61,10,0.03,0.85,0.7
13.76,-11.99,1.25,-0.87,9.94,-0.28,0.76,1.42,-1.31,-1.63,9.72,-0.05,0.82,0.68
13.77,-12.23,1.39,-1.18,10.03,-0.27,0.73,1.45,-1.5,-1.78,9.73,-0.04,0.81,0.74
13.78,-12.48,1.41,-1.9,10.11,-0.21,0.72,1.42,-1.05,-1.7,9.7,-0.04,0.76,0.84
13.79,-12.44,1.58,-1.84,9.84,-0.02,0.71,1.13,-0.45,-1.67,9.79,-0.04,0.72,0.79
13.81,-12.31,1.83,-1.69,9.63,0.03,0.68,0.8,-0.06,-1.7,9.68,-0.04,0.71,0.68
13.82,-12.25,1.93,-1.54,9.46,0.03,0.66,0.55,-0.13,-1.8,9.57,-0.02,0.7,0.52
13.84,-12.26,1.69,-1.39,9.42,0.01,0.63,0.26,-0.25,-1.68,9.52,-0.02,0.7,0.46
13.85,-12.07,1.29,-1.29,9.57,-0.02,0.59,0.01,-0.28,-1.57,9.61,0,0.67,0.35
13.87,-11.98,1.16,-1,9.6,-0.05,0.58,-0.08,-0.73,-1.4,9.59,0.02,0.66,0.3
13.9,-12,0.56,-0.91,9.84,-0.08,0.58,-0.13,-1.46,-1.22,9.57,0.03,0.63,0.25
13.91,-12.03,0.34,-0.89,9.91,-0.07,0.58,-0.11,-1.6,-1.22,9.61,0.03,0.62,0.24
13.92,-11.97,0.16,-0.86,9.98,-0.07,0.57,-0.06,-1.66,-1.2,9.68,0.03,0.61,0.25
13.94,-11.94,0.13,-0.85,10.03,-0.06,0.57,0,-1.61,-1.21,9.73,0.03,0.6,0.26
13.95,-11.7,0.48,-0.76,9.91,-0.06,0.55,0.16,-1.33,-1.24,9.75,0.03,0.59,0.29
13.97,-11.68,0.84,-0.73,9.81,-0.08,0.54,0.22,-1.13,-1.27,9.75,0.03,0.6,0.3
13.98,-11.6,0.93,-0.73,9.79,-0.09,0.53,0.23,-0.73,-1.28,9.79,0.03,0.62,0.29
13.99,-11.96,1.94,-0.93,9.76,-0.15,0.48,0.27,-0.29,-1.23,9.86,0.04,0.67,0.24
14.03,-12.09,2.07,-0.95,9.78,-0.15,0.47,0.24,-0.21,-1.2,9.9,0.05,0.7,0.21
14.04,-12.56,2.53,-0.87,9.79,-0.14,0.46,0.12,-0.12,-1.06,9.91,0.05,0.77,0.17
14.05,-13.03,2.71,-0.77,9.76,-0.14,0.45,0.07,-0.07,-1.01,9.92,0.05,0.8,0.16
14.07,-13.4,2.93,-0.6,9.64,-0.15,0.43,-0.01,0.14,-0.9,9.97,0.04,0.87,0.13
14.08,-14.15,3.3,-0.41,9.4,-0.19,0.39,-0.14,0.43,-0.78,9.95,0.04,0.97,0.08
14.1,-15.1,3.63,-0.37,9.26,-0.24,0.34,-0.29,0.55,-0.74,9.92,0.05,1.02,0.05
14.11,-15.96,4.05,-0.34,9.11,-0.3,0.26,-0.46,1.17,-0.52,9.97,0.06,1.19,-0.1
14.13,-16.57,4.38,-0.27,8.97,-0.34,0.19,-0.57,1.44,-0.42,10.07,0.07,1.35,-0.24
14.14,-17.72,4.73,-0.3,8.88,-0.36,0.11,-0.71,1.66,-0.41,10.19,0.08,1.47,-0.33
14.15,-18.24,4.89,-0.32,8.85,-0.36,0.07,-0.76,1.75,-0.39,10.26,0.09,1.57,-0.39
14.16,-19.41,5.44,-0.31,8.85,-0.34,-0.01,-0.83,1.93,-0.3,10.5,0.08,1.68,-0.45
14.18,-21.29,6.22,-0.15,8.72,-0.31,-0.12,-0.94,1.77,-0.47,11.36,0.04,1.93,-0.51
14.19,-22.73,6.51,0,8.58,-0.29,-0.2,-0.91,1.57,-0.25,12.01,-0.03,2.11,-0.48
14.2,-25.14,6.83,1.05,9.06,-0.19,-0.35,-0.64,1.29,-0.12,12.31,-0.06,2.25,-0.41
14.21,-27.47,6.62,1.37,10.14,0,-0.45,-0.46,0.24,0.33,13.14,-0.17,2.45,-0.16
14.22,-29.77,6.53,1.17,11.3,0.29,-0.62,-0.29,-0.64,0.91,14.05,-0.32,2.53,0.04
14.23,-31.91,6.67,1.45,11.91,0.55,-0.74,-0.11,-1.73,1.28,15.16,-0.43,2.64,0.36
14.24,-34.15,6.91,1.89,12.26,0.76,-0.83,-0.04,-1.95,1.24,16.12,-0.5,2.67,0.68
14.26,-36.53,6.3,1.8,12.55,0.97,-0.82,-0.19,-0.86,0.93,16.47,-0.49,2.72,0.89
14.27,-38.53,4.05,0.35,12.09,1,-0.85,-0.61,0.27,0.5,15.24,-0.37,2.75,0.75
14.28,-39.45,2.47,-1.39,11.61,0.87,-0.99,-1,0.21,0.05,13.91,-0.29,2.7,0.44
14.29,-40.33,1.64,-3.06,11.44,0.74,-1.1,-1.28,-0.9,-1,12,-0.12,2.56,-0.14
14.3,-41.07,0.97,-5.26,11.22,0.57,-1.23,-1.51,-2.24,-2.16,10.06,0.12,2.4,-0.79
14.31,-41.58,0.57,-6.64,11.01,0.48,-1.29,-1.51,-2.51,-2.48,9.61,0.18,2.36,-0.95
14.33,-43.42,0.51,-6.7,10.98,0.41,-1.31,-1.43,-3.04,-5.26,7.38,0.48,2.16,-2
14.34,-44.33,0.48,-6.36,11.04,0.24,-1.32,-1.36,-3.05,-7.42,6.24,0.67,2.02,-2.55
14.35,-44.93,0.53,-6.14,11.2,0,-1.31,-1.37,-3.15,-7.78,6.02,0.73,1.97,-2.64
14.36,-46.85,0.6,-6.09,11.38,-0.15,-1.29,-1.43,-4.82,-8.75,5.13,1.29,1.59,-2.8
14.37,-48.82,0.84,-5.87,11.52,-0.25,-1.25,-1.54,-6.55,-8.47,4.61,1.66,1.31,-2.64
14.38,-51.67,0.87,-5.34,11.39,-0.3,-1.17,-1.71,-8.41,-7.66,4.03,1.95,0.82,-2.04
14.4,-54.29,0.17,-5.13,11.01,-0.39,-1.08,-1.92,-9.36,-6.96,3.68,2.18,0.57,-1.73
14.41,-56.85,-0.77,-5.13,10.81,-0.44,-1.05,-1.97,-9.11,-6.17,3.47,2.4,-0.07,-1.18
14.43,-58.33,-1.43,-5.07,10.54,-0.47,-1.03,-1.99,-7.75,-5.39,3.32,2.63,-0.57,-1
14.44,-58.15,-1.63,-4.99,10.46,-0.47,-1.02,-2,-7.48,-5.27,3.31,2.67,-0.57,-1
14.46,-57.92,-1.7,-4.88,10.37,-0.47,-1.02,-2.01,-7.48,-5.27,3.31,2.67,-0.57,-0.98
14.47,-57.57,-1.58,-3.98,9.68,-0.51,-1,-2.17,-6.03,-4.41,3.39,2.91,-1.2,-0.98
14.49,-56.63,-1.13,-3.22,9.3,-0.59,-0.97,-2.43,-5.3,-4.01,3.8,2.99,-1.59,-1.09
14.5,-55.02,-0.84,-2.65,9.13,-0.72,-0.91,-2.78,-5.21,-3.78,4.37,3.03,-1.91,-1.35
14.52,-52.71,-0.75,-2.53,9.15,-0.8,-0.8,-3.04,-5,-3.56,5.11,3.05,-2.22,-1.86
14.53,-50.23,-0.73,-2.13,9.11,-0.8,-0.71,-3.24,-4.53,-2.75,5.58,3.04,-2.42,-2.39
14.54,-47.69,-0.62,-1.24,9.11,-0.81,-0.62,-3.52,-3.68,-2.04,6.02,3.03,-2.53,-2.94
14.55,-43.45,-0.54,-0.41,9.28,-0.86,-0.5,-3.88,-2.65,-1.47,7.13,3.07,-2.65,-3.91
14.57,-37.73,-0.46,-0.11,9.44,-0.85,-0.32,-4.07,-2.64,-2.28,8.94,3.27,-2.7,-5.11
14.59,-33.09,0.15,0.29,9.4,-0.74,-0.28,-4.33,-3.79,-3.47,9.91,3.5,-2.56,-5.88
14.6,-30.9,0.31,0.31,9.35,-0.69,-0.25,-4.45,-4.59,-4.15,10.13,3.58,-2.48,-6.02
14.61,-29.06,0.45,0.26,9.46,-0.61,-0.22,-4.6,-4.94,-4.75,10.34,3.64,-2.36,-6.05
14.63,-27.03,0.88,0.7,9.67,-0.47,-0.19,-4.88,-4.62,-5.14,10.65,3.65,-2.09,-5.86
14.65,-25.29,2.18,1.85,9.64,-0.42,-0.22,-5.4,-4.27,-5.17,10.3,3.54,-1.99,-5.75
14.66,-24.8,3.24,2.43,9.41,-0.52,-0.28,-5.73,-4.5,-4.97,9.47,3.38,-1.92,-5.73
14.67,-25.17,4.19,2.74,8.93,-0.7,-0.34,-5.95,-5.74,-4.02,8.5,3.04,-1.82,-5.64
14.68,-26.61,4.37,2.87,8.68,-0.98,-0.3,-5.95,-7.12,-4.14,7.55,2.57,-1.66,-5.38
14.7,-28.58,2.7,2.18,8.63,-1.33,-0.18,-5.46,-8.23,-5.12,7.43,1.65,-1.39,-4.3
14.72,-29.69,1.23,0.81,9.21,-1.43,-0.11,-4.64,-9.22,-4.5,7.62,0.85,-1.16,-3.38
14.73,-29.99,0.67,-0.26,10.45,-1.29,-0.04,-3.56,-9.63,-3.79,7.88,0.47,-0.81,-2.43
14.75,-30.97,-0.68,-0.65,11.25,-1.14,0.01,-2.68,-9.96,-4.17,8.54,-0.15,-0.4,-1.54
14.76,-31.29,-3.25,-1.76,11.6,-1.05,0.01,-1.79,-8.03,-4.17,9.54,-0.58,-0.11,-0.59
14.77,-30.09,-3.64,-2.09,11.44,-0.87,-0.06,-1.09,-3.68,-2.18,10.71,-0.55,-0.22,0.08
14.78,-27.69,-0.87,-0.99,10.39,-0.72,-0.19,-0.26,-0.78,-0.2,10.64,-0.42,-0.26,0.12
14.8,-26.8,2.31,-0.69,10.07,-0.71,-0.22,0.14,0.01,0.08,10.23,-0.62,-0.21,-0.25
14.81,-26.07,5.35,-0.12,10.15,-0.65,-0.14,0.04,0.1,-0.62,10.92,-0.64,-0.12,-0.84
14.83,-26.62,6.3,1.43,9.98,-0.75,-0.08,-0.31,-1.49,-0.18,11.29,-0.5,-0.07,-1.04
14.84,-27.19,5.82,1.89,9.98,-0.88,-0.02,-0.61,-2.4,0.22,11.15,-0.48,-0.06,-1.06
14.85,-27.74,4.85,1.92,10.01,-1,0.03,-0.89,-3.32,0.8,10.56,-0.42,-0.05,-0.98
14.87,-28.32,2.71,1.52,9.99,-1.14,0.09,-1.22,-3.55,1.03,10.13,-0.39,-0.06,-0.96
14.88,-28.45,2.01,1.29,9.95,-1.15,0.09,-1.27,-3.48,0.89,9.74,-0.39,-0.07,-0.93
14.89,-28.19,1.83,0.52,9.81,-1.09,0.07,-1.23,-2.96,0.31,9.81,-0.37,-0.09,-0.84
14.91,-28,2.17,0.04,9.79,-1.04,0.08,-1.18,-2.68,-0.02,9.85,-0.37,-0.09,-0.8
14.92,-27.86,2.44,-0.26,9.77,-1.01,0.09,-1.14,-2.31,-0.47,9.93,-0.36,-0.09,-0.76
14.93,-27.76,2.77,-0.6,9.69,-0.98,0.11,-1.1,-2.15,-0.66,9.97,-0.35,-0.08,-0.74
14.94,-27.76,3.04,-0.88,9.61,-0.97,0.15,-1.09,-2,-0.8,9.98,-0.34,-0.08,-0.7
14.95,-27.51,3.16,-0.87,9.57,-0.96,0.19,-1.11,-1.72,-1.01,9.98,-0.29,-0.07,-0.66
14.96,-27.27,3.16,-0.78,9.62,-0.96,0.22,-1.14,-1.73,-0.91,9.97,-0.27,-0.06,-0.66
14.98,-27.05,3.11,-0.67,9.68,-0.95,0.25,-1.17,-1.85,-0.65,9.95,-0.24,-0.05,-0.65
14.99,-26.87,2.89,-0.53,9.76,-0.93,0.27,-1.2,-2.01,-0.43,9.91,-0.21,-0.04,-0.65
15,-26.52,2.44,-0.36,9.85,-0.91,0.29,-1.19,-2.18,-0.17,9.9,-0.17,-0.04,-0.64
15.01,-26.22,1.9,-0.3,9.94,-0.88,0.3,-1.15,-2.22,-0.14,9.9,-0.17,-0.03,-0.64
15.03,-25.86,1.55,-0.36,10.02,-0.85,0.3,-1.09,-2.45,-0.11,9.79,-0.15,-0.02,-0.64
15.04,-25.63,1.36,-0.42,10.07,-0.82,0.3,-1.03,-2.53,-0.12,9.75,-0.15,-0.01,-0.63
15.05,-25.28,1.16,-0.49,10.1,-0.76,0.31,-0.91,-2.64,-0.22,9.77,-0.15,-0.01,-0.58
15.06,-24.6,1.27,-0.56,10.06,-0.69,0.32,-0.77,-2.62,-0.36,9.78,-0.14,-0.01,-0.5
15.08,-24.2,1.42,-0.53,10.04,-0.65,0.32,-0.68,-2.5,-0.46,9.76,-0.14,-0.01,-0.44
15.09,-23.91,1.53,-0.64,9.98,-0.63,0.31,-0.62,-2.38,-0.51,9.76,-0.14,-0.01,-0.4
15.1,-23.64,1.97,-0.53,9.85,-0.6,0.3,-0.58,-2.3,-0.51,9.77,-0.14,-0.01,-0.36
15.11,-23.45,2.61,-0.37,9.67,-0.59,0.32,-0.65,-1.99,-0.38,9.82,-0.12,0,-0.32
15.12,-23.18,2.68,-0.35,9.68,-0.59,0.33,-0.74,-1.71,-0.28,9.74,-0.09,0,-0.38
15.14,-22.87,2.46,-0.53,9.68,-0.63,0.32,-1.04,-1.64,-0.41,9.65,-0.07,0,-0.54
15.16,-22.2,1.65,-0.56,9.69,-0.64,0.31,-1.22,-1.95,-0.43,9.69,-0.04,0.01,-0.59
15.18,-21.93,1.54,-0.56,9.73,-0.64,0.29,-1.23,-2.09,-0.4,9.67,-0.03,0.01,-0.58
15.19,-21.7,1.4,-0.64,9.8,-0.63,0.28,-1.21,-2.18,-0.36,9.65,-0.03,0.01,-0.56
15.2,-21.31,1.26,-0.77,9.82,-0.6,0.27,-1.16,-2.03,-0.34,9.64,-0.02,0.02,-0.52
15.21,-21.02,1.17,-0.83,9.81,-0.57,0.26,-1.11,-1.84,-0.39,9.65,-0.02,0.03,-0.51
15.22,-20.64,1.16,-0.89,9.81,-0.53,0.25,-1.02,-1.73,-0.43,9.67,-0.02,0.04,-0.52
15.23,-20.19,1.31,-0.9,9.82,-0.49,0.22,-0.94,-1.56,-0.57,9.73,-0.01,0.06,-0.52
15.24,-19.93,1.52,-0.91,9.8,-0.45,0.18,-0.88,-1.55,-0.63,9.79,0,0.07,-0.5
15.25,-19.71,1.66,-0.85,9.77,-0.4,0.14,-0.81,-1.6,-0.65,9.85,0,0.11,-0.43
15.28,-19.6,1.82,-0.77,9.76,-0.36,0.08,-0.74,-1.57,-0.64,9.86,0.01,0.14,-0.38
15.29,-19.63,1.81,-0.75,9.7,-0.35,0.04,-0.7,-1.58,-0.59,9.84,0.01,0.16,-0.34
15.3,-19.64,1.87,-0.86,9.65,-0.34,0.02,-0.66,-1.53,-0.65,9.86,0.02,0.18,-0.33
15.31,-19.73,2.01,-0.92,9.65,-0.33,-0.01,-0.62,-1.36,-0.71,9.87,0.02,0.22,-0.32
15.33,-19.89,2.1,-0.92,9.7,-0.32,-0.04,-0.59,-1.32,-0.64,9.9,0.04,0.26,-0.33
15.34,-20.08,2.08,-0.89,9.79,-0.29,-0.08,-0.58,-1.55,-0.55,9.9,0.04,0.27,-0.34
15.36,-20.41,2.07,-0.84,9.78,-0.28,-0.1,-0.58,-1.77,-0.5,9.95,0.04,0.31,-0.34
15.37,-20.74,2.12,-0.87,9.76,-0.26,-0.11,-0.59,-1.76,-0.43,9.99,0.05,0.33,-0.33
15.39,-21.27,2.5,-0.84,9.7,-0.23,-0.15,-0.6,-1.48,-0.33,10.14,0.06,0.38,-0.34
15.4,-21.72,2.92,-0.77,9.64,-0.21,-0.19,-0.62,-1.24,-0.31,10.25,0.07,0.43,-0.35
15.41,-22.08,3.41,-0.76,9.59,-0.18,-0.25,-0.66,-0.94,-0.19,10.42,0.08,0.48,-0.38
15.42,-22.68,3.74,-0.82,9.57,-0.16,-0.29,-0.72,-0.61,-0.05,10.64,0.1,0.56,-0.43
15.43,-23.32,3.99,-0.85,9.54,-0.13,-0.36,-0.86,-0.4,0.02,10.76,0.15,0.63,-0.52
15.45,-24.42,3.8,-1.11,9.55,-0.13,-0.43,-1.07,-0.43,0.11,10.63,0.23,0.74,-0.74
15.47,-25.3,3.53,-1.4,9.72,-0.1,-0.45,-1.18,-0.64,0.14,10.57,0.29,0.8,-0.95
15.48,-25.98,3.45,-1.41,9.94,-0.04,-0.46,-1.28,-0.72,-0.01,10.66,0.34,0.85,-1.15
15.49,-26.66,3.41,-1.28,10.12,0,-0.48,-1.38,-0.86,-0.24,10.75,0.37,0.9,-1.43
15.51,-27.52,3.18,-1.22,10.11,0.04,-0.52,-1.53,-1.14,-0.7,10.74,0.41,0.95,-1.66
15.52,-28.49,3.07,-1.11,10.13,0.04,-0.53,-1.72,-1.66,-1.05,10.42,0.47,0.97,-1.82
15.53,-29.42,2.78,-1.22,10.05,0.01,-0.5,-1.89,-2.17,-1.34,9.94,0.53,0.95,-1.99
15.55,-30.5,2,-1.38,9.98,-0.06,-0.47,-2.04,-2.75,-1.38,9.41,0.61,0.91,-2.1
15.56,-30.94,1.38,-1.7,9.96,-0.13,-0.46,-2.11,-3.1,-1.36,9,0.69,0.85,-2.22
15.57,-31.42,0.87,-2.01,9.95,-0.18,-0.45,-2.14,-3.24,-1.49,8.81,0.75,0.79,-2.31
15.58,-31.94,0.44,-2.23,9.96,-0.23,-0.45,-2.16,-3.26,-1.7,8.5,0.93,0.64,-2.58
15.6,-31.89,0.36,-2.36,10,-0.27,-0.44,-2.15,-3.11,-1.61,8.26,1.04,0.48,-2.83
15.61,-31.79,0.47,-2.39,9.98,-0.33,-0.39,-2.11,-2.97,-1.75,8.09,1.24,0.26,-3.23
15.63,-31.77,0.59,-2.23,9.97,-0.36,-0.32,-2.11,-2.98,-1.88,7.96,1.38,0.14,-3.44
15.64,-31.32,0.6,-1.82,9.91,-0.4,-0.2,-2.18,-3.02,-1.88,7.91,1.5,-0.06,-3.78
15.66,-30.63,0.62,-1.14,9.75,-0.44,-0.07,-2.39,-3.06,-1.93,7.79,1.62,-0.15,-3.94
15.67,-30.04,0.53,-0.78,9.52,-0.48,0,-2.57,-3.02,-2,7.77,1.7,-0.27,-4.17
15.68,-28.95,0.86,0.04,9.28,-0.57,0.08,-2.98,-3.2,-1.93,8.03,1.81,-0.4,-4.46
15.7,-28.45,1.14,0.49,9.02,-0.65,0.1,-3.26,-3.39,-2,8.21,1.84,-0.43,-4.55
15.72,-28.19,1.32,0.75,8.9,-0.71,0.1,-3.47,-3.71,-2.37,8.47,1.85,-0.45,-4.59
15.73,-28,1.49,0.98,8.88,-0.8,0.09,-3.7,-4.09,-2.55,8.53,1.85,-0.45,-4.57
15.74,-28,1.57,1.13,8.91,-0.86,0.1,-3.81,-4.52,-2.39,8.65,1.81,-0.46,-4.5
15.75,-28.09,1.8,1.26,9.02,-0.96,0.13,-3.87,-4.62,-2.26,8.98,1.69,-0.44,-4.38
15.76,-28.55,2.57,1.35,9.49,-1.02,0.1,-3.7,-5.14,-2.11,8.95,1.43,-0.26,-4.08
15.78,-30.12,2.27,1.71,10.03,-1.05,0.1,-3.37,-7.14,-2.52,8.12,1.01,-0.03,-3.36
15.8,-31.15,0.66,1.61,10.22,-1.07,0.14,-3.04,-8.09,-2.65,7.79,0.82,0.02,-2.57
15.82,-31.93,-2.03,0.65,10.64,-0.95,0.19,-2.24,-9.07,-1.88,7.68,0.43,-0.1,-1.6
15.84,-31.58,-3.06,-0.13,11.03,-0.65,0.26,-1.15,-7.84,-1.03,8.17,0.15,-0.3,-0.43
15.85,-30.9,-2.69,-0.42,11.1,-0.43,0.24,-0.43,-6.97,-0.69,8.58,0.02,-0.36,0.06
15.86,-30.62,-2.27,-0.55,11.13,-0.34,0.22,-0.11,-6,-0.37,9.27,-0.11,-0.41,0.6
15.88,-29.31,-0.55,-0.63,11.16,-0.11,0.16,0.62,-4.53,-0.08,10,-0.12,-0.41,0.8
15.89,-28.53,0.7,-0.38,10.95,0,0.13,0.9,-3.5,0.04,10.15,-0.08,-0.41,0.86
15.9,-27.66,2.01,-0.06,10.48,0.05,0.11,0.95,-2.09,0.25,9.78,-0.09,-0.4,0.65
15.91,-27.1,2.63,-0.08,10.16,0.03,0.1,0.81,-1.84,-0.04,9.58,-0.11,-0.4,0.41
15.93,-26.54,2.84,-0.3,9.89,-0.03,0.1,0.59,-1.82,-0.48,9.41,-0.11,-0.4,0.1
15.94,-26.19,2.88,-0.48,9.59,-0.13,0.1,0.29,-2.25,-1.04,9.45,-0.13,-0.4,-0.12
15.95,-26.26,2.99,-0.55,9.35,-0.24,0.1,0.06,-2.62,-1.34,9.39,-0.11,-0.4,-0.16
15.97,-26.29,3.18,-0.47,9.23,-0.29,0.13,-0.09,-2.39,-1.12,9.23,-0.1,-0.42,-0.09
15.98,-26.23,3.43,-0.17,9.09,-0.34,0.17,-0.25,-1.88,-0.71,9.29,-0.1,-0.42,-0.07
15.99,-26.03,3.64,-0.02,9.1,-0.38,0.18,-0.4,-1.04,-0.22,9.62,-0.11,-0.4,-0.1
16.01,-25.69,3.78,0.07,9.14,-0.41,0.16,-0.56,-0.6,-0.06,9.86,-0.11,-0.36,-0.24
16.02,-25.29,3.76,0.05,9.2,-0.44,0.13,-0.72,-0.35,-0.1,10.02,-0.1,-0.31,-0.41
16.03,-24.66,3.55,-0.11,9.25,-0.47,0.09,-0.86,-0.47,-0.41,10.07,-0.09,-0.26,-0.58
16.04,-24.17,3.48,-0.15,9.28,-0.48,0.08,-0.9,-0.75,-0.62,10.03,-0.09,-0.23,-0.67
16.05,-24.14,3.11,-0.39,9.38,-0.51,0.04,-1.02,-1.24,-0.82,9.95,-0.09,-0.2,-0.72
16.07,-24.11,2.41,-0.6,9.63,-0.54,0,-1.07,-2.02,-0.96,9.9,-0.08,-0.16,-0.67
16.08,-24.08,1.97,-0.72,9.77,-0.54,-0.02,-1.03,-2.37,-0.88,9.83,-0.09,-0.14,-0.57
16.09,-23.96,1.61,-0.83,9.88,-0.52,-0.02,-0.95,-2.59,-0.82,9.78,-0.1,-0.12,-0.45
16.11,-23.78,1.37,-0.9,9.99,-0.47,-0.01,-0.78,-2.55,-0.74,9.72,-0.11,-0.11,-0.37
16.12,-23.57,1.36,-0.93,9.99,-0.42,-0.01,-0.64,-2.39,-0.69,9.68,-0.12,-0.11,-0.3
16.14,-23.4,1.44,-0.95,9.96,-0.38,0,-0.54,-2.28,-0.69,9.69,-0.12,-0.1,-0.28
16.14,-23.22,1.64,-0.95,9.93,-0.33,0.01,-0.42,-2.18,-0.73,9.73,-0.11,-0.1,-0.26
16.16,-23.01,1.88,-0.93,9.97,-0.27,0.02,-0.26,-2.21,-0.8,9.78,-0.11,-0.09,-0.24
16.18,-22.91,1.96,-0.9,9.98,-0.24,0.05,-0.16,-2.36,-0.91,9.79,-0.09,-0.09,-0.21
16.19,-22.87,1.94,-0.88,9.98,-0.21,0.07,-0.1,-2.38,-0.93,9.78,-0.09,-0.09,-0.17
16.21,-22.8,1.95,-0.84,9.97,-0.2,0.09,-0.06,-2.32,-0.95,9.79,-0.08,-0.08,-0.11
16.22,-22.7,1.98,-0.79,9.94,-0.2,0.1,-0.05,-2.18,-0.93,9.79,-0.07,-0.09,-0.09
16.24,-22.59,2.04,-0.7,9.89,-0.2,0.11,-0.07,-2.08,-0.88,9.79,-0.07,-0.09,-0.09
16.25,-22.48,2.05,-0.62,9.86,-0.21,0.12,-0.09,-2.04,-0.78,9.75,-0.07,-0.09,-0.1
16.26,-22.29,1.97,-0.5,9.85,-0.23,0.14,-0.14,-2.06,-0.65,9.68,-0.08,-0.08,-0.13
16.28,-22.12,1.93,-0.45,9.8,-0.24,0.15,-0.2,-2.02,-0.62,9.65,-0.08,-0.08,-0.14
16.29,-21.96,1.87,-0.49,9.78,-0.24,0.15,-0.25,-1.93,-0.65,9.65,-0.09,-0.09,-0.17
16.31,-21.7,1.79,-0.55,9.78,-0.26,0.15,-0.31,-1.87,-0.69,9.64,-0.09,-0.1,-0.2
16.32,-21.48,1.72,-0.6,9.76,-0.27,0.15,-0.35,-1.88,-0.75,9.63,-0.09,-0.1,-0.22
16.33,-21.28,1.66,-0.64,9.76,-0.28,0.15,-0.36,-1.96,-0.78,9.62,-0.09,-0.1,-0.24
16.34,-21.13,1.62,-0.67,9.75,-0.28,0.14,-0.36,-2.01,-0.84,9.62,-0.09,-0.1,-0.23
16.36,-20.87,1.59,-0.81,9.75,-0.27,0.13,-0.33,-1.98,-0.9,9.62,-0.09,-0.1,-0.21
16.37,-20.64,1.59,-0.93,9.76,-0.26,0.12,-0.31,-1.85,-0.94,9.63,-0.09,-0.1,-0.15
16.39,-20.25,1.65,-1.11,9.77,-0.24,0.1,-0.25,-1.66,-1.03,9.71,-0.08,-0.09,-0.15
16.41,-20.03,1.66,-1.18,9.78,-0.22,0.09,-0.21,-1.66,-1.13,9.75,-0.07,-0.09,-0.15
16.42,-19.73,1.59,-1.13,9.78,-0.19,0.08,-0.16,-1.8,-1.06,9.73,-0.05,-0.08,-0.1
16.44,-19.63,1.59,-1.13,9.78,-0.19,0.08,-0.16,-1.84,-0.99,9.69,-0.05,-0.07,-0.06
16.46,-19.56,1.52,-1.11,9.79,-0.18,0.07,-0.14,-1.81,-0.95,9.68,-0.04,-0.07,-0.05
16.47,-19.4,1.47,-1.05,9.81,-0.16,0.07,-0.1,-1.7,-0.9,9.62,-0.04,-0.07,-0.02
16.49,-19.22,1.49,-0.97,9.79,-0.14,0.06,-0.06,-1.63,-0.88,9.6,-0.04,-0.06,-0.01
16.5,-19,1.5,-0.94,9.78,-0.13,0.06,-0.05,-1.54,-0.86,9.55,-0.04,-0.06,-0.02
16.51,-18.78,1.51,-0.87,9.73,-0.12,0.05,-0.03,-1.44,-0.88,9.55,-0.04,-0.05,-0.03
16.52,-18.6,1.56,-0.89,9.69,-0.11,0.03,-0.01,-1.33,-0.9,9.54,-0.04,-0.05,-0.06
16.53,-18.43,1.71,-0.89,9.63,-0.1,0.02,-0.01,-1.26,-0.9,9.56,-0.04,-0.04,-0.09
16.54,-18.32,1.79,-0.86,9.6,-0.1,0.01,-0.03,-1.26,-0.91,9.57,-0.04,-0.04,-0.13
16.55,-18.23,1.83,-0.83,9.57,-0.1,0.01,-0.06,-1.3,-0.97,9.61,-0.04,-0.03,-0.17
16.57,-18.28,1.87,-0.86,9.55,-0.11,-0.03,-0.15,-1.41,-1.01,9.63,-0.04,-0.02,-0.18
16.58,-18.43,1.8,-0.89,9.59,-0.13,-0.05,-0.23,-1.55,-1.04,9.63,-0.04,-0.02,-0.18
16.59,-18.5,1.7,-0.92,9.63,-0.14,-0.06,-0.26,-1.7,-1.08,9.64,-0.04,-0.02,-0.18
16.61,-18.62,1.55,-0.97,9.68,-0.14,-0.08,-0.3,-1.92,-1.05,9.61,-0.04,-0.03,-0.16
16.62,-18.75,1.05,-1.14,9.88,-0.13,-0.1,-0.29,-2.32,-1.1,9.62,-0.04,-0.05,-0.13
16.65,-18.75,0.91,-1.23,9.98,-0.11,-0.1,-0.22,-2.39,-1.11,9.62,-0.05,-0.08,-0.08
16.67,-18.62,0.82,-1.25,10.06,-0.07,-0.09,-0.1,-2.41,-1.06,9.63,-0.05,-0.1,-0.06
16.68,-18.54,0.97,-1.19,10.02,-0.04,-0.07,-0.02,-2.36,-1.05,9.62,-0.05,-0.12,-0.05
16.69,-18.49,1.09,-1.07,9.96,-0.02,-0.06,0.01,-2.26,-1.02,9.61,-0.06,-0.14,-0.03
16.7,-18.48,1.23,-0.97,9.91,-0.01,-0.05,0.03,-2.16,-0.99,9.61,-0.07,-0.15,-0.03
16.72,-18.44,1.5,-0.91,9.85,-0.01,-0.03,0.03,-1.91,-1,9.63,-0.08,-0.16,-0.02
16.73,-18.39,1.73,-0.86,9.78,-0.01,-0.01,0,-1.72,-1.03,9.66,-0.08,-0.17,-0.03
16.74,-18.37,1.94,-0.87,9.73,-0.02,0,-0.03,-1.42,-1.04,9.68,-0.09,-0.17,-0.06
16.76,-18.27,2.15,-0.9,9.65,-0.03,0.01,-0.1,-1.16,-1.07,9.69,-0.09,-0.16,-0.1
16.77,-18.12,2.22,-0.94,9.6,-0.04,0.01,-0.15,-1.05,-1.16,9.7,-0.09,-0.15,-0.14
16.79,-18.1,2.23,-0.99,9.57,-0.06,0.01,-0.2,-1.01,-1.25,9.72,-0.08,-0.14,-0.16
16.8,-17.97,2.18,-1.02,9.58,-0.07,0.01,-0.22,-1.01,-1.33,9.73,-0.06,-0.12,-0.17
16.81,-17.91,2.15,-1.09,9.59,-0.07,0.01,-0.22,-1.07,-1.35,9.73,-0.05,-0.11,-0.16
16.82,-17.9,2.1,-1.15,9.62,-0.07,0,-0.21,-1.1,-1.39,9.73,-0.04,-0.1,-0.15
16.83,-17.8,1.98,-1.17,9.63,-0.06,-0.02,-0.18,-1.1,-1.44,9.73,-0.03,-0.08,-0.11
16.85,-17.75,1.94,-1.19,9.62,-0.05,-0.03,-0.16,-1.11,-1.44,9.7,-0.02,-0.07,-0.08
16.87,-17.65,1.89,-1.2,9.6,-0.04,-0.04,-0.12,-1.12,-1.43,9.65,-0.01,-0.06,-0.06
16.88,-17.65,1.83,-1.12,9.6,-0.02,-0.06,-0.05,-1.16,-1.41,9.64,0,-0.05,-0.03
16.89,-17.68,1.8,-1.08,9.64,-0.02,-0.07,-0.01,-1.19,-1.37,9.67,0,-0.04,0
16.9,-17.67,1.81,-1.05,9.68,-0.01,-0.08,0.01,-1.2,-1.35,9.69,0,-0.03,0.04
16.92,-17.75,1.82,-0.99,9.74,0.01,-0.08,0.07,-1.27,-1.27,9.73,0.01,-0.02,0.06
16.94,-17.82,1.83,-0.94,9.79,0.01,-0.07,0.1,-1.41,-1.21,9.73,0.01,-0.01,0.07
16.95,-17.89,1.84,-0.89,9.81,0.01,-0.06,0.11,-1.48,-1.2,9.74,0.01,-0.01,0.07
16.96,-17.96,1.87,-0.87,9.82,0.01,-0.04,0.12,-1.52,-1.19,9.75,0.01,-0.01,0.07
16.98,-18.12,1.93,-0.85,9.84,0.01,-0.02,0.11,-1.5,-1.16,9.75,0.01,-0.01,0.06
16.99,-18.19,1.99,-0.86,9.84,0.01,0,0.08,-1.42,-1.18,9.78,0.01,-0.01,0.05
17,-18.24,2,-0.85,9.82,0,0.01,0.05,-1.36,-1.19,9.77,0.01,-0.01,0.04
17.01,-18.25,1.98,-0.85,9.81,-0.01,0.02,0.03,-1.3,-1.21,9.77,0.01,-0.01,0.02
17.02,-18.25,1.94,-0.88,9.79,-0.02,0.03,0,-1.32,-1.22,9.76,0.02,-0.01,0
17.04,-18.24,1.83,-0.9,9.79,-0.03,0.03,-0.03,-1.43,-1.27,9.73,0.02,-0.02,-0.01
17.06,-18.22,1.67,-0.92,9.8,-0.04,0.03,-0.03,-1.52,-1.27,9.72,0.03,-0.02,0
17.07,-18.17,1.57,-0.9,9.81,-0.03,0.03,-0.01,-1.55,-1.23,9.69,0.03,-0.02,0.03
17.08,-18.09,1.5,-0.9,9.8,-0.03,0.02,0.04,-1.56,-1.21,9.68,0.03,-0.02,0.05
17.09,-18.03,1.49,-0.9,9.8,-0.02,0.01,0.1,-1.52,-1.19,9.67,0.02,-0.02,0.09
17.11,-17.98,1.48,-0.9,9.79,-0.01,0,0.14,-1.44,-1.19,9.66,0.02,-0.02,0.13
17.12,-17.88,1.54,-0.91,9.77,0,0,0.19,-1.36,-1.17,9.65,0.03,-0.02,0.15
17.13,-17.83,1.64,-0.91,9.76,0,-0.01,0.24,-1.32,-1.16,9.65,0.03,-0.01,0.16
17.15,-17.79,1.75,-0.88,9.75,0.01,-0.01,0.28,-1.28,-1.14,9.69,0.03,-0.01,0.17
17.16,-17.8,1.95,-0.8,9.73,0.02,0,0.3,-1.17,-1.06,9.7,0.04,0,0.18
17.18,-17.83,2.1,-0.76,9.7,0.01,0,0.28,-1.06,-1.05,9.72,0.04,0.01,0.16
17.2,-17.88,2.22,-0.74,9.67,0,0,0.24,-0.98,-1.05,9.73,0.04,0.02,0.15
17.21,-17.91,2.27,-0.73,9.66,-0.01,0,0.2,-0.96,-1.04,9.75,0.04,0.04,0.1
17.23,-18.02,2.28,-0.71,9.65,-0.03,0.01,0.12,-1,-1.03,9.75,0.04,0.05,0.08
17.24,-18.05,2.25,-0.7,9.65,-0.04,0.02,0.09,-1.03,-1.03,9.74,0.04,0.05,0.07
17.26,-18.11,2.13,-0.67,9.65,-0.05,0.02,0.04,-1.07,-1.01,9.7,0.04,0.06,0.04
17.27,-18.14,2.04,-0.68,9.66,-0.07,0.02,0.01,-1.11,-1,9.68,0.04,0.07,0.03
17.28,-18.18,1.92,-0.71,9.69,-0.08,0.02,-0.03,-1.21,-1,9.68,0.04,0.07,0.02
17.29,-18.2,1.78,-0.72,9.74,-0.09,0.02,-0.05,-1.31,-0.99,9.68,0.04,0.08,0.01
17.3,-18.23,1.56,-0.71,9.79,-0.09,0.02,-0.04,-1.52,-0.93,9.63,0.03,0.08,0.01
17.31,-18.21,1.32,-0.71,9.82,-0.09,0.01,-0.01,-1.74,-0.91,9.6,0.02,0.07,0.03
17.33,-18.21,1.2,-0.75,9.87,-0.09,0.01,0.02,-1.79,-0.9,9.6,0.01,0.07,0.04
17.34,-18.14,1.13,-0.78,9.89,-0.08,0,0.06,-1.8,-0.91,9.6,-0.01,0.06,0.06
17.35,-18.1,1.15,-0.83,9.9,-0.07,-0.01,0.12,-1.79,-0.93,9.64,-0.02,0.05,0.08
17.38,-18.12,1.24,-0.86,9.88,-0.06,-0.02,0.16,-1.77,-0.98,9.67,-0.02,0.04,0.09
17.39,-18.15,1.32,-0.85,9.86,-0.05,-0.03,0.19,-1.72,-0.98,9.66,-0.03,0.03,0.1
17.41,-18.19,1.39,-0.87,9.85,-0.05,-0.03,0.2,-1.7,-1.04,9.69,-0.03,0.03,0.11
17.42,-18.2,1.55,-0.93,9.8,-0.05,-0.03,0.2,-1.62,-1.06,9.7,-0.03,0.03,0.12
17.43,-18.25,1.68,-0.95,9.76,-0.05,-0.03,0.2,-1.48,-1.06,9.68,-0.03,0.03,0.12
17.44,-18.3,1.82,-0.98,9.72,-0.05,-0.03,0.18,-1.34,-1.07,9.7,-0.03,0.03,0.1
17.46,-18.35,1.94,-0.96,9.67,-0.06,-0.03,0.14,-1.24,-1.08,9.69,-0.02,0.03,0.07
17.48,-18.44,2.03,-0.95,9.63,-0.07,-0.03,0.09,-1.19,-1.06,9.66,-0.02,0.04,0.04
17.49,-18.5,2.03,-0.93,9.62,-0.08,-0.03,0.05,-1.17,-1.05,9.64,-0.02,0.05,0.02
17.5,-18.57,2.02,-0.94,9.61,-0.09,-0.03,0.01,-1.21,-1.05,9.63,-0.02,0.05,0.01
17.51,-18.63,2,-0.93,9.61,-0.1,-0.03,-0.02,-1.25,-1.06,9.64,-0.03,0.06,-0.01
17.53,-18.75,1.94,-0.94,9.62,-0.11,-0.03,-0.07,-1.3,-1.07,9.64,-0.03,0.07,-0.03
17.55,-18.85,1.83,-0.94,9.65,-0.12,-0.03,-0.1,-1.37,-1.07,9.65,-0.03,0.08,-0.06
17.57,-18.95,1.63,-0.94,9.76,-0.13,-0.04,-0.13,-1.55,-1.04,9.66,-0.03,0.08,-0.06
17.59,-19.04,1.49,-0.96,9.82,-0.13,-0.04,-0.15,-1.74,-1.02,9.66,-0.03,0.08,-0.07
17.6,-19.07,1.33,-1.01,9.85,-0.13,-0.04,-0.15,-1.9,-1.04,9.62,-0.03,0.07,-0.08
17.62,-19.12,1.22,-1.07,9.88,-0.13,-0.03,-0.14,-2.02,-1.07,9.59,-0.04,0.06,-0.08
17.63,-19.15,1.18,-1.09,9.89,-0.13,-0.03,-0.13,-2.05,-1.09,9.58,-0.05,0.05,-0.08
17.65,-19.21,1.16,-1.09,9.89,-0.12,-0.03,-0.11,-2.06,-1.1,9.58,-0.05,0.04,-0.06
17.66,-19.26,1.16,-1.09,9.88,-0.11,-0.04,-0.09,-2.05,-1.1,9.58,-0.06,0.03,-0.04
17.67,-19.22,1.22,-1.11,9.86,-0.1,-0.04,-0.07,-1.96,-1.09,9.58,-0.07,0.01,-0.03
17.69,-19.18,1.28,-1.1,9.84,-0.1,-0.05,-0.06,-1.87,-1.11,9.61,-0.07,0,-0.02
17.7,-19.18,1.32,-1.1,9.83,-0.1,-0.06,-0.06,-1.78,-1.1,9.63,-0.08,0,-0.03
17.71,-19.13,1.34,-1.11,9.82,-0.1,-0.07,-0.07,-1.79,-1.14,9.62,-0.08,-0.01,-0.04
17.73,-19.1,1.32,-1.11,9.81,-0.1,-0.09,-0.07,-1.83,-1.15,9.61,-0.08,-0.02,-0.04
17.74,-19.09,1.26,-1.14,9.81,-0.09,-0.11,-0.06,-1.88,-1.15,9.58,-0.09,-0.03,-0.03
17.76,-19.1,1.23,-1.15,9.81,-0.08,-0.12,-0.04,-1.9,-1.16,9.58,-0.1,-0.04,-0.02
17.77,-19.11,1.22,-1.17,9.8,-0.08,-0.14,-0.03,-1.9,-1.23,9.56,-0.11,-0.04,0
17.78,-19.1,1.21,-1.22,9.76,-0.06,-0.17,0.01,-1.83,-1.26,9.55,-0.11,-0.05,0.02
17.8,-19.09,1.29,-1.26,9.72,-0.05,-0.2,0.05,-1.73,-1.3,9.54,-0.11,-0.07,0.03
17.82,-19.11,1.39,-1.23,9.68,-0.04,-0.23,0.08,-1.64,-1.29,9.53,-0.1,-0.08,0.04
17.83,-19.14,1.51,-1.16,9.62,-0.03,-0.26,0.1,-1.6,-1.26,9.52,-0.11,-0.08,0.04
17.84,-19.25,1.61,-1.12,9.6,-0.02,-0.28,0.12,-1.58,-1.25,9.52,-0.11,-0.08,0.05
17.86,-19.39,1.77,-1.11,9.6,-0.01,-0.3,0.13,-1.52,-1.27,9.53,-0.11,-0.08,0.06
17.87,-19.53,1.93,-1.14,9.57,-0.01,-0.31,0.13,-1.37,-1.28,9.57,-0.12,-0.08,0.06
17.88,-19.64,2.09,-1.16,9.52,0,-0.33,0.13,-1.25,-1.3,9.59,-0.12,-0.07,0.06
17.89,-19.83,2.35,-1.19,9.43,0,-0.35,0.12,-1.02,-1.38,9.64,-0.12,-0.06,0.05
17.9,-20.05,2.62,-1.22,9.33,-0.01,-0.36,0.09,-0.89,-1.46,9.68,-0.13,-0.05,0.03
17.91,-20.32,2.86,-1.28,9.24,-0.02,-0.38,0.05,-0.69,-1.65,9.75,-0.12,-0.02,0.01
17.93,-20.56,3.04,-1.37,9.22,-0.03,-0.4,-0.02,-0.61,-1.74,9.81,-0.1,0,-0.01
17.94,-21.07,3.21,-1.46,9.24,-0.05,-0.42,-0.11,-0.59,-1.79,9.84,-0.08,0.02,-0.05
17.95,-21.41,3.28,-1.52,9.26,-0.07,-0.43,-0.17,-0.69,-1.89,9.87,-0.05,0.05,-0.1
17.97,-22.1,3.2,-1.55,9.37,-0.1,-0.42,-0.28,-1,-1.95,9.89,-0.02,0.07,-0.14
17.98,-22.46,3.07,-1.59,9.48,-0.12,-0.41,-0.35,-1.24,-1.94,9.84,0,0.08,-0.16
18,-23.05,2.79,-1.62,9.59,-0.13,-0.38,-0.39,-1.61,-1.86,9.75,0.02,0.09,-0.18
18.01,-23.53,2.53,-1.59,9.73,-0.13,-0.35,-0.4,-1.86,-1.8,9.72,0.03,0.09,-0.19
18.02,-23.91,2.42,-1.5,9.8,-0.12,-0.32,-0.38,-2.05,-1.68,9.69,0.04,0.08,-0.18
18.04,-24.33,2.37,-1.38,9.81,-0.1,-0.29,-0.34,-2.06,-1.54,9.66,0.04,0.07,-0.17
18.05,-24.6,2.38,-1.3,9.78,-0.09,-0.27,-0.31,-1.98,-1.44,9.64,0.04,0.06,-0.15
18.06,-24.86,2.45,-1.19,9.68,-0.07,-0.25,-0.28,-1.85,-1.39,9.62,0.03,0.06,-0.15
18.07,-25.03,2.52,-1.17,9.6,-0.06,-0.25,-0.27,-1.69,-1.39,9.64,0.03,0.05,-0.15
18.08,-25.18,2.61,-1.16,9.53,-0.05,-0.24,-0.28,-1.57,-1.47,9.67,0.04,0.05,-0.15
18.1,-25.38,2.71,-1.13,9.51,-0.04,-0.25,-0.3,-1.54,-1.44,9.65,0.07,0.05,-0.18
18.11,-25.65,2.74,-1.12,9.53,-0.04,-0.25,-0.33,-1.59,-1.44,9.64,0.06,0.05,-0.2
18.13,-26.03,2.67,-1.08,9.52,-0.04,-0.26,-0.33,-1.8,-1.48,9.69,0.06,0.05,-0.18
18.15,-26.21,2.59,-1.1,9.55,-0.03,-0.27,-0.31,-1.87,-1.44,9.66,0.06,0.05,-0.16
18.16,-26.42,2.59,-1.14,9.55,-0.01,-0.27,-0.29,-1.88,-1.4,9.63,0.05,0.05,-0.13
18.17,-26.63,2.72,-1.16,9.47,0,-0.28,-0.26,-1.78,-1.41,9.63,0.04,0.05,-0.12
18.18,-26.91,2.96,-1.04,9.34,0.03,-0.31,-0.22,-1.48,-1.4,9.66,0.03,0.07,-0.11
18.2,-27.14,3.08,-0.89,9.21,0.06,-0.36,-0.21,-1.18,-1.28,9.67,0.03,0.08,-0.11
18.22,-27.37,3.05,-0.76,9.17,0.07,-0.4,-0.19,-1.16,-1.21,9.66,0.03,0.1,-0.12
18.23,-27.56,2.79,-0.8,9.27,0.08,-0.44,-0.19,-1.38,-1.13,9.6,0.02,0.11,-0.14
18.24,-27.78,2.55,-0.91,9.39,0.09,-0.48,-0.16,-1.82,-1.15,9.53,0.02,0.11,-0.14
18.25,-28.13,2.38,-1.03,9.56,0.12,-0.51,-0.09,-2.22,-1.33,9.54,0.02,0.11,-0.14
18.26,-28.43,2.43,-1,9.61,0.15,-0.52,0,-2.4,-1.48,9.57,0.02,0.1,-0.11
18.28,-28.85,2.55,-0.86,9.62,0.2,-0.53,0.1,-2.41,-1.5,9.58,0,0.09,-0.03
18.29,-29.4,2.75,-0.62,9.53,0.24,-0.55,0.23,-2.37,-1.35,9.56,-0.03,0.09,0.09
18.3,-29.88,2.97,-0.51,9.39,0.28,-0.56,0.33,-2.17,-1.13,9.56,-0.04,0.09,0.18
18.31,-30.33,3.08,-0.44,9.2,0.31,-0.59,0.4,-1.9,-1.06,9.6,-0.05,0.1,0.23
18.33,-30.62,3.1,-0.44,9.02,0.34,-0.63,0.42,-1.58,-0.94,9.61,-0.08,0.12,0.25
18.34,-31.1,3.24,-0.61,8.96,0.37,-0.68,0.45,-1.49,-0.9,9.54,-0.1,0.13,0.25
18.35,-31.96,3.81,-0.75,8.92,0.4,-0.73,0.46,-1.43,-1.28,9.67,-0.06,0.13,0.15
18.37,-32.96,4.21,-0.71,8.83,0.39,-0.77,0.42,-1.23,-1.64,9.72,-0.04,0.16,0.1
18.39,-33.72,4.4,-0.53,8.8,0.35,-0.79,0.34,-1.31,-1.56,9.65,-0.02,0.18,0.08
18.41,-34.58,4.38,-0.46,8.83,0.33,-0.79,0.29,-1.43,-1.42,9.59,-0.02,0.18,0.07
18.42,-34.9,4.3,-0.41,8.85,0.32,-0.79,0.27,-1.48,-1.4,9.56,-0.02,0.18,0.06
18.43,-35.68,4.13,-0.26,8.91,0.3,-0.79,0.21,-1.8,-1.22,9.41,-0.03,0.18,0.05
18.45,-35.81,4.11,-0.22,8.93,0.3,-0.79,0.21,-1.8,-1.22,9.41,-0.03,0.18,0.05
18.46,-36.57,4,0.04,8.91,0.26,-0.78,0.2,-2.15,-1.13,9.33,-0.03,0.16,0.05
18.47,-37.8,3.84,0.21,8.97,0.21,-0.84,0.18,-2.42,-1.05,9.36,-0.04,0.13,0.04
18.49,-38.58,3.86,0.2,9.38,0.17,-0.85,0.2,-2.37,-1,9.48,-0.05,0.13,0.07
18.51,-38.94,3.91,0.29,9.27,0.15,-0.85,0.24,-2.32,-0.89,9.41,-0.05,0.12,0.08
18.52,-39.55,3.91,0.3,9.06,0.12,-0.86,0.28,-2.24,-0.85,9.35,-0.08,0.1,0.07
18.53,-40.25,3.98,-0.08,8.86,0.14,-0.87,0.35,-2.29,-0.75,9.22,-0.12,0.08,0.07
18.54,-40.78,4.1,-0.12,8.71,0.17,-0.88,0.41,-2.32,-0.79,9.22,-0.14,0.07,0.08
18.55,-41.36,4.28,-0.25,8.53,0.18,-0.91,0.5,-2.25,-0.93,9.27,-0.15,0.05,0.1
18.57,-42.21,4.6,-0.28,8.29,0.19,-0.95,0.61,-1.93,-1.24,9.47,-0.19,0.06,0.14
18.58,-43.12,4.85,-0.39,7.91,0.13,-1,0.64,-1.77,-1.45,9.51,-0.19,0.08,0.15
18.6,-44.35,5.27,-0.86,7.84,0.08,-1.04,0.68,-1.67,-1.74,9.57,-0.21,0.1,0.14
18.62,-45.26,5.39,-1.06,7.78,0.07,-1.08,0.68,-1.7,-1.85,9.6,-0.21,0.12,0.13
18.64,-46.26,5.49,-1.2,7.66,0.07,-1.11,0.69,-1.89,-1.88,9.49,-0.2,0.12,0.12
18.65,-47.59,5.68,-1,7.5,0.05,-1.12,0.72,-2.04,-1.97,9.52,-0.2,0.12,0.12
18.67,-48.55,5.8,-0.84,7.4,0.01,-1.12,0.69,-2.17,-1.94,9.53,-0.21,0.11,0.15
18.68,-49.47,5.85,-0.97,7.38,-0.02,-1.13,0.63,-2.29,-1.86,9.44,-0.2,0.09,0.16
18.69,-50.24,5.97,-1.07,7.42,-0.02,-1.14,0.6,-2.45,-1.76,9.39,-0.2,0.08,0.17
18.7,-51.19,6.09,-1.02,7.48,-0.01,-1.15,0.57,-2.6,-1.68,9.44,-0.19,0.06,0.17
18.72,-52.36,6.18,-1,7.58,0.01,-1.17,0.49,-2.64,-1.75,9.62,-0.19,0.04,0.14
18.74,-54.96,6.17,-0.8,7.47,0.03,-1.21,0.34,-2.7,-1.77,9.44,-0.17,-0.01,0.06
18.76,-55.61,6.18,-0.85,7.4,0.01,-1.23,0.33,-2.72,-1.73,9.42,-0.17,-0.05,0.04
18.77,-56.41,6.22,-0.89,7.37,0.01,-1.25,0.32,-2.8,-1.63,9.49,-0.17,-0.09,0.03
18.78,-57.36,6.19,-0.72,7.27,0.03,-1.29,0.3,-2.87,-1.62,9.55,-0.18,-0.13,0.02
18.81,-58.29,6.21,-0.73,7.2,0.04,-1.32,0.28,-2.95,-1.59,9.48,-0.18,-0.16,0.03
18.82,-59.21,6.24,-0.87,7.05,0.09,-1.35,0.28,-3,-1.59,9.43,-0.18,-0.17,0.03
18.84,-59.83,6.25,-0.83,6.91,0.13,-1.37,0.3,-2.96,-1.56,9.38,-0.19,-0.23,0.05
18.85,-61.15,6.46,-0.83,6.66,0.17,-1.41,0.29,-2.88,-1.64,9.39,-0.2,-0.29,0.02
18.87,-62.77,6.91,-0.88,6.17,0.13,-1.47,0.28,-2.68,-1.95,9.33,-0.2,-0.34,-0.02
18.89,-63.77,7.32,-1.02,6.02,0.12,-1.48,0.24,-2.38,-2.02,9.34,-0.19,-0.37,-0.04
18.9,-64.66,7.63,-1.08,5.79,0.12,-1.49,0.2,-2.24,-2.03,9.42,-0.2,-0.39,-0.05
18.91,-65.65,7.94,-1.11,5.6,0.12,-1.48,0.13,-2.21,-2.05,9.45,-0.2,-0.39,-0.06
18.93,-66.5,8.11,-1.05,5.42,0.12,-1.47,0.01,-2.1,-2.09,9.54,-0.18,-0.42,-0.09
18.94,-67.66,8.34,-0.85,5.24,0.13,-1.45,-0.13,-1.96,-2.14,9.55,-0.15,-0.43,-0.13
18.96,-69.02,8.48,-0.84,5.02,0.14,-1.41,-0.33,-1.94,-2.06,9.42,-0.15,-0.43,-0.17
18.98,-70.11,8.5,-1.15,4.83,0.16,-1.39,-0.38,-2,-2.24,9.61,-0.15,-0.45,-0.21
18.99,-70.93,8.48,-1.21,4.68,0.17,-1.39,-0.37,-2,-2.35,9.64,-0.14,-0.46,-0.21
19,-71.23,8.46,-1.19,4.55,0.18,-1.4,-0.38,-1.97,-2.49,9.69,-0.13,-0.46,-0.21
19.02,-72.48,9.04,-0.98,4.64,0.15,-1.4,-0.36,-1.88,-2.62,9.78,-0.11,-0.46,-0.18
19.03,-73.16,9.71,-0.9,4.98,0.09,-1.3,-0.33,-1.98,-2.56,9.82,-0.07,-0.46,-0.14
19.04,-73.6,9.85,-0.92,4.99,0.06,-1.22,-0.31,-2.24,-2.5,9.82,-0.04,-0.46,-0.12
19.05,-74.46,9.62,-1.02,4.54,0.04,-1.09,-0.27,-2.44,-2.52,9.79,-0.03,-0.44,-0.07
19.07,-75.61,9.28,-0.92,3.67,0.03,-1.03,-0.14,-2.31,-2.83,9.81,-0.02,-0.4,0.07
19.09,-76.72,9.55,-1.24,3.77,0.02,-0.97,-0.02,-2.18,-2.99,9.66,0.01,-0.36,0.17
19.11,-77.54,9.67,-1.35,3.79,0.03,-0.9,0.07,-2.11,-3.01,9.5,0.02,-0.35,0.18
19.12,-78.36,9.46,-1.2,3.66,0.05,-0.78,0.15,-2,-2.97,9.25,0.03,-0.35,0.17
19.14,-78.78,9.22,-1.06,3.47,0.06,-0.67,0.23,-1.81,-2.8,8.97,0.02,-0.36,0.15
19.15,-78.98,8.99,-0.89,3.29,0.07,-0.57,0.29,-1.66,-2.77,8.9,0,-0.36,0.15
19.17,-79.18,8.84,-0.69,3.05,0.09,-0.48,0.3,-1.26,-2.65,8.9,-0.03,-0.36,0.21
19.17,-79.33,8.87,-0.49,2.71,0.11,-0.42,0.26,-0.81,-2.36,8.95,-0.06,-0.37,0.27
19.19,-78.97,8.96,-0.58,2.56,0.11,-0.39,0.21,0.1,-1.73,9.15,-0.12,-0.37,0.25
19.2,-78.1,9,-0.71,2.57,0.12,-0.39,0.2,0.38,-1.56,9.51,-0.12,-0.37,0.09
19.22,-77.32,9.17,-1.01,2.48,0.15,-0.42,0.18,0.17,-1.79,9.94,-0.1,-0.37,-0.14
19.25,-77.41,9.44,-1.02,2.26,0.19,-0.47,0.16,-0.19,-2.18,10.21,-0.09,-0.35,-0.15
19.26,-77.51,9.57,-0.98,2.21,0.19,-0.49,0.16,-0.28,-2.28,10.25,-0.08,-0.34,-0.13
19.28,-78.01,9.76,-0.99,2.19,0.19,-0.5,0.15,-0.36,-2.37,10.27,-0.07,-0.33,-0.11
19.29,-78.24,9.82,-1.1,2.2,0.17,-0.5,0.14,-0.5,-2.54,10.25,-0.03,-0.3,0
19.31,-78.38,9.74,-1.17,2.09,0.16,-0.49,0.14,-0.42,-2.65,10.07,0,-0.29,0.14
19.32,-78.7,9.62,-1.22,1.78,0.14,-0.48,0.14,-0.22,-2.67,9.96,0.02,-0.29,0.24
19.33,-78.79,9.57,-1.21,1.55,0.12,-0.46,0.14,0.45,-2.57,9.78,0.08,-0.3,0.37
19.35,-78.65,9.57,-1.21,1.4,0.1,-0.45,0.15,0.97,-2.38,9.75,0.11,-0.31,0.42
19.36,-78.36,9.55,-1.23,1.44,0.05,-0.4,0.13,1.52,-1.98,9.64,0.18,-0.31,0.43
19.37,-78.01,9.66,-1.3,1.27,0.06,-0.34,0.02,1.7,-1.75,9.57,0.26,-0.31,0.29
19.39,-77.8,9.74,-1.25,1.1,0.08,-0.31,-0.03,1.7,-1.67,9.55,0.32,-0.29,0.16
19.4,-77.6,9.94,-1.27,1.02,0.09,-0.26,-0.09,1.51,-1.55,9.54,0.34,-0.27,0.02
19.41,-77.34,9.98,-1.4,0.99,0.12,-0.22,-0.13,1.25,-1.54,9.6,0.35,-0.25,-0.04
19.43,-77.42,9.91,-1.33,1.01,0.16,-0.17,-0.17,0.96,-1.71,9.7,0.35,-0.23,-0.11
19.44,-77.34,9.87,-1.25,1.16,0.18,-0.14,-0.2,0.84,-1.91,9.77,0.36,-0.21,-0.13
19.45,-77.31,9.8,-1.28,1.35,0.18,-0.12,-0.23,0.81,-2.07,9.8,0.37,-0.21,-0.14
19.46,-77.17,9.51,-1.36,1.76,0.18,-0.1,-0.32,0.72,-2.26,9.74,0.4,-0.22,-0.14
19.48,-76.84,9.3,-1.4,1.94,0.17,-0.09,-0.35,0.54,-2.33,9.6,0.43,-0.24,-0.14
19.49,-76.62,9.13,-1.4,2.09,0.15,-0.07,-0.36,0.39,-2.4,9.52,0.46,-0.29,-0.18
19.51,-76.14,9.06,-1.23,2.26,0.1,-0.06,-0.3,0.18,-2.46,9.45,0.5,-0.33,-0.19
19.53,-75.93,9.06,-1.13,2.34,0.07,-0.05,-0.27,0,-2.41,9.44,0.51,-0.35,-0.18
19.54,-75.57,9.03,-0.89,2.52,0.02,-0.04,-0.25,-0.29,-2.27,9.43,0.53,-0.4,-0.13
19.55,-75.32,9.05,-0.71,2.6,-0.01,-0.05,-0.26,-0.45,-2.16,9.39,0.5,-0.43,-0.08
19.57,-75.13,9.08,-0.66,2.63,-0.02,-0.05,-0.26,-0.49,-2.12,9.36,0.47,-0.45,-0.04
19.58,-74.9,9.05,-0.65,2.62,-0.02,-0.05,-0.26,-0.5,-2.07,9.34,0.46,-0.47,0
19.59,-74.65,9.02,-0.64,2.6,-0.03,-0.05,-0.26,-0.4,-1.82,9.3,0.43,-0.5,0.1
19.61,-74.39,8.99,-0.58,2.57,-0.03,-0.05,-0.24,-0.22,-1.62,9.28,0.41,-0.52,0.13
19.62,-74.17,8.97,-0.49,2.53,-0.04,-0.05,-0.23,-0.12,-1.5,9.27,0.39,-0.53,0.14
19.63,-73.81,8.93,-0.3,2.45,-0.05,-0.05,-0.21,0.05,-1.36,9.27,0.37,-0.55,0.12
19.65,-73.29,8.89,-0.12,2.37,-0.07,-0.04,-0.2,0.33,-1.13,9.32,0.33,-0.55,0.09
19.66,-72.84,8.86,-0.05,2.29,-0.09,-0.04,-0.19,0.42,-1.01,9.32,0.3,-0.54,0.05
19.68,-72.45,8.83,-0.02,2.22,-0.1,-0.04,-0.17,0.46,-0.88,9.27,0.27,-0.54,0.02
19.69,-72.3,8.79,0.06,2.12,-0.12,-0.04,-0.13,0.47,-0.85,9.26,0.27,-0.53,0.01
19.7,-71.98,8.78,0.16,2.03,-0.15,-0.03,-0.08,0.56,-0.75,9.23,0.23,-0.51,-0.03
19.72,-71.68,8.83,0.2,2,-0.17,-0.03,-0.04,0.65,-0.7,9.26,0.2,-0.49,-0.05
19.73,-71.51,8.87,0.21,1.99,-0.18,-0.02,-0.01,0.72,-0.67,9.32,0.17,-0.47,-0.06
19.74,-71.19,9.06,0.19,1.98,-0.2,-0.02,0.05,0.8,-0.62,9.6,0.1,-0.43,-0.07
19.76,-70.96,9.2,0.15,2,-0.19,-0.02,0.1,0.76,-0.6,9.83,0.06,-0.38,-0.07
19.77,-70.89,9.36,0.03,2.03,-0.17,-0.02,0.16,0.7,-0.6,9.97,0.03,-0.33,-0.06
19.78,-70.88,9.42,-0.05,2.07,-0.15,-0.02,0.19,0.62,-0.65,10.05,-0.01,-0.28,-0.04
19.79,-70.9,9.47,-0.12,2.14,-0.12,-0.02,0.22,0.58,-0.71,10.07,-0.03,-0.23,-0.01
19.8,-71,9.46,-0.22,2.17,-0.07,-0.03,0.25,0.5,-0.8,10.05,-0.07,-0.16,0.06
19.82,-71.13,9.43,-0.27,2.22,-0.02,-0.02,0.27,0.46,-0.87,9.98,-0.09,-0.09,0.14
19.82,-71.24,9.45,-0.28,2.24,0,-0.02,0.27,0.47,-0.9,9.94,-0.09,-0.03,0.2
19.84,-71.37,9.34,-0.34,2.26,0.05,-0.02,0.28,0.56,-0.93,9.83,-0.11,0,0.22
19.85,-71.46,9.35,-0.32,2.29,0.08,-0.02,0.28,0.61,-0.94,9.77,-0.12,0.01,0.24
19.87,-71.52,9.29,-0.38,2.31,0.1,-0.03,0.27,0.81,-0.95,9.65,-0.13,0.02,0.27
19.89,-71.42,9.29,-0.56,2.26,0.11,-0.04,0.24,1.22,-0.93,9.57,-0.12,-0.01,0.2
19.91,-71.28,9.3,-0.76,2.21,0.1,-0.04,0.21,1.28,-0.98,9.59,-0.12,-0.02,0.11
19.92,-71.17,9.25,-0.9,2.18,0.09,-0.04,0.21,1.28,-1.09,9.62,-0.12,-0.03,0.05
19.93,-71.09,9.35,-0.89,2.16,0.09,-0.05,0.2,1.26,-1.31,9.67,-0.12,-0.03,0
19.94,-71.04,9.31,-1.03,2.17,0.07,-0.05,0.18,1.21,-1.5,9.74,-0.11,-0.03,-0.03
19.95,-71.01,9.34,-1.05,2.13,0.07,-0.05,0.17,1.18,-1.59,9.77,-0.11,-0.03,-0.03
19.97,-71,9.41,-1.11,2.1,0.04,-0.04,0.15,1.16,-1.72,9.78,-0.06,-0.02,0
19.98,-71,9.39,-1.09,2.04,0.03,-0.04,0.13,1.26,-1.67,9.77,-0.04,-0.02,0.03
